propriete_id,quartier,type_propriete,chambres,salles_bain,superficie_pi2,annee_construction,stationnement,balcon,prix
1,Ahuntsic,Condo,4,1,3356.0,2000.0,Non,Oui,792000.0
2,Plateau,Maison,1,1,2398.0,1963.0,Non,Oui,890000.0
3,Rosemont,Triplex,4,1,2264.0,2002.0,Non,Non,806000.0
4,Rosemont,Condo,2,1,3364.0,1998.0,Non,Oui,690000.0
5,Hochelaga,Duplex,1,2,1339.0,1998.0,Oui,Non,406000.0
6,Ahuntsic,Condo,2,1,1201.0,2001.0,Oui,Non,465000.0
7,Verdun,Condo,1,2,1863.0,1995.0,Oui,Non,449000.0
8,Villeray,Condo,2,1,1161.0,2019.0,Non,Non,348000.0
9,Westmount,Condo,3,1,722.0,2004.0,Oui,Non,680000.0
10,Rosemont,Condo,1,3,2776.0,2000.0,Oui,Non,682000.0
11,Centre-Ville,Maison,2,2,,1970.0,Oui,Non,1113000.0
12,Ahuntsic,Duplex,2,2,1808.0,1962.0,Oui,Oui,573000.0
13,Ahuntsic,Triplex,2,2,587.0,,Oui,Non,388000.0
14,Villeray,Condo,4,3,1642.0,1951.0,Oui,Non,472000.0
15,Hochelaga,Condo,4,1,2307.0,1976.0,Oui,Oui,539000.0
16,Outremont,Duplex,2,1,3092.0,1966.0,Non,Oui,1156000.0
17,Verdun,Maison,2,1,2052.0,1993.0,Non,Oui,693000.0
18,Hochelaga,Maison,5,1,724.0,1974.0,Non,Non,472000.0
19,Plateau,Duplex,2,1,878.0,1983.0,Oui,Non,568000.0
20,Westmount,Maison,1,2,2462.0,1988.0,Oui,Non,1249000.0
21,Verdun,Condo,2,2,1292.0,1962.0,Non,Oui,372000.0
22,Villeray,Duplex,4,2,782.0,1950.0,Non,Oui,413000.0
23,Westmount,Condo,2,1,2008.0,1959.0,Oui,Oui,888000.0
24,NDG,Maison,1,2,818.0,2013.0,Non,Oui,508000.0
25,Centre-Ville,Condo,2,3,2607.0,1982.0,Oui,Oui,910000.0
26,Outremont,Condo,3,1,3396.0,1967.0,Non,Oui,1098000.0
27,Verdun,Condo,2,2,1134.0,1999.0,Oui,Non,443000.0
28,Plateau,Triplex,2,2,2655.0,1987.0,Oui,Oui,923000.0
29,Westmount,Condo,4,2,1364.0,1980.0,Non,Oui,808000.0
30,Ahuntsic,Duplex,3,2,1426.0,2023.0,Non,Oui,599000.0
31,Ahuntsic,Condo,5,1,697.0,1991.0,Non,Non,470000.0
32,Plateau,Condo,4,2,848.0,1988.0,Oui,Non,510000.0
33,Plateau,Maison,3,1,1079.0,1957.0,Oui,Oui,729000.0
34,Hochelaga,Condo,2,1,2798.0,2022.0,Oui,Non,535000.0
35,Rosemont,Condo,2,2,1109.0,2011.0,Oui,Non,373000.0
36,Centre-Ville,Condo,2,3,681.0,1994.0,Oui,Non,519000.0
37,NDG,Triplex,1,2,709.0,2017.0,Oui,Non,414000.0
38,Hochelaga,Duplex,3,3,3361.0,2008.0,Non,Oui,716000.0
39,Verdun,Duplex,2,2,2921.0,1995.0,Non,Non,741000.0
40,Plateau,Maison,2,3,2697.0,2000.0,Non,Oui,1005000.0
41,Ahuntsic,Condo,3,2,1473.0,1963.0,Oui,Oui,462000.0
42,Verdun,Maison,5,1,3304.0,1986.0,Oui,Non,981000.0
43,NDG,Maison,1,2,862.0,1980.0,Oui,Oui,485000.0
44,Centre-Ville,Condo,2,2,1626.0,1981.0,Oui,Oui,652000.0
45,Westmount,Maison,1,1,716.0,1983.0,Non,Non,638000.0
46,Ahuntsic,Duplex,3,3,855.0,1984.0,Oui,Oui,495000.0
47,Plateau,Maison,3,2,3308.0,2004.0,Oui,Oui,1199000.0
48,Centre-Ville,Condo,3,2,1474.0,1958.0,Oui,Oui,699000.0
49,NDG,Maison,2,2,2508.0,2009.0,Oui,Oui,892000.0
50,Rosemont,Maison,3,3,2597.0,2019.0,Oui,Non,918000.0
51,NDG,Condo,3,2,1405.0,1969.0,Oui,Non,554000.0
52,Rosemont,Condo,5,2,1605.0,1973.0,Non,Oui,568000.0
53,Rosemont,Triplex,3,2,2364.0,1998.0,Oui,Oui,758000.0
54,Rosemont,Condo,4,1,1930.0,2000.0,Oui,Oui,615000.0
55,Outremont,Condo,4,2,1083.0,1971.0,Non,Oui,655000.0
56,Hochelaga,Duplex,3,1,505.0,1972.0,Oui,Oui,323000.0
57,Verdun,Condo,2,3,1032.0,1970.0,Oui,Oui,333000.0
58,Centre-Ville,Triplex,4,2,506.0,2004.0,Oui,Oui,689000.0
59,NDG,Maison,3,1,1805.0,1973.0,Oui,Oui,798000.0
60,Centre-Ville,Condo,3,1,2415.0,1983.0,Non,Oui,889000.0
61,Westmount,Condo,1,2,1521.0,1959.0,Oui,Non,745000.0
62,NDG,Condo,4,1,3166.0,1963.0,Non,Oui,847000.0
63,Rosemont,Condo,1,3,2095.0,1993.0,Non,Oui,524000.0
64,Plateau,Maison,2,2,2935.0,1988.0,Oui,Oui,1080000.0
65,Hochelaga,Condo,3,2,1093.0,1991.0,Non,Oui,336000.0
66,NDG,Duplex,1,1,3261.0,1995.0,Oui,Non,874000.0
67,Westmount,Duplex,3,1,1638.0,1982.0,Oui,Oui,987000.0
68,Hochelaga,Condo,1,1,3321.0,2018.0,Non,Non,583000.0
69,Plateau,Condo,1,1,954.0,1961.0,Oui,Oui,429000.0
70,Hochelaga,Maison,1,2,717.0,1965.0,Oui,Non,307000.0
71,Villeray,Condo,2,2,3028.0,2004.0,Non,Oui,647000.0
72,NDG,Triplex,3,2,920.0,2009.0,Oui,Non,561000.0
73,Hochelaga,Maison,1,2,1892.0,2014.0,Non,Non,584000.0
74,Ahuntsic,Maison,2,2,2089.0,1991.0,Non,Oui,758000.0
75,Hochelaga,Maison,2,1,619.0,2019.0,Oui,Oui,396000.0
76,Hochelaga,Duplex,4,2,1656.0,1954.0,Oui,Non,505000.0
77,Centre-Ville,Condo,2,3,3369.0,1990.0,Oui,Oui,1100000.0
78,Ahuntsic,Maison,3,2,1249.0,1958.0,Oui,Non,633000.0
79,Ahuntsic,Duplex,3,1,1613.0,2014.0,Non,Oui,574000.0
80,Plateau,Condo,1,2,2816.0,,Oui,Oui,792000.0
81,Plateau,Condo,1,1,1296.0,2016.0,Non,Non,579000.0
82,Hochelaga,Maison,4,2,1697.0,1979.0,Non,Non,623000.0
83,Rosemont,Condo,2,2,881.0,1990.0,Oui,Non,382000.0
84,Westmount,Maison,3,1,1595.0,2011.0,Oui,Oui,1220000.0
85,Villeray,Duplex,3,1,613.0,1966.0,Non,Non,299000.0
86,Verdun,Duplex,2,2,1038.0,2017.0,Oui,Oui,406000.0
87,Plateau,Maison,2,2,627.0,2006.0,Oui,Oui,521000.0
88,Ahuntsic,Condo,2,2,1958.0,1994.0,Oui,Non,501000.0
89,Plateau,Maison,4,1,2808.0,1977.0,Oui,Oui,1159000.0
90,Verdun,Maison,2,1,1461.0,1973.0,Oui,Oui,533000.0
91,Centre-Ville,Maison,2,1,1561.0,2006.0,Oui,Non,870000.0
92,Hochelaga,Condo,3,2,2126.0,1992.0,Oui,Non,441000.0
93,Verdun,Condo,2,1,3035.0,2013.0,Oui,Oui,675000.0
94,NDG,Maison,4,2,840.0,1982.0,Oui,Oui,611000.0
95,Outremont,Maison,4,2,2282.0,1977.0,Oui,Non,1281000.0
96,Outremont,Maison,4,2,1531.0,2015.0,Oui,Non,1071000.0
97,Outremont,Triplex,4,3,2587.0,1980.0,Oui,Non,1276000.0
98,Villeray,Duplex,2,1,2828.0,1963.0,Oui,Oui,668000.0
99,Villeray,Condo,3,2,2235.0,1968.0,Oui,Oui,586000.0
100,NDG,Condo,3,2,3464.0,1983.0,Oui,Non,875000.0
101,Verdun,Triplex,3,1,913.0,2001.0,Non,Oui,486000.0
102,Hochelaga,Condo,2,1,3040.0,1986.0,Oui,Oui,613000.0
103,Verdun,Triplex,1,1,1231.0,1958.0,Non,Non,425000.0
104,Westmount,Condo,4,1,2766.0,2008.0,Oui,Non,1213000.0
105,Rosemont,Condo,3,2,1788.0,2003.0,Oui,Oui,584000.0
106,Villeray,Condo,2,2,1709.0,1981.0,Oui,Non,410000.0
107,Westmount,Triplex,1,1,1563.0,1987.0,Oui,Non,924000.0
108,Verdun,Maison,2,2,2772.0,1987.0,Non,Oui,826000.0
109,Villeray,Maison,1,1,2795.0,,Non,Oui,771000.0
110,Rosemont,Maison,3,1,3232.0,1954.0,Oui,Non,956000.0
111,Rosemont,Maison,1,3,3329.0,1957.0,Oui,Oui,967000.0
112,Centre-Ville,Condo,3,2,2165.0,1967.0,Oui,Oui,783000.0
113,Ahuntsic,Maison,1,1,3031.0,,Oui,Oui,883000.0
114,Plateau,Condo,2,3,830.0,2023.0,Oui,Non,502000.0
115,Centre-Ville,Duplex,2,3,2758.0,1954.0,Oui,Oui,1011000.0
116,Westmount,Condo,2,2,1948.0,2015.0,Oui,Oui,904000.0
117,Plateau,Maison,4,1,2192.0,1950.0,Oui,Oui,1006000.0
118,Rosemont,Condo,3,3,557.0,1983.0,Oui,Non,358000.0
119,Westmount,Condo,3,2,1500.0,1983.0,Non,Oui,841000.0
120,Westmount,Condo,2,2,2352.0,1993.0,Oui,Oui,1100000.0
121,Hochelaga,Condo,3,1,2840.0,1959.0,Oui,Non,539000.0
122,Westmount,Duplex,2,2,3059.0,1990.0,Oui,Oui,1298000.0
123,Verdun,Condo,2,2,1707.0,1989.0,Oui,Oui,436000.0
124,Hochelaga,Maison,4,1,3018.0,1951.0,Oui,Non,843000.0
125,Verdun,Maison,2,2,1291.0,2016.0,Non,Oui,545000.0
126,Outremont,Condo,1,1,1075.0,1980.0,Oui,Oui,561000.0
127,Ahuntsic,Condo,1,1,1084.0,1980.0,Oui,Non,369000.0
128,Verdun,Maison,4,2,,2004.0,Oui,Oui,547000.0
129,Ahuntsic,Maison,3,3,2740.0,1971.0,Oui,Oui,908000.0
130,Hochelaga,Condo,3,2,907.0,1967.0,Oui,Oui,331000.0
131,Verdun,Triplex,2,2,2823.0,2012.0,Oui,Oui,796000.0
132,Plateau,Condo,2,2,823.0,,Oui,Non,491000.0
133,Villeray,Duplex,4,1,1472.0,,Oui,Oui,563000.0
134,NDG,Duplex,1,2,,1995.0,Non,Oui,452000.0
135,Rosemont,Duplex,4,1,3111.0,2009.0,Oui,Oui,903000.0
136,Verdun,Condo,2,2,1769.0,1981.0,Oui,Oui,457000.0
137,Ahuntsic,Maison,2,2,1153.0,1951.0,Non,Non,550000.0
138,Hochelaga,Condo,4,2,1075.0,1950.0,Oui,Oui,408000.0
139,Westmount,Maison,2,2,973.0,1982.0,Non,Oui,858000.0
140,Westmount,Condo,5,3,1805.0,1960.0,Non,Oui,962000.0
141,Outremont,Condo,3,1,3103.0,1978.0,Oui,Oui,1050000.0
142,Centre-Ville,Condo,3,3,3384.0,1960.0,Oui,Non,1040000.0
143,Villeray,Triplex,2,2,1272.0,1979.0,Oui,Oui,443000.0
144,Villeray,Condo,2,2,1797.0,1984.0,Oui,Non,462000.0
145,Plateau,Condo,1,2,3249.0,1976.0,Oui,Non,830000.0
146,Rosemont,Maison,3,1,1885.0,1967.0,Oui,Oui,784000.0
147,Villeray,Condo,1,1,1096.0,1977.0,Non,Oui,327000.0
148,Rosemont,Maison,2,2,880.0,2004.0,Non,Non,512000.0
149,Hochelaga,Duplex,4,2,2861.0,2002.0,Oui,Non,712000.0
150,Westmount,Condo,4,2,2137.0,1987.0,Oui,Non,998000.0
151,Rosemont,Condo,2,2,2417.0,1972.0,Non,Oui,617000.0
152,Centre-Ville,Condo,2,2,1828.0,1953.0,Oui,Oui,657000.0
153,Rosemont,Maison,3,2,1181.0,1995.0,Oui,Oui,602000.0
154,NDG,Triplex,1,2,2339.0,1978.0,Oui,Non,730000.0
155,Ahuntsic,Condo,1,2,2961.0,,Oui,Oui,654000.0
156,Outremont,Maison,1,3,3401.0,1993.0,Oui,Oui,1418000.0
157,NDG,Condo,4,1,2821.0,1994.0,Oui,Oui,824000.0
158,Rosemont,Condo,3,1,2662.0,2010.0,Oui,Non,684000.0
159,Hochelaga,Maison,2,2,971.0,2021.0,Oui,Oui,432000.0
160,Outremont,Maison,3,2,2383.0,2021.0,Non,Non,1195000.0
161,Centre-Ville,Maison,4,1,1340.0,2021.0,Oui,Non,982000.0
162,Centre-Ville,Duplex,4,2,1484.0,1979.0,Oui,Oui,846000.0
163,Villeray,Condo,2,1,942.0,1951.0,Non,Oui,337000.0
164,Villeray,Duplex,2,2,3203.0,2001.0,Oui,Oui,670000.0
165,Villeray,Duplex,2,1,942.0,1987.0,Oui,Non,383000.0
166,Hochelaga,Maison,2,3,510.0,2011.0,Oui,Oui,363000.0
167,Villeray,Condo,2,2,2468.0,2019.0,Oui,Non,563000.0
168,Centre-Ville,Maison,2,2,2738.0,2017.0,Non,Oui,1258000.0
169,Plateau,Maison,4,2,1020.0,1975.0,Oui,Non,743000.0
170,Villeray,Duplex,1,2,2095.0,1983.0,Oui,Non,563000.0
171,Rosemont,Duplex,3,1,1084.0,1980.0,Oui,Oui,533000.0
172,Ahuntsic,Condo,2,3,2083.0,1960.0,Oui,Non,538000.0
173,Verdun,Maison,4,2,3250.0,1952.0,Oui,Non,934000.0
174,Centre-Ville,Duplex,4,2,1556.0,1952.0,Non,Non,779000.0
175,Plateau,Maison,1,2,868.0,2001.0,Oui,Oui,566000.0
176,Plateau,Maison,2,1,1014.0,1950.0,Non,Oui,583000.0
177,Verdun,Triplex,2,1,2147.0,1995.0,Oui,Oui,677000.0
178,Verdun,Duplex,1,1,2669.0,1955.0,Oui,Non,628000.0
179,Villeray,Condo,4,1,1287.0,2005.0,Oui,Oui,413000.0
180,Verdun,Maison,2,2,523.0,1975.0,Oui,Non,389000.0
181,Ahuntsic,Maison,1,2,3408.0,2010.0,Non,Oui,1018000.0
182,Hochelaga,Maison,4,1,2921.0,2019.0,Oui,Oui,867000.0
183,Hochelaga,Condo,2,2,2675.0,1987.0,Oui,Oui,544000.0
184,Westmount,Triplex,3,2,604.0,1996.0,Oui,Oui,821000.0
185,Westmount,Triplex,3,1,3014.0,1971.0,Non,Oui,1424000.0
186,Westmount,Condo,5,2,2735.0,1952.0,Non,Oui,1182000.0
187,Verdun,Triplex,4,1,3285.0,2005.0,Oui,Oui,849000.0
188,Centre-Ville,Maison,2,2,2206.0,1975.0,Oui,Oui,1064000.0
189,Ahuntsic,Maison,3,1,1982.0,2015.0,Oui,Non,845000.0
190,Hochelaga,Condo,1,2,1969.0,1971.0,Oui,Oui,424000.0
191,Verdun,Condo,3,2,1379.0,2006.0,Oui,Non,459000.0
192,Rosemont,Condo,4,2,2416.0,1977.0,Oui,Oui,672000.0
193,Ahuntsic,Duplex,1,1,1738.0,1964.0,Oui,Oui,548000.0
194,Westmount,Maison,1,2,3355.0,,Oui,Oui,1613000.0
195,Centre-Ville,Triplex,1,1,3204.0,1970.0,Non,Oui,1198000.0
196,Villeray,Maison,3,1,2272.0,1974.0,Non,Oui,772000.0
197,Villeray,Condo,2,3,1174.0,1961.0,Non,Non,385000.0
198,Plateau,Condo,1,2,2919.0,2023.0,Oui,Non,834000.0
199,Verdun,Condo,2,2,,1995.0,Oui,Oui,320000.0
200,Plateau,Maison,4,3,526.0,1965.0,Non,Oui,572000.0
201,Hochelaga,Maison,2,3,766.0,2012.0,Non,Oui,420000.0
202,Centre-Ville,Condo,2,1,2477.0,1988.0,Oui,Oui,898000.0
203,Villeray,Condo,2,2,1075.0,1977.0,Oui,Non,363000.0
204,Verdun,Triplex,2,2,2525.0,2006.0,Oui,Non,700000.0
205,Outremont,Condo,3,1,1209.0,2009.0,Oui,Oui,707000.0
206,Westmount,Condo,2,2,2178.0,1951.0,Oui,Oui,872000.0
207,NDG,Condo,1,1,2612.0,2011.0,Oui,Non,650000.0
208,Villeray,Maison,3,1,2786.0,2002.0,Oui,Oui,849000.0
209,Villeray,Triplex,3,3,2831.0,1951.0,Non,Oui,792000.0
210,Ahuntsic,Triplex,2,1,2791.0,2023.0,Non,Oui,845000.0
211,Centre-Ville,Condo,2,2,3287.0,2022.0,Oui,Non,1004000.0
212,Plateau,Duplex,2,2,2017.0,1973.0,Oui,Oui,741000.0
213,Ahuntsic,Triplex,4,2,1488.0,1959.0,Oui,Oui,651000.0
214,Verdun,Duplex,1,2,1137.0,1973.0,Non,Non,360000.0
215,Verdun,Maison,4,1,3252.0,1964.0,Oui,Oui,945000.0
216,Hochelaga,Condo,1,2,1391.0,1954.0,Oui,Oui,418000.0
217,Verdun,Triplex,5,1,876.0,1989.0,Non,Oui,468000.0
218,NDG,Maison,3,3,2858.0,1991.0,Non,Oui,1009000.0
219,Centre-Ville,Condo,2,1,1987.0,1998.0,Non,Oui,774000.0
220,NDG,Condo,3,1,1379.0,1964.0,Oui,Oui,505000.0
221,Rosemont,Maison,1,1,1420.0,2014.0,Oui,Non,582000.0
222,Ahuntsic,Maison,4,3,2190.0,1991.0,Oui,Oui,832000.0
223,Ahuntsic,Condo,4,2,3047.0,1951.0,Non,Oui,751000.0
224,Centre-Ville,Maison,1,2,3456.0,1986.0,Oui,Oui,1369000.0
225,Rosemont,Maison,2,2,2025.0,1973.0,Non,Oui,691000.0
226,Ahuntsic,Maison,2,2,1371.0,1961.0,Non,Oui,630000.0
227,Centre-Ville,Duplex,3,1,3080.0,1985.0,Oui,Oui,1107000.0
228,Hochelaga,Condo,3,1,3066.0,,Non,Oui,603000.0
229,Villeray,Condo,3,1,3448.0,1993.0,Non,Non,674000.0
230,NDG,Condo,4,2,711.0,1963.0,Oui,Oui,471000.0
231,Verdun,Maison,3,3,1722.0,1978.0,Oui,Non,664000.0
232,Villeray,Condo,2,2,2805.0,2015.0,Non,Non,587000.0
233,Verdun,Maison,3,3,516.0,1984.0,Oui,Oui,458000.0
234,Verdun,Maison,2,3,2972.0,2012.0,Oui,Oui,880000.0
235,Centre-Ville,Condo,2,2,1014.0,1981.0,Non,Non,520000.0
236,Outremont,Condo,4,1,3027.0,2003.0,Oui,Oui,1160000.0
237,Centre-Ville,Condo,3,2,1165.0,1991.0,Non,Oui,592000.0
238,Westmount,Maison,2,2,3388.0,2009.0,Non,Non,1680000.0
239,Westmount,Maison,1,1,773.0,1997.0,Oui,Non,767000.0
240,Plateau,Condo,1,1,986.0,1963.0,Oui,Non,386000.0
241,NDG,Duplex,4,2,647.0,1950.0,Non,Non,473000.0
242,Ahuntsic,Condo,4,3,1743.0,1983.0,Oui,Non,564000.0
243,Westmount,Condo,2,2,1905.0,2009.0,Oui,Non,879000.0
244,Outremont,Maison,1,3,805.0,1950.0,Oui,Non,654000.0
245,Rosemont,Condo,2,1,1932.0,1954.0,Non,Oui,551000.0
246,Westmount,Triplex,2,1,1345.0,1963.0,Oui,Oui,833000.0
247,Westmount,Triplex,1,1,2836.0,1951.0,Non,Oui,1244000.0
248,Rosemont,Condo,2,1,1446.0,1971.0,Oui,Oui,467000.0
249,Rosemont,Condo,3,1,651.0,2010.0,Non,Non,361000.0
250,Outremont,Duplex,3,2,667.0,1979.0,Oui,Oui,634000.0
251,Outremont,Maison,3,3,2295.0,1960.0,Non,Oui,1207000.0
252,Ahuntsic,Duplex,2,1,1513.0,1964.0,Oui,Oui,491000.0
253,Hochelaga,Maison,2,2,1452.0,1986.0,Oui,Oui,500000.0
254,Rosemont,Condo,3,1,864.0,1966.0,Oui,Non,380000.0
255,Centre-Ville,Duplex,1,1,3166.0,1985.0,Oui,Oui,1083000.0
256,Westmount,Condo,3,2,2246.0,2001.0,Non,Oui,996000.0
257,Centre-Ville,Condo,4,2,1482.0,2014.0,Oui,Oui,782000.0
258,Ahuntsic,Duplex,3,1,761.0,2009.0,Oui,Oui,491000.0
259,Hochelaga,Triplex,3,1,809.0,1950.0,Non,Oui,374000.0
260,Villeray,Maison,4,2,836.0,1958.0,Non,Oui,512000.0
261,Plateau,Maison,1,2,3202.0,1968.0,Oui,Oui,1099000.0
262,Plateau,Maison,3,1,1294.0,1983.0,Oui,Oui,823000.0
263,Hochelaga,Maison,3,1,2363.0,1958.0,Oui,Oui,659000.0
264,NDG,Maison,2,2,2913.0,1983.0,Oui,Non,951000.0
265,Plateau,Maison,5,3,2770.0,1991.0,Oui,Oui,1129000.0
266,Ahuntsic,Condo,1,1,2675.0,1962.0,Oui,Oui,625000.0
267,Verdun,Condo,2,1,2970.0,2008.0,Oui,Oui,657000.0
268,NDG,Condo,4,1,1181.0,1982.0,Non,Oui,491000.0
269,NDG,Condo,2,2,2731.0,2007.0,Oui,Non,707000.0
270,Ahuntsic,Maison,2,2,3332.0,1973.0,Oui,Oui,1032000.0
271,Outremont,Condo,3,2,867.0,2013.0,Oui,Oui,658000.0
272,Rosemont,Condo,2,1,1034.0,1984.0,Oui,Non,399000.0
273,Westmount,Duplex,2,2,2808.0,1964.0,Oui,Oui,1204000.0
274,Westmount,Condo,1,2,,1970.0,Oui,Oui,1171000.0
275,Rosemont,Duplex,3,2,1453.0,2011.0,Non,Oui,573000.0
276,Centre-Ville,Duplex,3,3,1450.0,,Oui,Non,780000.0
277,Ahuntsic,Condo,4,3,618.0,2016.0,Non,Non,428000.0
278,Centre-Ville,Maison,4,3,3237.0,2014.0,Oui,Non,1488000.0
279,Outremont,Maison,4,2,1615.0,1995.0,Oui,Oui,1076000.0
280,Plateau,Condo,2,1,2436.0,1956.0,Oui,Non,713000.0
281,NDG,Condo,2,3,2648.0,1996.0,Non,Oui,720000.0
282,NDG,Maison,4,2,656.0,1992.0,Oui,Oui,599000.0
283,Westmount,Maison,1,2,2127.0,1967.0,Oui,Non,1156000.0
284,Verdun,Maison,1,2,780.0,1955.0,Oui,Non,373000.0
285,NDG,Maison,3,2,899.0,1996.0,Non,Non,566000.0
286,Ahuntsic,Maison,2,1,1334.0,1990.0,Oui,Non,567000.0
287,NDG,Duplex,2,3,3376.0,2015.0,Oui,Non,898000.0
288,Rosemont,Maison,2,1,3089.0,1950.0,Oui,Oui,927000.0
289,Plateau,Condo,2,1,800.0,1997.0,Non,Oui,422000.0
290,Plateau,Duplex,2,1,2712.0,1951.0,Oui,Non,865000.0
291,Rosemont,Duplex,2,1,2729.0,2020.0,Non,Non,712000.0
292,Verdun,Condo,3,3,2612.0,1978.0,Oui,Non,602000.0
293,Plateau,Condo,5,2,2690.0,2014.0,Oui,Oui,911000.0
294,Hochelaga,Duplex,3,2,1740.0,1976.0,Non,Non,449000.0
295,Ahuntsic,Condo,3,3,1462.0,1976.0,Oui,Non,484000.0
296,Verdun,Maison,4,1,3234.0,1951.0,Oui,Oui,871000.0
297,Outremont,Maison,1,1,2038.0,1997.0,Oui,Non,1064000.0
298,NDG,Maison,2,1,2738.0,1966.0,Oui,Non,955000.0
299,NDG,Condo,2,2,1009.0,1988.0,Non,Oui,520000.0
300,Westmount,Condo,1,2,2601.0,1988.0,Oui,Oui,1012000.0
301,Ahuntsic,Triplex,2,2,1042.0,1957.0,Oui,Oui,513000.0
302,Westmount,Duplex,2,1,1956.0,1995.0,Oui,Oui,1044000.0
303,Plateau,Condo,4,2,3324.0,1952.0,Non,Non,921000.0
304,Centre-Ville,Triplex,2,1,654.0,2014.0,Non,Non,538000.0
305,Outremont,Condo,2,2,1221.0,1978.0,Oui,Oui,705000.0
306,Ahuntsic,Condo,1,2,2467.0,1980.0,Oui,Non,581000.0
307,Ahuntsic,Maison,3,1,2834.0,2020.0,Oui,Oui,964000.0
308,Rosemont,Maison,3,2,2355.0,2000.0,Oui,Non,858000.0
309,NDG,Maison,5,1,1367.0,2007.0,Oui,Oui,873000.0
310,Verdun,Duplex,2,2,692.0,1970.0,Oui,Oui,387000.0
311,Ahuntsic,Triplex,5,1,3302.0,1975.0,Oui,Non,1038000.0
312,Outremont,Maison,3,3,2721.0,2012.0,Oui,Oui,1370000.0
313,Westmount,Maison,1,2,1693.0,2010.0,Non,Oui,1097000.0
314,Ahuntsic,Maison,1,1,1593.0,2009.0,Oui,Oui,635000.0
315,Westmount,Maison,1,1,3247.0,1999.0,Oui,Oui,1535000.0
316,Centre-Ville,Maison,1,2,1038.0,1951.0,Non,Oui,645000.0
317,Rosemont,Maison,3,1,984.0,2018.0,Non,Non,573000.0
318,Hochelaga,Triplex,5,1,2616.0,1955.0,Non,Oui,681000.0
319,Hochelaga,Maison,1,1,951.0,1977.0,Oui,Non,375000.0
320,Outremont,Duplex,2,2,1602.0,2011.0,Oui,Oui,809000.0
321,Outremont,Triplex,5,1,961.0,1968.0,Oui,Oui,902000.0
322,Verdun,Condo,2,2,2853.0,1997.0,Non,Oui,603000.0
323,Plateau,Condo,4,3,2839.0,2010.0,Non,Oui,895000.0
324,Centre-Ville,Maison,2,1,2013.0,1977.0,Oui,Non,1019000.0
325,Westmount,Condo,5,1,994.0,1963.0,Oui,Oui,827000.0
326,NDG,Maison,2,2,2148.0,2019.0,Oui,Oui,891000.0
327,Villeray,Condo,3,1,2054.0,1951.0,Non,Oui,524000.0
328,Verdun,Triplex,4,1,1364.0,2020.0,Oui,Non,520000.0
329,Ahuntsic,Condo,2,1,2084.0,1983.0,Non,Oui,503000.0
330,Outremont,Triplex,2,2,1716.0,1959.0,Oui,Non,854000.0
331,Villeray,Triplex,2,2,,2007.0,Oui,Oui,379000.0
332,Hochelaga,Condo,2,3,701.0,1985.0,Non,Oui,268000.0
333,Westmount,Maison,4,1,2816.0,2014.0,Oui,Oui,1651000.0
334,Outremont,Duplex,2,1,1077.0,1981.0,Oui,Oui,684000.0
335,Plateau,Condo,3,1,3489.0,1976.0,Oui,Oui,908000.0
336,NDG,Maison,2,3,1897.0,1983.0,Oui,Non,802000.0
337,Centre-Ville,Maison,2,1,1382.0,1962.0,Oui,Oui,840000.0
338,Rosemont,Maison,2,2,1542.0,1960.0,Oui,Oui,631000.0
339,Westmount,Maison,2,1,2672.0,2014.0,Non,Oui,1439000.0
340,Villeray,Maison,2,1,954.0,1958.0,Oui,Oui,509000.0
341,Outremont,Condo,3,3,562.0,1983.0,Oui,Oui,549000.0
342,Plateau,Maison,1,3,1612.0,2020.0,Non,Oui,766000.0
343,Verdun,Maison,3,3,810.0,2018.0,Oui,Non,468000.0
344,Outremont,Condo,5,1,3127.0,1970.0,Non,Oui,1151000.0
345,Hochelaga,Condo,2,2,897.0,2000.0,Oui,Oui,316000.0
346,Rosemont,Maison,2,2,3081.0,2002.0,Oui,Non,942000.0
347,Verdun,Duplex,1,3,1533.0,1951.0,Oui,Oui,443000.0
348,NDG,Maison,2,1,1679.0,2002.0,Non,Oui,744000.0
349,Ahuntsic,Condo,3,1,1533.0,1977.0,Non,Oui,508000.0
350,Hochelaga,Condo,4,3,3296.0,1954.0,Oui,Non,653000.0
351,Plateau,Duplex,1,3,816.0,1960.0,Non,Non,344000.0
352,Hochelaga,Condo,3,2,1307.0,1957.0,Oui,Non,389000.0
353,Westmount,Condo,1,3,1109.0,,Oui,Oui,650000.0
354,Hochelaga,Condo,3,1,2938.0,2016.0,Oui,Non,566000.0
355,Ahuntsic,Maison,2,2,2872.0,1956.0,Oui,Oui,918000.0
356,Ahuntsic,Duplex,1,2,3464.0,2020.0,Oui,Non,870000.0
357,Verdun,Condo,5,3,1914.0,1986.0,Oui,Oui,584000.0
358,Verdun,Triplex,2,1,1839.0,1985.0,Oui,Non,578000.0
359,Outremont,Condo,2,2,2932.0,2003.0,Oui,Non,1014000.0
360,NDG,Condo,3,3,2739.0,2015.0,Non,Oui,733000.0
361,Rosemont,Maison,3,3,2964.0,1951.0,Oui,Non,929000.0
362,Plateau,Condo,1,3,2060.0,1985.0,Oui,Non,635000.0
363,Ahuntsic,Condo,2,2,1383.0,2004.0,Oui,Oui,520000.0
364,Westmount,Maison,3,2,1419.0,1978.0,Non,Non,1061000.0
365,Centre-Ville,Condo,4,2,3165.0,1973.0,Oui,Oui,1016000.0
366,Plateau,Maison,3,1,1915.0,1976.0,Non,Non,833000.0
367,Ahuntsic,Maison,2,2,3345.0,1975.0,Oui,Non,976000.0
368,Centre-Ville,Condo,1,1,2300.0,2020.0,Oui,Oui,821000.0
369,Hochelaga,Duplex,3,3,1739.0,2011.0,Oui,Non,505000.0
370,Centre-Ville,Condo,4,2,1524.0,1950.0,Oui,Oui,810000.0
371,Centre-Ville,Triplex,2,2,3463.0,1958.0,Oui,Non,1276000.0
372,Ahuntsic,Duplex,2,2,785.0,2012.0,Oui,Oui,450000.0
373,Verdun,Condo,3,1,1583.0,2000.0,Oui,Oui,504000.0
374,Plateau,Condo,3,1,1139.0,1962.0,Non,Non,509000.0
375,NDG,Condo,1,2,2526.0,1982.0,Oui,Non,686000.0
376,Villeray,Duplex,3,1,1890.0,2004.0,Non,Oui,567000.0
377,Plateau,Maison,3,3,1900.0,1965.0,Oui,Oui,856000.0
378,Ahuntsic,Condo,5,2,609.0,2010.0,Oui,Oui,468000.0
379,Hochelaga,Condo,4,3,1239.0,1990.0,Oui,Non,440000.0
380,Westmount,Condo,1,2,939.0,2021.0,Oui,Oui,644000.0
381,Westmount,Condo,1,1,1985.0,2017.0,Non,Oui,855000.0
382,Hochelaga,Maison,2,1,1255.0,1996.0,Oui,Oui,573000.0
383,Westmount,Triplex,2,1,2521.0,1956.0,Non,Oui,1179000.0
384,Westmount,Maison,1,1,2489.0,2018.0,Oui,Oui,1351000.0
385,Ahuntsic,Duplex,3,1,963.0,2011.0,Oui,Non,508000.0
386,Plateau,Condo,2,2,3403.0,1992.0,Non,Non,880000.0
387,Plateau,Condo,4,1,1398.0,1991.0,Non,Non,603000.0
388,Ahuntsic,Condo,2,2,3059.0,1967.0,Oui,Oui,700000.0
389,NDG,Condo,3,1,2370.0,2001.0,Oui,Oui,730000.0
390,Verdun,Condo,2,2,798.0,,Oui,Oui,366000.0
391,NDG,Maison,2,1,2004.0,,Oui,Non,826000.0
392,Outremont,Duplex,3,2,844.0,1972.0,Oui,Oui,645000.0
393,Rosemont,Condo,2,1,923.0,1977.0,Non,Oui,396000.0
394,Outremont,Maison,3,2,1593.0,1975.0,Oui,Oui,967000.0
395,Outremont,Condo,3,1,1550.0,1953.0,Oui,Oui,755000.0
396,Westmount,Duplex,3,1,592.0,1979.0,Non,Oui,738000.0
397,Plateau,Condo,2,3,2731.0,2002.0,Oui,Oui,814000.0
398,Westmount,Condo,3,2,,1965.0,Non,Oui,731000.0
399,Verdun,Maison,3,1,2324.0,1967.0,Oui,Oui,781000.0
400,Verdun,Condo,4,1,548.0,1962.0,Non,Oui,345000.0
401,Plateau,Duplex,1,2,1975.0,2008.0,Non,Oui,737000.0
402,Outremont,Maison,4,1,2320.0,1966.0,Non,Non,1264000.0
403,Plateau,Condo,1,2,3248.0,2009.0,Oui,Oui,854000.0
404,Ahuntsic,Condo,3,3,3130.0,2001.0,Oui,Oui,737000.0
405,Ahuntsic,Condo,3,2,1853.0,2014.0,Oui,Oui,589000.0
406,Hochelaga,Maison,4,2,1011.0,1988.0,Oui,Oui,523000.0
407,Hochelaga,Duplex,1,1,1321.0,1988.0,Oui,Oui,404000.0
408,Villeray,Maison,4,3,2324.0,2000.0,Oui,Oui,851000.0
409,Centre-Ville,Condo,2,1,893.0,1982.0,Oui,Oui,592000.0
410,Rosemont,Condo,2,1,1649.0,1961.0,Oui,Oui,485000.0
411,Westmount,Maison,4,2,3047.0,1959.0,Oui,Non,1599000.0
412,Plateau,Condo,3,1,2046.0,1965.0,Oui,Non,651000.0
413,Plateau,Maison,2,1,662.0,2009.0,Oui,Non,552000.0
414,Verdun,Condo,3,2,985.0,1963.0,Non,Non,399000.0
415,Outremont,Duplex,1,1,2479.0,,Oui,Oui,900000.0
416,Outremont,Maison,3,1,2410.0,1969.0,Non,Non,1203000.0
417,Centre-Ville,Maison,1,3,2062.0,2019.0,Oui,Oui,975000.0
418,Hochelaga,Maison,1,2,1281.0,1979.0,Oui,Non,442000.0
419,NDG,Duplex,5,2,2230.0,1986.0,Oui,Non,802000.0
420,Ahuntsic,Maison,2,1,2988.0,1966.0,Oui,Oui,877000.0
421,Hochelaga,Maison,1,2,3303.0,2011.0,Oui,Non,811000.0
422,Rosemont,Duplex,4,2,3208.0,1980.0,Oui,Non,845000.0
423,NDG,Duplex,1,3,2091.0,1955.0,Non,Non,619000.0
424,Centre-Ville,Maison,1,1,1948.0,1993.0,Oui,Non,995000.0
425,Rosemont,Maison,2,2,2926.0,1975.0,Oui,Non,881000.0
426,NDG,Maison,2,2,3282.0,2017.0,Non,Non,1096000.0
427,Ahuntsic,Maison,1,3,998.0,2022.0,Oui,Oui,511000.0
428,Outremont,Triplex,2,2,588.0,,Oui,Non,584000.0
429,Ahuntsic,Maison,1,1,3470.0,2006.0,Oui,Oui,1060000.0
430,Verdun,Triplex,2,2,2293.0,1975.0,Oui,Non,659000.0
431,Westmount,Duplex,4,3,2717.0,1976.0,Oui,Oui,1323000.0
432,Villeray,Condo,2,2,2382.0,2022.0,Oui,Oui,535000.0
433,Ahuntsic,Maison,3,2,552.0,1992.0,Non,Oui,463000.0
434,Hochelaga,Maison,1,2,1188.0,1976.0,Oui,Oui,428000.0
435,Ahuntsic,Maison,1,1,3263.0,,Non,Oui,915000.0
436,Centre-Ville,Maison,2,2,1261.0,2003.0,Oui,Oui,860000.0
437,Plateau,Condo,3,1,,1992.0,Oui,Non,826000.0
438,Plateau,Condo,2,2,1921.0,1958.0,Oui,Non,607000.0
439,Villeray,Maison,1,3,2110.0,1955.0,Non,Oui,603000.0
440,NDG,Maison,2,2,612.0,1977.0,Oui,Oui,497000.0
441,Villeray,Condo,3,2,1884.0,1956.0,Oui,Non,493000.0
442,Hochelaga,Condo,3,2,2391.0,1998.0,Non,Oui,509000.0
443,NDG,Triplex,1,2,2660.0,1976.0,Oui,Oui,825000.0
444,NDG,Condo,1,2,2771.0,1965.0,Non,Non,700000.0
445,NDG,Maison,1,2,1126.0,1967.0,Oui,Oui,553000.0
446,Verdun,Duplex,4,3,2779.0,1950.0,Oui,Oui,699000.0
447,Centre-Ville,Maison,2,1,2528.0,1993.0,Oui,Oui,1178000.0
448,NDG,Maison,1,3,1354.0,2022.0,Non,Non,600000.0
449,Centre-Ville,Maison,3,1,3081.0,1967.0,Non,Oui,1314000.0
450,Hochelaga,Maison,3,1,1952.0,1965.0,Non,Oui,570000.0
451,Outremont,Maison,2,1,,1969.0,Oui,Oui,1105000.0
452,Rosemont,Condo,1,2,2082.0,1981.0,Non,Oui,517000.0
453,Outremont,Triplex,5,3,895.0,1983.0,Oui,Oui,833000.0
454,Outremont,Condo,2,3,3159.0,1983.0,Oui,Non,1032000.0
455,Outremont,Maison,1,2,1143.0,1950.0,Oui,Oui,738000.0
456,Rosemont,Condo,5,1,2952.0,1950.0,Oui,Non,819000.0
457,Villeray,Duplex,2,2,2393.0,,Non,Non,574000.0
458,Verdun,Duplex,3,1,1350.0,2009.0,Oui,Non,556000.0
459,Plateau,Maison,2,2,1951.0,1977.0,Non,Oui,850000.0
460,Outremont,Duplex,3,3,1249.0,1957.0,Oui,Non,699000.0
461,Verdun,Condo,1,1,2633.0,2016.0,Oui,Oui,588000.0
462,NDG,Condo,3,1,920.0,1952.0,Oui,Non,448000.0
463,Outremont,Triplex,2,2,3225.0,1951.0,Non,Oui,1296000.0
464,Westmount,Condo,1,1,2179.0,1982.0,Oui,Oui,900000.0
465,Verdun,Duplex,3,2,713.0,2008.0,Oui,Oui,446000.0
466,NDG,Duplex,4,3,2772.0,2008.0,Oui,Non,920000.0
467,Plateau,Maison,2,2,626.0,,Non,Oui,510000.0
468,Villeray,Condo,3,1,1345.0,1996.0,Non,Non,397000.0
469,Rosemont,Condo,1,2,765.0,2020.0,Oui,Oui,313000.0
470,Centre-Ville,Condo,5,3,3141.0,1983.0,Oui,Oui,1142000.0
471,Hochelaga,Duplex,3,3,1859.0,1956.0,Non,Oui,451000.0
472,Westmount,Maison,3,3,1485.0,2009.0,Oui,Oui,1180000.0
473,Plateau,Triplex,2,1,1429.0,1998.0,Oui,Non,722000.0
474,Outremont,Maison,3,3,3485.0,1996.0,Oui,Oui,1647000.0
475,Ahuntsic,Condo,3,3,920.0,1996.0,Oui,Non,444000.0
476,Ahuntsic,Condo,1,1,2198.0,1977.0,Oui,Oui,579000.0
477,Centre-Ville,Maison,3,1,1620.0,2006.0,Oui,Oui,987000.0
478,Villeray,Maison,4,3,3355.0,1973.0,Oui,Oui,943000.0
479,Plateau,Condo,2,1,3240.0,1967.0,Oui,Non,822000.0
480,Rosemont,Condo,3,2,825.0,1970.0,Non,Non,367000.0
481,Rosemont,Triplex,1,1,2372.0,1954.0,Non,Non,684000.0
482,Verdun,Duplex,4,2,1627.0,,Non,Non,521000.0
483,Plateau,Condo,1,2,664.0,1982.0,Oui,Oui,374000.0
484,NDG,Maison,1,1,2942.0,2002.0,Non,Oui,1017000.0
485,Rosemont,Maison,2,1,1956.0,1995.0,Oui,Oui,723000.0
486,Outremont,Maison,3,1,1948.0,2018.0,Oui,Oui,1125000.0
487,Verdun,Condo,2,3,1795.0,1999.0,Oui,Oui,517000.0
488,NDG,Maison,2,1,2298.0,2003.0,Oui,Non,907000.0
489,Ahuntsic,Maison,4,3,2708.0,1977.0,Oui,Oui,991000.0
490,NDG,Condo,3,2,3360.0,1958.0,Oui,Oui,831000.0
491,Outremont,Triplex,4,2,2629.0,2010.0,Oui,Oui,1272000.0
492,Verdun,Condo,1,2,2593.0,1976.0,Oui,Oui,603000.0
493,Rosemont,Condo,2,3,2025.0,1998.0,Oui,Non,550000.0
494,Ahuntsic,Maison,2,1,2845.0,1967.0,Oui,Oui,908000.0
495,Villeray,Condo,3,3,3475.0,2015.0,Oui,Non,785000.0
496,NDG,Triplex,5,1,3440.0,1959.0,Oui,Oui,1113000.0
497,Outremont,Condo,2,2,2962.0,1965.0,Non,Oui,967000.0
498,Hochelaga,Maison,4,1,2668.0,1969.0,Oui,Oui,767000.0
499,Centre-Ville,Condo,4,1,1622.0,1989.0,Oui,Non,767000.0
500,Westmount,Condo,2,1,2368.0,1957.0,Oui,Oui,948000.0
501,Hochelaga,Duplex,1,2,796.0,2004.0,Non,Oui,279000.0
502,Hochelaga,Maison,4,3,1079.0,1966.0,Oui,Non,492000.0
503,Ahuntsic,Maison,4,3,754.0,1999.0,Oui,Oui,609000.0
504,Hochelaga,Duplex,3,2,2461.0,1978.0,Non,Oui,595000.0
505,Westmount,Maison,2,2,2237.0,1975.0,Oui,Oui,1277000.0
506,Outremont,Condo,2,2,,1982.0,Oui,Non,929000.0
507,Ahuntsic,Condo,2,2,3311.0,2000.0,Oui,Non,717000.0
508,NDG,Duplex,1,2,657.0,1952.0,Non,Non,353000.0
509,Ahuntsic,Duplex,4,1,2128.0,2020.0,Non,Oui,711000.0
510,NDG,Condo,1,1,2976.0,1961.0,Oui,Non,752000.0
511,Rosemont,Maison,1,1,1877.0,1969.0,Oui,Non,670000.0
512,Ahuntsic,Duplex,4,2,1586.0,2011.0,Non,Non,547000.0
513,Plateau,Condo,3,2,3220.0,2023.0,Oui,Oui,895000.0
514,Plateau,Maison,2,1,2371.0,1992.0,Non,Oui,963000.0
515,Outremont,Maison,2,3,1843.0,1997.0,Oui,Non,975000.0
516,Westmount,Condo,4,1,1020.0,1977.0,Oui,Oui,767000.0
517,Ahuntsic,Maison,3,1,3493.0,1996.0,Oui,Oui,1073000.0
518,Westmount,Condo,2,1,1447.0,2000.0,Non,Non,752000.0
519,NDG,Condo,4,2,706.0,1966.0,Non,Non,409000.0
520,Rosemont,Maison,2,2,3150.0,1987.0,Non,Non,969000.0
521,Westmount,Maison,3,2,2804.0,2005.0,Non,Non,1503000.0
522,NDG,Maison,4,2,795.0,2021.0,Non,Non,644000.0
523,Centre-Ville,Triplex,2,1,1978.0,2002.0,Non,Non,914000.0
524,Centre-Ville,Triplex,2,2,1213.0,1968.0,Oui,Oui,688000.0
525,Hochelaga,Condo,5,3,1499.0,1969.0,Oui,Oui,472000.0
526,Hochelaga,Condo,3,1,3403.0,1965.0,Oui,Oui,628000.0
527,Villeray,Triplex,2,2,3350.0,1989.0,Oui,Oui,859000.0
528,Westmount,Maison,2,3,3482.0,2022.0,Oui,Oui,1709000.0
529,Verdun,Condo,2,1,508.0,1971.0,Oui,Oui,292000.0
530,NDG,Triplex,2,1,549.0,1964.0,Oui,Oui,457000.0
531,Westmount,Maison,3,1,1977.0,2005.0,Non,Oui,1278000.0
532,Hochelaga,Duplex,2,3,1692.0,2017.0,Oui,Oui,454000.0
533,Westmount,Condo,3,1,3436.0,2006.0,Oui,Non,1323000.0
534,Villeray,Condo,3,1,1929.0,1994.0,Oui,Oui,543000.0
535,Verdun,Maison,3,1,3170.0,1963.0,Oui,Oui,870000.0
536,Ahuntsic,Maison,2,2,1033.0,1974.0,Oui,Oui,497000.0
537,Outremont,Maison,3,3,1981.0,1991.0,Oui,Oui,1162000.0
538,Outremont,Maison,3,2,507.0,1987.0,Oui,Non,661000.0
539,Verdun,Condo,1,1,616.0,1986.0,Non,Non,276000.0
540,Hochelaga,Maison,2,1,2132.0,2022.0,Oui,Non,636000.0
541,Centre-Ville,Duplex,2,1,2189.0,2008.0,Oui,Oui,892000.0
542,NDG,Duplex,2,1,1133.0,1977.0,Oui,Oui,565000.0
543,Westmount,Condo,1,2,1746.0,1978.0,Non,Non,729000.0
544,Plateau,Maison,3,1,2472.0,1979.0,Non,Oui,987000.0
545,Plateau,Maison,4,1,2117.0,1987.0,Oui,Non,1009000.0
546,Rosemont,Condo,3,1,3373.0,1980.0,Oui,Non,791000.0
547,Villeray,Duplex,2,1,3219.0,1995.0,Oui,Oui,757000.0
548,Centre-Ville,Condo,2,1,1153.0,2018.0,Non,Non,589000.0
549,Westmount,Condo,2,1,2940.0,2005.0,Oui,Non,1127000.0
550,Centre-Ville,Duplex,2,2,3130.0,2008.0,Non,Oui,1065000.0
551,Centre-Ville,Maison,3,2,2726.0,1956.0,Oui,Oui,1289000.0
552,Ahuntsic,Condo,3,1,961.0,2012.0,Non,Oui,400000.0
553,Outremont,Maison,2,1,2310.0,1955.0,Oui,Oui,1087000.0
554,Hochelaga,Duplex,3,2,1540.0,2007.0,Non,Oui,448000.0
555,Ahuntsic,Condo,5,1,3488.0,2009.0,Oui,Non,896000.0
556,Westmount,Condo,3,2,1448.0,1995.0,Oui,Non,762000.0
557,Centre-Ville,Duplex,2,2,981.0,1961.0,Oui,Oui,576000.0
558,Centre-Ville,Duplex,2,1,1467.0,2000.0,Oui,Oui,767000.0
559,Outremont,Maison,2,1,3291.0,1957.0,Non,Oui,1364000.0
560,Villeray,Condo,1,1,,1986.0,Oui,Oui,550000.0
561,Verdun,Maison,2,1,2467.0,1959.0,Non,Non,717000.0
562,Centre-Ville,Maison,3,3,1110.0,2010.0,Non,Oui,829000.0
563,Plateau,Triplex,3,1,3133.0,2003.0,Non,Non,1090000.0
564,Rosemont,Maison,3,3,1452.0,1987.0,Non,Non,608000.0
565,Villeray,Maison,4,1,2493.0,1963.0,Non,Non,824000.0
566,Outremont,Condo,2,3,1116.0,1984.0,Oui,Oui,587000.0
567,Westmount,Maison,3,2,805.0,2006.0,Non,Non,853000.0
568,Villeray,Maison,1,1,1525.0,1957.0,Oui,Non,518000.0
569,Westmount,Maison,2,1,3112.0,2004.0,Non,Non,1561000.0
570,Plateau,Triplex,4,2,2244.0,2015.0,Non,Oui,900000.0
571,Ahuntsic,Duplex,5,1,2032.0,1955.0,Non,Oui,742000.0
572,NDG,Condo,1,2,1748.0,1965.0,Oui,Oui,518000.0
573,Hochelaga,Triplex,2,3,1262.0,1972.0,Oui,Oui,468000.0
574,Hochelaga,Condo,3,3,2768.0,1959.0,Non,Oui,516000.0
575,Villeray,Maison,3,1,761.0,2003.0,Oui,Non,474000.0
576,Verdun,Maison,3,1,2731.0,1987.0,Oui,Oui,779000.0
577,NDG,Condo,3,2,2247.0,1993.0,Non,Non,686000.0
578,Verdun,Triplex,2,2,2396.0,1971.0,Non,Oui,632000.0
579,Plateau,Maison,3,1,2132.0,1964.0,Oui,Oui,909000.0
580,Hochelaga,Duplex,3,1,1289.0,2009.0,Oui,Oui,467000.0
581,Ahuntsic,Condo,3,1,1531.0,1980.0,Oui,Oui,423000.0
582,Villeray,Condo,1,1,,1952.0,Non,Non,477000.0
583,Hochelaga,Maison,2,1,1586.0,2015.0,Oui,Non,603000.0
584,Hochelaga,Condo,3,2,1287.0,2022.0,Oui,Oui,381000.0
585,Ahuntsic,Maison,2,1,2429.0,1994.0,Oui,Oui,811000.0
586,NDG,Maison,3,1,2707.0,1974.0,Oui,Non,1016000.0
587,Villeray,Maison,4,1,951.0,1981.0,Oui,Non,512000.0
588,Plateau,Condo,2,2,2110.0,1974.0,Non,Oui,700000.0
589,Outremont,Duplex,2,3,576.0,1952.0,Oui,Oui,569000.0
590,NDG,Duplex,2,1,3255.0,2011.0,Oui,Oui,936000.0
591,Rosemont,Duplex,3,3,2261.0,2017.0,Oui,Oui,687000.0
592,Ahuntsic,Condo,2,3,3370.0,1968.0,Oui,Oui,752000.0
593,Ahuntsic,Maison,3,2,2876.0,1960.0,Oui,Oui,935000.0
594,Westmount,Duplex,3,3,2466.0,2016.0,Oui,Non,1210000.0
595,Outremont,Condo,2,2,710.0,2006.0,Oui,Oui,560000.0
596,NDG,Condo,2,1,2257.0,1972.0,Oui,Non,619000.0
597,NDG,Maison,4,2,2743.0,1953.0,Oui,Oui,1022000.0
598,Centre-Ville,Condo,2,2,3302.0,1981.0,Oui,Non,1033000.0
599,Villeray,Duplex,3,2,1455.0,1954.0,Oui,Non,558000.0
600,Outremont,Maison,2,2,2188.0,1980.0,Oui,Oui,1098000.0
601,Verdun,Maison,2,1,1286.0,1995.0,Non,Non,549000.0
602,Centre-Ville,Condo,3,1,3419.0,2016.0,Oui,Non,1115000.0
603,Ahuntsic,Condo,2,1,1622.0,2010.0,Oui,Oui,530000.0
604,Plateau,Maison,1,2,2566.0,1974.0,Oui,Oui,966000.0
605,Plateau,Duplex,2,2,3481.0,2007.0,Non,Oui,1002000.0
606,Verdun,Condo,2,3,662.0,2022.0,Oui,Oui,349000.0
607,NDG,Condo,2,2,2699.0,1965.0,Oui,Oui,704000.0
608,Villeray,Maison,3,2,2892.0,2016.0,Oui,Oui,910000.0
609,Hochelaga,Maison,1,1,2368.0,1985.0,Non,Oui,636000.0
610,Outremont,Condo,4,2,1456.0,1980.0,Oui,Oui,707000.0
611,Ahuntsic,Condo,3,1,1654.0,1956.0,Oui,Oui,529000.0
612,Outremont,Condo,3,2,1273.0,1954.0,Non,Oui,664000.0
613,Rosemont,Condo,3,2,1331.0,1963.0,Oui,Oui,511000.0
614,Plateau,Condo,2,2,1300.0,1958.0,Non,Non,494000.0
615,Centre-Ville,Maison,1,2,2973.0,2019.0,Non,Non,1200000.0
616,Hochelaga,Duplex,5,1,2871.0,1987.0,Oui,Non,728000.0
617,Rosemont,Maison,5,1,1810.0,1950.0,Oui,Oui,782000.0
618,Ahuntsic,Maison,4,1,1150.0,1981.0,Oui,Non,596000.0
619,Plateau,Condo,3,2,1746.0,1963.0,Oui,Oui,658000.0
620,NDG,Maison,2,1,1058.0,1968.0,Oui,Oui,638000.0
621,Westmount,Condo,2,2,1969.0,1990.0,Non,Non,861000.0
622,Plateau,Condo,3,1,2856.0,2011.0,Non,Oui,822000.0
623,Outremont,Condo,2,1,865.0,1969.0,Oui,Non,579000.0
624,Rosemont,Condo,2,1,2660.0,1982.0,Non,Oui,657000.0
625,Verdun,Maison,3,1,719.0,1970.0,Non,Oui,449000.0
626,NDG,Maison,1,1,2106.0,1979.0,Oui,Non,783000.0
627,Outremont,Maison,3,1,1497.0,1978.0,Oui,Oui,962000.0
628,Outremont,Maison,2,1,1655.0,2008.0,Oui,Non,999000.0
629,Rosemont,Maison,1,1,649.0,1970.0,Oui,Non,357000.0
630,Hochelaga,Condo,2,1,751.0,2003.0,Non,Oui,276000.0
631,Rosemont,Triplex,4,1,1727.0,2020.0,Oui,Oui,724000.0
632,Rosemont,Maison,3,2,1669.0,2022.0,Oui,Non,737000.0
633,Hochelaga,Maison,3,2,1727.0,1951.0,Oui,Oui,569000.0
634,Villeray,Maison,2,1,1302.0,2002.0,Non,Non,562000.0
635,NDG,Condo,4,3,1298.0,2007.0,Oui,Oui,579000.0
636,Plateau,Maison,4,1,2127.0,1970.0,Oui,Non,964000.0
637,Ahuntsic,Condo,2,2,1832.0,1990.0,Oui,Oui,531000.0
638,Hochelaga,Condo,4,1,1624.0,1993.0,Oui,Oui,483000.0
639,Ahuntsic,Condo,2,1,963.0,2001.0,Non,Oui,411000.0
640,Villeray,Condo,5,2,1014.0,1978.0,Oui,Oui,444000.0
641,Villeray,Maison,3,1,1879.0,2019.0,Oui,Non,745000.0
642,Hochelaga,Duplex,3,1,542.0,1999.0,Oui,Non,308000.0
643,Plateau,Triplex,1,3,1770.0,2015.0,Oui,Non,769000.0
644,Verdun,Maison,3,1,3349.0,1968.0,Oui,Oui,904000.0
645,Plateau,Maison,2,2,2542.0,2013.0,Non,Oui,970000.0
646,Centre-Ville,Triplex,2,1,2622.0,1951.0,Oui,Non,1009000.0
647,Rosemont,Maison,2,3,2752.0,2017.0,Oui,Oui,952000.0
648,Outremont,Maison,2,1,1260.0,1963.0,Non,Oui,805000.0
649,Centre-Ville,Duplex,1,1,1804.0,2007.0,Oui,Oui,767000.0
650,Westmount,Condo,3,2,1493.0,1999.0,Oui,Oui,811000.0
651,Verdun,Duplex,3,2,1274.0,1968.0,Non,Oui,448000.0
652,Ahuntsic,Duplex,2,2,2126.0,2017.0,Non,Non,626000.0
653,Villeray,Condo,2,1,3392.0,1993.0,Oui,Oui,718000.0
654,Villeray,Triplex,2,2,1330.0,1981.0,Oui,Oui,520000.0
655,Ahuntsic,Condo,1,1,974.0,1983.0,Oui,Oui,357000.0
656,Outremont,Duplex,2,1,660.0,2010.0,Non,Non,523000.0
657,Outremont,Condo,2,1,1478.0,1980.0,Non,Non,654000.0
658,Ahuntsic,Triplex,4,2,3176.0,1998.0,Oui,Non,1020000.0
659,Westmount,Condo,3,1,1984.0,1961.0,Non,Oui,926000.0
660,Outremont,Duplex,3,3,3444.0,1982.0,Oui,Non,1248000.0
661,Centre-Ville,Condo,3,2,3009.0,1967.0,Oui,Non,936000.0
662,Centre-Ville,Duplex,2,1,3119.0,2003.0,Oui,Oui,1084000.0
663,Centre-Ville,Condo,4,3,2273.0,1964.0,Oui,Oui,876000.0
664,Villeray,Duplex,3,3,1187.0,2002.0,Non,Oui,503000.0
665,Rosemont,Maison,1,2,2468.0,1957.0,Oui,Oui,701000.0
666,NDG,Triplex,2,2,1966.0,2001.0,Oui,Oui,759000.0
667,Rosemont,Maison,1,2,3314.0,2017.0,Non,Oui,939000.0
668,Hochelaga,Duplex,2,2,719.0,,Oui,Oui,358000.0
669,Plateau,Maison,3,2,1830.0,1967.0,Oui,Oui,882000.0
670,Verdun,Maison,3,2,2758.0,2015.0,Oui,Oui,933000.0
671,Villeray,Duplex,2,1,2617.0,1973.0,Oui,Oui,656000.0
672,Verdun,Condo,2,1,3281.0,1963.0,Non,Oui,706000.0
673,Plateau,Maison,1,2,926.0,1996.0,Non,Oui,544000.0
674,Rosemont,Maison,2,1,1970.0,1980.0,Oui,Oui,728000.0
675,Plateau,Condo,2,1,534.0,2009.0,Oui,Non,348000.0
676,Plateau,Triplex,3,2,2622.0,1950.0,Oui,Oui,965000.0
677,Plateau,Condo,1,1,2722.0,1954.0,Non,Oui,710000.0
678,Rosemont,Condo,2,3,3270.0,1999.0,Non,Oui,753000.0
679,Outremont,Maison,2,1,737.0,1967.0,Oui,Non,681000.0
680,Westmount,Duplex,2,2,2629.0,1967.0,Oui,Oui,1214000.0
681,Verdun,Maison,1,1,1165.0,2020.0,Oui,Non,494000.0
682,Ahuntsic,Condo,3,2,588.0,2012.0,Oui,Oui,409000.0
683,Hochelaga,Maison,2,1,2460.0,2007.0,Oui,Oui,746000.0
684,Verdun,Duplex,3,2,1722.0,1968.0,Oui,Oui,598000.0
685,Verdun,Duplex,1,2,1350.0,1976.0,Oui,Oui,445000.0
686,NDG,Maison,3,2,3006.0,1952.0,Non,Non,1019000.0
687,Villeray,Maison,3,2,808.0,2022.0,Non,Oui,517000.0
688,Plateau,Condo,2,1,2228.0,1978.0,Oui,Non,735000.0
689,Centre-Ville,Condo,2,2,,1958.0,Oui,Non,874000.0
690,NDG,Condo,2,1,3303.0,2011.0,Oui,Oui,840000.0
691,Villeray,Condo,2,2,2901.0,1966.0,Oui,Oui,597000.0
692,Verdun,Condo,4,2,2876.0,1987.0,Non,Non,636000.0
693,Villeray,Maison,1,2,3450.0,,Non,Oui,913000.0
694,Plateau,Triplex,3,1,2640.0,1989.0,Oui,Oui,965000.0
695,Verdun,Duplex,2,1,3355.0,2018.0,Oui,Non,785000.0
696,Villeray,Duplex,2,2,2449.0,2012.0,Non,Oui,623000.0
697,Rosemont,Triplex,3,1,1087.0,2017.0,Oui,Oui,555000.0
698,Westmount,Condo,2,3,2996.0,1982.0,Oui,Non,1114000.0
699,Outremont,Condo,1,1,2946.0,1979.0,Oui,Oui,1043000.0
700,Verdun,Maison,2,2,696.0,1999.0,Non,Non,439000.0
701,Rosemont,Condo,1,1,1652.0,1972.0,Oui,Non,421000.0
702,Plateau,Maison,2,1,936.0,1964.0,Oui,Non,676000.0
703,Plateau,Maison,4,1,3053.0,2010.0,Non,Non,1207000.0
704,Villeray,Maison,2,2,1066.0,2019.0,Non,Oui,491000.0
705,Outremont,Duplex,3,2,1126.0,,Non,Oui,715000.0
706,Centre-Ville,Maison,2,1,1417.0,1962.0,Oui,Non,870000.0
707,Verdun,Condo,4,3,2147.0,1985.0,Non,Oui,548000.0
708,NDG,Duplex,2,1,1356.0,1997.0,Non,Oui,539000.0
709,Verdun,Condo,3,2,3065.0,1989.0,Oui,Non,689000.0
710,Hochelaga,Duplex,3,1,2550.0,1955.0,Oui,Oui,590000.0
711,Outremont,Maison,2,1,3233.0,1985.0,Non,Oui,1453000.0
712,Rosemont,Maison,3,1,3489.0,1974.0,Oui,Oui,1051000.0
713,Verdun,Condo,2,2,1401.0,1999.0,Non,Non,391000.0
714,Westmount,Maison,3,3,547.0,2017.0,Oui,Oui,839000.0
715,Outremont,Duplex,4,2,895.0,2002.0,Oui,Oui,741000.0
716,Villeray,Maison,4,2,2871.0,2011.0,Oui,Oui,933000.0
717,Plateau,Condo,1,2,2332.0,1973.0,Non,Oui,654000.0
718,Villeray,Condo,2,2,2062.0,1971.0,Non,Oui,476000.0
719,Rosemont,Maison,2,1,2463.0,1950.0,Non,Non,797000.0
720,Hochelaga,Condo,4,3,2659.0,2017.0,Oui,Oui,576000.0
721,Ahuntsic,Maison,3,3,2568.0,1976.0,Non,Non,885000.0
722,Westmount,Maison,2,2,1772.0,1987.0,Oui,Oui,1092000.0
723,Outremont,Condo,2,1,3136.0,1982.0,Oui,Oui,1065000.0
724,Hochelaga,Duplex,1,1,3437.0,1956.0,Oui,Non,652000.0
725,Rosemont,Maison,4,2,3369.0,1955.0,Oui,Non,1075000.0
726,Villeray,Duplex,3,1,1269.0,1962.0,Oui,Non,480000.0
727,Ahuntsic,Duplex,2,1,1419.0,1963.0,Oui,Oui,515000.0
728,Ahuntsic,Maison,1,2,2723.0,2004.0,Oui,Non,912000.0
729,Villeray,Duplex,4,2,3160.0,1962.0,Non,Oui,792000.0
730,Ahuntsic,Maison,2,1,1783.0,1951.0,Oui,Oui,736000.0
731,Plateau,Triplex,2,2,2556.0,1992.0,Oui,Non,927000.0
732,Westmount,Maison,4,1,2649.0,1976.0,Oui,Oui,1533000.0
733,Westmount,Duplex,3,2,2901.0,2002.0,Oui,Oui,1268000.0
734,Plateau,Condo,2,1,1520.0,1956.0,Oui,Non,560000.0
735,Outremont,Condo,2,2,677.0,2004.0,Oui,Non,547000.0
736,Outremont,Duplex,3,3,2504.0,1971.0,Oui,Non,1009000.0
737,NDG,Maison,1,1,2849.0,2005.0,Oui,Oui,970000.0
738,Verdun,Maison,2,2,2492.0,1986.0,Oui,Oui,726000.0
739,Hochelaga,Triplex,1,1,3425.0,1992.0,Oui,Non,760000.0
740,Hochelaga,Duplex,4,3,1398.0,2003.0,Non,Non,487000.0
741,Rosemont,Condo,4,3,1041.0,2004.0,Oui,Non,421000.0
742,Westmount,Condo,3,1,1203.0,2000.0,Oui,Non,723000.0
743,Centre-Ville,Maison,2,1,2351.0,2008.0,Oui,Oui,1072000.0
744,Outremont,Maison,3,2,2475.0,1970.0,Non,Oui,1248000.0
745,NDG,Condo,2,2,566.0,2002.0,Non,Oui,383000.0
746,Westmount,Condo,4,2,3227.0,2000.0,Oui,Oui,1350000.0
747,Westmount,Condo,3,1,1995.0,1995.0,Non,Non,898000.0
748,Plateau,Maison,3,2,3247.0,2012.0,Oui,Oui,1228000.0
749,Hochelaga,Maison,1,3,2335.0,1999.0,Oui,Oui,617000.0
750,Hochelaga,Duplex,4,2,649.0,1998.0,Oui,Oui,359000.0
751,NDG,Maison,1,2,1264.0,1967.0,Oui,Oui,571000.0
752,Hochelaga,Condo,3,1,969.0,1973.0,Oui,Oui,314000.0
753,Hochelaga,Condo,2,2,769.0,1965.0,Non,Oui,300000.0
754,Villeray,Duplex,3,1,1136.0,2014.0,Oui,Non,514000.0
755,Villeray,Triplex,4,1,1909.0,1983.0,Oui,Oui,698000.0
756,Westmount,Condo,2,1,2162.0,1978.0,Non,Non,897000.0
757,NDG,Condo,4,2,3128.0,1964.0,Non,Non,817000.0
758,Outremont,Condo,2,1,1122.0,1950.0,Oui,Non,597000.0
759,Outremont,Duplex,4,2,2970.0,1997.0,Oui,Non,1232000.0
760,Plateau,Condo,2,1,1336.0,,Oui,Oui,528000.0
761,Verdun,Condo,2,2,1797.0,1993.0,Oui,Non,490000.0
762,Rosemont,Maison,2,3,1740.0,2000.0,Oui,Oui,720000.0
763,Westmount,Duplex,2,2,3026.0,1954.0,Oui,Non,1221000.0
764,Villeray,Maison,3,1,2293.0,1980.0,Oui,Oui,768000.0
765,Outremont,Duplex,3,2,3286.0,1971.0,Oui,Non,1228000.0
766,Centre-Ville,Duplex,4,3,2495.0,1956.0,Oui,Non,1027000.0
767,Plateau,Condo,4,2,3151.0,1979.0,Oui,Oui,911000.0
768,NDG,Maison,2,1,3117.0,1989.0,Oui,Oui,1116000.0
769,Westmount,Duplex,3,2,1427.0,1986.0,Non,Oui,849000.0
770,Villeray,Condo,2,2,1332.0,1967.0,Oui,Non,456000.0
771,Hochelaga,Duplex,3,1,1086.0,,Oui,Non,390000.0
772,Verdun,Maison,2,1,1711.0,1951.0,Oui,Non,611000.0
773,NDG,Maison,4,2,2536.0,1983.0,Oui,Oui,983000.0
774,Outremont,Condo,4,1,800.0,1973.0,Oui,Oui,610000.0
775,Villeray,Condo,2,3,3203.0,1993.0,Non,Oui,634000.0
776,Verdun,Condo,4,3,3219.0,1959.0,Oui,Oui,700000.0
777,Outremont,Condo,2,3,1204.0,2009.0,Non,Non,595000.0
778,Plateau,Condo,2,1,2860.0,1980.0,Non,Non,845000.0
779,Verdun,Condo,2,1,3222.0,1956.0,Oui,Non,683000.0
780,NDG,Condo,2,2,1924.0,1998.0,Oui,Oui,597000.0
781,Rosemont,Condo,2,2,1929.0,1991.0,Non,Oui,567000.0
782,Verdun,Maison,2,1,2652.0,2000.0,Non,Oui,855000.0
783,Plateau,Maison,3,1,2868.0,1960.0,Oui,Oui,1144000.0
784,NDG,Maison,3,2,1827.0,2005.0,Non,Non,844000.0
785,Outremont,Triplex,3,2,3226.0,2007.0,Oui,Non,1411000.0
786,Plateau,Condo,2,2,2486.0,1971.0,Oui,Oui,782000.0
787,Westmount,Maison,1,1,887.0,1951.0,Oui,Non,767000.0
788,Villeray,Maison,4,2,2319.0,1953.0,Oui,Non,746000.0
789,Verdun,Maison,2,1,884.0,1982.0,Non,Oui,504000.0
790,Ahuntsic,Maison,3,2,2737.0,2008.0,Oui,Oui,949000.0
791,Hochelaga,Condo,1,1,2329.0,1950.0,Oui,Oui,469000.0
792,Ahuntsic,Duplex,1,2,593.0,1995.0,Non,Oui,284000.0
793,Verdun,Condo,3,1,2342.0,1992.0,Non,Oui,549000.0
794,Villeray,Condo,3,2,2853.0,1951.0,Oui,Oui,673000.0
795,Rosemont,Condo,3,3,954.0,1996.0,Non,Oui,455000.0
796,Rosemont,Condo,1,2,2378.0,2006.0,Oui,Non,611000.0
797,Verdun,Condo,2,3,808.0,2003.0,Oui,Oui,313000.0
798,Outremont,Triplex,2,2,1709.0,1970.0,Oui,Oui,912000.0
799,Plateau,Triplex,4,2,2661.0,1965.0,Oui,Oui,1020000.0
800,Centre-Ville,Maison,2,2,2993.0,2010.0,Oui,Non,1312000.0
801,Plateau,Maison,1,2,644.0,1984.0,Oui,Non,498000.0
802,Westmount,Maison,2,2,1047.0,2007.0,Oui,Oui,914000.0
803,Verdun,Maison,2,2,2084.0,2020.0,Oui,Oui,696000.0
804,Ahuntsic,Maison,3,2,3125.0,1990.0,Oui,Oui,936000.0
805,Westmount,Maison,3,2,2378.0,1989.0,Oui,Non,1383000.0
806,Outremont,Duplex,3,2,1710.0,2002.0,Oui,Oui,892000.0
807,Hochelaga,Duplex,4,2,2495.0,1953.0,Oui,Oui,574000.0
808,Centre-Ville,Maison,5,1,1180.0,1985.0,Oui,Oui,943000.0
809,NDG,Maison,5,2,3246.0,1964.0,Non,Oui,1256000.0
810,Centre-Ville,Condo,5,2,2056.0,2014.0,Oui,Oui,891000.0
811,Westmount,Condo,4,2,2664.0,1977.0,Non,Oui,1174000.0
812,Westmount,Maison,3,3,3038.0,1969.0,Oui,Non,1585000.0
813,Westmount,Maison,2,3,1165.0,2005.0,Non,Oui,947000.0
814,Outremont,Duplex,1,1,1071.0,2014.0,Oui,Non,668000.0
815,Plateau,Condo,2,2,2021.0,2011.0,Oui,Oui,610000.0
816,Ahuntsic,Condo,4,3,540.0,2009.0,Non,Non,407000.0
817,Ahuntsic,Triplex,3,2,1483.0,1952.0,Oui,Oui,576000.0
818,Rosemont,Condo,1,2,1326.0,1966.0,Oui,Non,431000.0
819,NDG,Condo,1,2,,2005.0,Oui,Non,745000.0
820,Outremont,Maison,2,1,1984.0,1994.0,Non,Non,991000.0
821,Verdun,Maison,3,2,1059.0,2005.0,Oui,Non,591000.0
822,Plateau,Condo,3,2,2982.0,1986.0,Oui,Non,880000.0
823,Centre-Ville,Maison,3,3,3400.0,1984.0,Oui,Non,1435000.0
824,Hochelaga,Condo,3,3,1196.0,2011.0,Non,Non,443000.0
825,Rosemont,Condo,2,3,2072.0,1992.0,Non,Oui,535000.0
826,Verdun,Condo,3,2,2331.0,2018.0,Non,Oui,576000.0
827,Rosemont,Condo,5,2,2469.0,2009.0,Oui,Oui,762000.0
828,Ahuntsic,Triplex,2,3,2173.0,2004.0,Oui,Oui,754000.0
829,NDG,Maison,4,2,3219.0,1967.0,Oui,Non,1152000.0
830,Rosemont,Condo,4,2,1506.0,2000.0,Non,Non,503000.0
831,Westmount,Triplex,2,3,1274.0,1961.0,Non,Oui,861000.0
832,Rosemont,Condo,1,2,1970.0,1975.0,Oui,Oui,609000.0
833,Outremont,Triplex,5,1,1997.0,1993.0,Non,Oui,1169000.0
834,Ahuntsic,Condo,1,2,1093.0,2007.0,Non,Oui,413000.0
835,Centre-Ville,Condo,4,2,,1980.0,Non,Oui,935000.0
836,Westmount,Maison,2,2,2229.0,1983.0,Non,Oui,1295000.0
837,Westmount,Triplex,3,2,2225.0,2017.0,Oui,Non,1276000.0
838,Villeray,Maison,2,2,2596.0,2019.0,Oui,Non,786000.0
839,NDG,Condo,2,3,1423.0,1998.0,Oui,Non,499000.0
840,Ahuntsic,Condo,2,2,2637.0,2003.0,Oui,Oui,628000.0
841,Centre-Ville,Maison,2,2,1715.0,1985.0,Oui,Oui,939000.0
842,Plateau,Condo,2,1,1578.0,1980.0,Oui,Non,556000.0
843,Outremont,Maison,4,2,533.0,1989.0,Oui,Oui,778000.0
844,Plateau,Duplex,1,3,2802.0,2003.0,Non,Oui,852000.0
845,Villeray,Triplex,1,2,1244.0,2006.0,Non,Non,432000.0
846,Plateau,Maison,2,1,1579.0,1997.0,Oui,Non,806000.0
847,Rosemont,Maison,4,1,2490.0,1969.0,Oui,Non,893000.0
848,Plateau,Condo,4,1,984.0,1973.0,Non,Non,503000.0
849,Hochelaga,Condo,4,1,2953.0,1986.0,Non,Non,625000.0
850,Centre-Ville,Maison,1,3,3280.0,2004.0,Non,Non,1285000.0
851,Rosemont,Condo,2,1,2518.0,1973.0,Oui,Oui,598000.0
852,Hochelaga,Duplex,2,1,2014.0,2019.0,Oui,Non,472000.0
853,Plateau,Maison,3,2,2900.0,1999.0,Non,Oui,1115000.0
854,Rosemont,Condo,2,1,2899.0,1962.0,Oui,Oui,730000.0
855,Centre-Ville,Maison,2,1,1667.0,2009.0,Oui,Oui,965000.0
856,Westmount,Condo,1,1,1483.0,1995.0,Oui,Oui,768000.0
857,Villeray,Maison,1,1,3292.0,1995.0,Oui,Non,863000.0
858,Verdun,Maison,3,2,3085.0,1987.0,Oui,Oui,922000.0
859,NDG,Maison,1,2,1519.0,2007.0,Oui,Non,693000.0
860,Verdun,Maison,2,1,3292.0,1970.0,Oui,Non,885000.0
861,Centre-Ville,Condo,1,2,1201.0,1950.0,Non,Non,462000.0
862,Rosemont,Maison,3,2,1683.0,1972.0,Oui,Non,678000.0
863,Rosemont,Maison,3,3,1514.0,1988.0,Non,Oui,648000.0
864,Verdun,Condo,2,2,895.0,,Oui,Oui,441000.0
865,Westmount,Maison,3,1,1710.0,1952.0,Oui,Non,1144000.0
866,Rosemont,Condo,2,2,3329.0,1961.0,Oui,Oui,738000.0
867,Rosemont,Condo,2,1,646.0,1978.0,Non,Oui,300000.0
868,Westmount,Condo,2,1,1059.0,2022.0,Non,Non,701000.0
869,Hochelaga,Maison,3,2,2693.0,1969.0,Non,Non,734000.0
870,Outremont,Duplex,4,2,3179.0,2013.0,Non,Non,1270000.0
871,NDG,Maison,3,1,2912.0,1991.0,Oui,Non,1058000.0
872,NDG,Condo,5,2,2451.0,1985.0,Oui,Oui,747000.0
873,Outremont,Duplex,3,1,684.0,,Oui,Oui,634000.0
874,Plateau,Maison,4,1,2260.0,1995.0,Oui,Oui,1048000.0
875,Ahuntsic,Triplex,1,2,1201.0,2000.0,Oui,Non,523000.0
876,Ahuntsic,Triplex,2,1,1195.0,1982.0,Oui,Oui,566000.0
877,Westmount,Duplex,3,3,2107.0,2007.0,Non,Oui,1012000.0
878,Hochelaga,Triplex,2,3,1393.0,1957.0,Non,Non,424000.0
879,Westmount,Duplex,2,2,2136.0,2017.0,Oui,Oui,1110000.0
880,Westmount,Triplex,2,2,1676.0,2006.0,Oui,Oui,1095000.0
881,Verdun,Maison,2,2,3233.0,1995.0,Oui,Oui,875000.0
882,Hochelaga,Triplex,4,2,2789.0,2004.0,Oui,Non,734000.0
883,Villeray,Condo,2,1,3255.0,1981.0,Oui,Non,687000.0
884,Verdun,Condo,1,2,2782.0,1968.0,Oui,Non,589000.0
885,NDG,Maison,2,1,1313.0,1957.0,Oui,Oui,609000.0
886,Westmount,Condo,2,1,1342.0,1986.0,Oui,Non,708000.0
887,Ahuntsic,Maison,1,1,,2007.0,Oui,Oui,829000.0
888,Westmount,Duplex,4,1,,1986.0,Oui,Non,946000.0
889,Plateau,Condo,4,2,1918.0,1979.0,Oui,Oui,689000.0
890,Plateau,Condo,1,1,1188.0,1961.0,Non,Oui,388000.0
891,NDG,Maison,4,1,2696.0,2007.0,Oui,Non,1066000.0
892,Centre-Ville,Maison,3,1,1830.0,1971.0,Oui,Non,987000.0
893,Hochelaga,Maison,2,2,3305.0,1972.0,Non,Non,806000.0
894,Villeray,Maison,2,2,1837.0,2015.0,Oui,Non,666000.0
895,Plateau,Condo,2,1,1665.0,1985.0,Oui,Non,616000.0
896,Ahuntsic,Maison,3,1,2688.0,2001.0,Oui,Oui,923000.0
897,NDG,Maison,2,2,2837.0,2008.0,Oui,Oui,1011000.0
898,NDG,Condo,4,3,596.0,2009.0,Non,Non,429000.0
899,Outremont,Maison,1,1,2436.0,2013.0,Non,Non,1161000.0
900,Outremont,Condo,1,3,827.0,,Non,Non,500000.0
901,Westmount,Condo,2,2,3404.0,1998.0,Oui,Oui,1282000.0
902,Centre-Ville,Condo,2,2,3332.0,2015.0,Oui,Oui,1013000.0
903,Hochelaga,Maison,2,2,845.0,1953.0,Oui,Oui,466000.0
904,Outremont,Maison,2,2,568.0,1957.0,Oui,Oui,632000.0
905,Westmount,Triplex,3,2,2568.0,2014.0,Oui,Oui,1368000.0
906,Outremont,Triplex,1,2,1541.0,1958.0,Oui,Oui,848000.0
907,Ahuntsic,Condo,4,2,1453.0,1976.0,Oui,Oui,536000.0
908,Outremont,Maison,2,1,1207.0,1977.0,Oui,Oui,838000.0
909,Verdun,Triplex,2,1,1436.0,1950.0,Oui,Oui,532000.0
910,Villeray,Condo,3,2,1512.0,1991.0,Oui,Oui,442000.0
911,Centre-Ville,Triplex,3,1,2430.0,1955.0,Oui,Oui,1013000.0
912,Plateau,Condo,1,2,2527.0,1984.0,Oui,Oui,696000.0
913,Villeray,Maison,4,2,3391.0,,Oui,Oui,1041000.0
914,Plateau,Duplex,1,2,1766.0,1959.0,Non,Oui,588000.0
915,Villeray,Condo,2,3,1997.0,1995.0,Oui,Non,493000.0
916,Hochelaga,Triplex,1,2,2836.0,2014.0,Oui,Oui,674000.0
917,Plateau,Maison,3,1,1107.0,1969.0,Oui,Oui,725000.0
918,Plateau,Condo,3,2,1980.0,1979.0,Oui,Oui,701000.0
919,Verdun,Condo,2,2,613.0,1991.0,Oui,Non,288000.0
920,Centre-Ville,Condo,3,2,2418.0,1959.0,Oui,Non,904000.0
921,Rosemont,Triplex,4,1,2814.0,2001.0,Oui,Oui,911000.0
922,Hochelaga,Duplex,2,3,820.0,1972.0,Oui,Non,370000.0
923,Westmount,Maison,2,2,3210.0,1969.0,Oui,Oui,1562000.0
924,Centre-Ville,Condo,3,1,2037.0,1983.0,Non,Oui,803000.0
925,Ahuntsic,Duplex,2,2,1679.0,1987.0,Non,Non,561000.0
926,Verdun,Maison,3,2,2275.0,1950.0,Oui,Non,708000.0
927,Westmount,Triplex,4,1,2505.0,1968.0,Oui,Oui,1393000.0
928,Hochelaga,Condo,3,1,2125.0,2013.0,Oui,Oui,467000.0
929,Westmount,Duplex,4,2,818.0,1991.0,Oui,Oui,781000.0
930,Centre-Ville,Condo,2,1,2313.0,1994.0,Non,Oui,834000.0
931,Outremont,Duplex,2,2,,1994.0,Oui,Non,644000.0
932,Rosemont,Maison,4,3,2087.0,1966.0,Non,Oui,832000.0
933,Centre-Ville,Maison,5,1,3192.0,2014.0,Oui,Non,1478000.0
934,NDG,Condo,2,1,2497.0,,Non,Non,700000.0
935,Verdun,Condo,2,2,1256.0,2002.0,Non,Oui,350000.0
936,Westmount,Condo,2,3,3257.0,1982.0,Non,Oui,1186000.0
937,Hochelaga,Condo,2,2,1050.0,1979.0,Oui,Oui,356000.0
938,Ahuntsic,Condo,1,2,3222.0,1963.0,Oui,Non,747000.0
939,Rosemont,Triplex,2,1,2533.0,1989.0,Oui,Non,748000.0
940,Outremont,Duplex,3,1,2145.0,2003.0,Non,Non,907000.0
941,NDG,Condo,3,3,942.0,2020.0,Oui,Oui,456000.0
942,Villeray,Condo,3,2,3470.0,1970.0,Non,Oui,733000.0
943,Outremont,Condo,1,1,3062.0,1999.0,Oui,Non,1055000.0
944,Villeray,Condo,4,2,806.0,2002.0,Oui,Non,380000.0
945,Outremont,Condo,2,3,2095.0,1957.0,Oui,Oui,843000.0
946,Plateau,Maison,2,2,2426.0,1991.0,Oui,Oui,989000.0
947,Westmount,Condo,3,1,2699.0,1965.0,Oui,Oui,1132000.0
948,Hochelaga,Triplex,3,1,873.0,1997.0,Oui,Oui,421000.0
949,Hochelaga,Condo,2,2,1383.0,1976.0,Non,Non,327000.0
950,Plateau,Duplex,1,2,1295.0,2005.0,Oui,Oui,610000.0
951,Villeray,Duplex,2,2,3299.0,1993.0,Non,Oui,736000.0
952,Outremont,Triplex,2,3,882.0,1968.0,Oui,Oui,662000.0
953,Westmount,Triplex,2,2,849.0,1982.0,Oui,Oui,781000.0
954,NDG,Maison,3,2,1445.0,1981.0,Oui,Oui,731000.0
955,Outremont,Triplex,3,2,1839.0,1976.0,Oui,Oui,1059000.0
956,Rosemont,Triplex,2,3,2119.0,1974.0,Non,Oui,684000.0
957,Rosemont,Maison,2,1,2964.0,2008.0,Oui,Oui,953000.0
958,Centre-Ville,Maison,2,1,905.0,1983.0,Oui,Non,733000.0
959,Hochelaga,Maison,4,2,968.0,2021.0,Oui,Oui,529000.0
960,Rosemont,Maison,2,1,1975.0,2023.0,Oui,Oui,786000.0
961,Outremont,Triplex,3,3,611.0,2006.0,Non,Non,666000.0
962,Outremont,Condo,2,2,3443.0,2010.0,Oui,Oui,1174000.0
963,Centre-Ville,Triplex,4,3,1339.0,2020.0,Oui,Oui,929000.0
964,Verdun,Triplex,4,1,1988.0,2009.0,Oui,Oui,673000.0
965,Plateau,Triplex,4,1,3301.0,2007.0,Oui,Oui,1157000.0
966,Outremont,Maison,1,3,1588.0,,Oui,Oui,858000.0
967,Westmount,Condo,2,2,836.0,1951.0,Non,Non,577000.0
968,Centre-Ville,Duplex,1,2,3216.0,1961.0,Non,Oui,1080000.0
969,Plateau,Duplex,4,3,841.0,1950.0,Non,Oui,492000.0
970,Rosemont,Condo,2,2,2048.0,2017.0,Non,Oui,624000.0
971,Centre-Ville,Condo,3,2,2369.0,2020.0,Oui,Oui,929000.0
972,Outremont,Condo,2,2,3198.0,1973.0,Oui,Non,1014000.0
973,Ahuntsic,Triplex,4,2,1869.0,2010.0,Non,Oui,719000.0
974,Outremont,Condo,2,3,3358.0,1989.0,Oui,Oui,1083000.0
975,Hochelaga,Triplex,1,2,2765.0,1979.0,Oui,Oui,678000.0
976,Ahuntsic,Condo,1,1,1697.0,2001.0,Oui,Oui,515000.0
977,Plateau,Condo,4,1,2821.0,1971.0,Non,Non,828000.0
978,Villeray,Condo,4,2,1332.0,2009.0,Oui,Oui,483000.0
979,Hochelaga,Duplex,3,2,2933.0,1971.0,Oui,Oui,679000.0
980,Plateau,Condo,5,3,3182.0,1969.0,Oui,Oui,957000.0
981,Rosemont,Maison,4,3,2904.0,2002.0,Oui,Oui,991000.0
982,Verdun,Condo,3,2,2149.0,2022.0,Non,Non,547000.0
983,Ahuntsic,Triplex,1,1,3482.0,1977.0,Non,Oui,903000.0
984,Ahuntsic,Maison,2,2,1715.0,1954.0,Non,Non,605000.0
985,Westmount,Condo,2,2,3011.0,1993.0,Oui,Non,1143000.0
986,Rosemont,Maison,2,3,2884.0,1995.0,Oui,Oui,926000.0
987,NDG,Condo,2,1,2248.0,1972.0,Oui,Oui,644000.0
988,Outremont,Maison,2,1,528.0,1959.0,Oui,Oui,675000.0
989,Rosemont,Maison,2,2,1031.0,1956.0,Oui,Oui,552000.0
990,Villeray,Condo,5,1,2386.0,1983.0,Oui,Non,647000.0
991,Hochelaga,Maison,1,3,1645.0,1995.0,Oui,Oui,493000.0
992,Ahuntsic,Condo,2,3,1722.0,2000.0,Oui,Non,501000.0
993,Outremont,Triplex,2,2,3045.0,1968.0,Non,Non,1220000.0
994,Westmount,Maison,3,2,643.0,1964.0,Non,Oui,789000.0
995,Centre-Ville,Maison,1,1,2636.0,2015.0,Oui,Non,1170000.0
996,Villeray,Condo,3,3,2965.0,1994.0,Oui,Oui,690000.0
997,Outremont,Maison,1,1,3035.0,1974.0,Oui,Non,1235000.0
998,Villeray,Maison,2,2,3230.0,1984.0,Oui,Oui,907000.0
999,NDG,Maison,1,2,1047.0,1957.0,Oui,Non,545000.0
1000,Villeray,Maison,5,2,715.0,1968.0,Oui,Non,471000.0
1001,Plateau,Maison,2,2,2814.0,2018.0,Oui,Oui,1109000.0
1002,Rosemont,Maison,3,1,2037.0,1987.0,Oui,Oui,877000.0
1003,Hochelaga,Condo,2,2,1751.0,1956.0,Oui,Oui,401000.0
1004,Outremont,Triplex,4,1,2771.0,1990.0,Oui,Oui,1295000.0
1005,Centre-Ville,Triplex,1,2,3145.0,1961.0,Oui,Oui,1154000.0
1006,Rosemont,Maison,2,2,1698.0,2000.0,Oui,Oui,728000.0
1007,NDG,Condo,2,2,1859.0,1994.0,Non,Oui,604000.0
1008,Rosemont,Duplex,2,2,2734.0,1982.0,Non,Non,690000.0
1009,NDG,Condo,1,2,1441.0,1951.0,Non,Non,452000.0
1010,Centre-Ville,Condo,2,2,1007.0,1954.0,Oui,Non,517000.0
1011,Villeray,Maison,3,1,2805.0,1999.0,Oui,Non,838000.0
1012,Westmount,Duplex,3,2,1538.0,1993.0,Oui,Oui,980000.0
1013,Verdun,Duplex,4,1,2402.0,1960.0,Non,Non,721000.0
1014,Westmount,Condo,1,2,2485.0,1991.0,Oui,Non,968000.0
1015,Hochelaga,Condo,4,2,2505.0,2017.0,Non,Oui,551000.0
1016,Verdun,Triplex,2,3,3265.0,1982.0,Oui,Non,785000.0
1017,Outremont,Condo,2,2,849.0,2014.0,Oui,Oui,620000.0
1018,Westmount,Maison,2,2,1289.0,1980.0,Oui,Oui,1051000.0
1019,Westmount,Condo,3,1,2015.0,1962.0,Oui,Oui,905000.0
1020,Plateau,Condo,2,1,2432.0,1984.0,Oui,Non,715000.0
1021,Ahuntsic,Condo,5,2,3185.0,1983.0,Oui,Oui,758000.0
1022,Verdun,Condo,3,2,3260.0,1999.0,Oui,Oui,731000.0
1023,NDG,Condo,3,3,920.0,2022.0,Oui,Non,458000.0
1024,Plateau,Condo,2,1,2572.0,2011.0,Oui,Oui,748000.0
1025,Plateau,Condo,2,3,924.0,1959.0,Oui,Oui,439000.0
1026,NDG,Condo,3,2,1843.0,1958.0,Oui,Oui,563000.0
1027,Rosemont,Condo,2,2,1261.0,1958.0,Oui,Oui,473000.0
1028,Rosemont,Duplex,3,2,770.0,1985.0,Oui,Non,465000.0
1029,Verdun,Duplex,2,1,3467.0,2012.0,Oui,Oui,840000.0
1030,Hochelaga,Condo,4,2,2273.0,1985.0,Oui,Oui,524000.0
1031,Rosemont,Duplex,3,1,3117.0,1989.0,Oui,Oui,853000.0
1032,NDG,Condo,4,1,860.0,1987.0,Non,Oui,489000.0
1033,Villeray,Maison,4,3,3340.0,1970.0,Non,Oui,980000.0
1034,Centre-Ville,Condo,2,2,1140.0,1962.0,Oui,Oui,559000.0
1035,NDG,Condo,2,2,3481.0,1985.0,Oui,Oui,868000.0
1036,Westmount,Condo,3,1,2681.0,2013.0,Non,Non,1138000.0
1037,NDG,Condo,1,1,1405.0,1988.0,Oui,Non,480000.0
1038,NDG,Triplex,1,2,1724.0,2001.0,Oui,Oui,670000.0
1039,Westmount,Duplex,4,1,1578.0,2010.0,Non,Oui,1061000.0
1040,Rosemont,Condo,1,1,2849.0,2007.0,Non,Oui,676000.0
1041,NDG,Condo,1,1,2130.0,1974.0,Oui,Oui,569000.0
1042,Verdun,Condo,3,1,1622.0,1995.0,Oui,Non,471000.0
1043,Rosemont,Condo,5,1,2829.0,1984.0,Oui,Non,811000.0
1044,Westmount,Maison,4,2,1434.0,2009.0,Oui,Oui,1274000.0
1045,Plateau,Maison,2,1,3493.0,1957.0,Oui,Non,1177000.0
1046,Hochelaga,Maison,3,1,2670.0,2010.0,Oui,Non,771000.0
1047,Villeray,Condo,3,2,926.0,1964.0,Non,Non,371000.0
1048,Rosemont,Maison,4,1,996.0,1987.0,Non,Non,609000.0
1049,Rosemont,Condo,2,2,885.0,2002.0,Non,Oui,364000.0
1050,Verdun,Triplex,2,1,2829.0,1990.0,Non,Oui,763000.0
1051,Rosemont,Duplex,3,1,1821.0,1962.0,Oui,Non,578000.0
1052,Ahuntsic,Triplex,2,2,3078.0,2004.0,Non,Oui,821000.0
1053,Hochelaga,Duplex,3,2,848.0,1994.0,Oui,Non,401000.0
1054,Plateau,Condo,3,2,841.0,2018.0,Non,Oui,550000.0
1055,Verdun,Condo,3,3,1345.0,2004.0,Oui,Oui,444000.0
1056,Ahuntsic,Maison,2,2,3102.0,1980.0,Oui,Oui,962000.0
1057,Ahuntsic,Duplex,2,1,2241.0,1961.0,Non,Non,594000.0
1058,Hochelaga,Maison,1,1,3100.0,1989.0,Oui,Non,754000.0
1059,Rosemont,Condo,2,2,1370.0,1968.0,Oui,Oui,454000.0
1060,Centre-Ville,Condo,2,1,2206.0,1970.0,Non,Oui,749000.0
1061,Verdun,Maison,2,2,1138.0,1990.0,Oui,Oui,509000.0
1062,Verdun,Condo,4,2,535.0,2016.0,Oui,Oui,319000.0
1063,Villeray,Maison,3,1,2909.0,2008.0,Oui,Oui,841000.0
1064,Westmount,Condo,3,3,641.0,2023.0,Oui,Non,590000.0
1065,Westmount,Maison,2,2,3159.0,1956.0,Oui,Oui,1545000.0
1066,Rosemont,Maison,2,1,938.0,1982.0,Non,Oui,505000.0
1067,Verdun,Duplex,3,2,2748.0,1955.0,Non,Oui,688000.0
1068,Villeray,Condo,2,2,1721.0,1951.0,Non,Non,463000.0
1069,Rosemont,Duplex,3,1,2867.0,1956.0,Oui,Oui,739000.0
1070,Villeray,Triplex,3,2,1226.0,1992.0,Non,Non,534000.0
1071,Outremont,Maison,3,2,578.0,1962.0,Oui,Oui,702000.0
1072,Verdun,Condo,1,1,2365.0,1965.0,Oui,Non,533000.0
1073,Plateau,Duplex,3,2,2725.0,1966.0,Oui,Non,910000.0
1074,Ahuntsic,Condo,1,3,2033.0,1957.0,Non,Oui,513000.0
1075,Ahuntsic,Maison,2,1,1070.0,2008.0,Oui,Non,576000.0
1076,NDG,Maison,1,3,1048.0,1961.0,Oui,Non,555000.0
1077,Outremont,Maison,4,1,2459.0,1969.0,Oui,Non,1374000.0
1078,Rosemont,Condo,4,2,727.0,2014.0,Oui,Oui,529000.0
1079,Outremont,Condo,5,2,746.0,1954.0,Non,Oui,619000.0
1080,Westmount,Maison,2,1,1322.0,2023.0,Oui,Non,1064000.0
1081,NDG,Condo,4,1,1999.0,2004.0,Oui,Oui,687000.0
1082,Hochelaga,Condo,3,2,3086.0,1997.0,Oui,Oui,638000.0
1083,Centre-Ville,Maison,4,2,1407.0,1967.0,Non,Non,884000.0
1084,NDG,Condo,2,1,2853.0,1988.0,Oui,Non,775000.0
1085,Villeray,Maison,2,2,3022.0,2021.0,Non,Non,872000.0
1086,Outremont,Condo,4,1,591.0,1956.0,Non,Oui,591000.0
1087,Verdun,Condo,2,1,2259.0,1970.0,Non,Non,495000.0
1088,Outremont,Maison,1,2,2555.0,1950.0,Oui,Oui,1073000.0
1089,NDG,Condo,2,2,999.0,1963.0,Oui,Oui,497000.0
1090,Villeray,Maison,3,2,3097.0,2001.0,Oui,Oui,902000.0
1091,NDG,Condo,3,1,3334.0,1982.0,Oui,Non,844000.0
1092,NDG,Condo,1,2,2759.0,1964.0,Non,Oui,731000.0
1093,Hochelaga,Condo,3,3,2545.0,1999.0,Non,Non,504000.0
1094,Westmount,Duplex,2,1,3478.0,1962.0,Oui,Oui,1414000.0
1095,Westmount,Condo,2,3,1599.0,1982.0,Non,Oui,855000.0
1096,Hochelaga,Triplex,1,2,3052.0,2015.0,Non,Non,686000.0
1097,Hochelaga,Condo,3,3,531.0,2002.0,Oui,Non,366000.0
1098,NDG,Condo,3,2,541.0,1950.0,Oui,Oui,391000.0
1099,Plateau,Duplex,3,2,2608.0,1993.0,Oui,Oui,930000.0
1100,Outremont,Maison,2,3,819.0,2014.0,Non,Non,722000.0
1101,Hochelaga,Duplex,2,3,2875.0,2012.0,Oui,Oui,616000.0
1102,Outremont,Maison,2,1,3098.0,1965.0,Oui,Oui,1389000.0
1103,Westmount,Condo,3,2,1758.0,1968.0,Oui,Non,808000.0
1104,Ahuntsic,Condo,2,1,3087.0,1983.0,Oui,Oui,692000.0
1105,Outremont,Maison,2,3,1410.0,1988.0,Oui,Oui,913000.0
1106,Plateau,Maison,2,2,2848.0,2009.0,Oui,Non,1095000.0
1107,Centre-Ville,Maison,1,2,3390.0,1964.0,Oui,Oui,1373000.0
1108,NDG,Condo,4,3,930.0,2001.0,Oui,Oui,503000.0
1109,Ahuntsic,Duplex,3,2,3351.0,2000.0,Oui,Oui,864000.0
1110,Rosemont,Maison,5,1,1414.0,1995.0,Oui,Non,751000.0
1111,Centre-Ville,Condo,3,2,1422.0,2018.0,Non,Oui,669000.0
1112,Plateau,Triplex,3,2,3327.0,1985.0,Oui,Non,1073000.0
1113,Plateau,Condo,4,2,1194.0,2003.0,Oui,Non,569000.0
1114,Westmount,Duplex,4,1,1534.0,1963.0,Oui,Oui,947000.0
1115,Hochelaga,Condo,2,2,613.0,1953.0,Oui,Oui,299000.0
1116,Westmount,Triplex,2,1,2548.0,1987.0,Oui,Non,1243000.0
1117,Westmount,Maison,1,2,2381.0,2016.0,Non,Oui,1304000.0
1118,Rosemont,Condo,3,2,3154.0,1982.0,Oui,Oui,739000.0
1119,Outremont,Condo,3,1,2976.0,1989.0,Oui,Oui,1081000.0
1120,Plateau,Maison,2,3,833.0,2007.0,Oui,Non,628000.0
1121,Hochelaga,Maison,2,2,3493.0,1956.0,Oui,Oui,817000.0
1122,Westmount,Maison,3,3,3383.0,2004.0,Oui,Oui,1725000.0
1123,Centre-Ville,Condo,4,1,838.0,,Oui,Non,641000.0
1124,Villeray,Maison,1,1,1637.0,2005.0,Non,Oui,545000.0
1125,Plateau,Maison,2,3,3287.0,1958.0,Oui,Oui,1119000.0
1126,Verdun,Duplex,3,3,3217.0,2020.0,Non,Oui,755000.0
1127,Westmount,Triplex,1,1,1689.0,1999.0,Oui,Non,942000.0
1128,Villeray,Duplex,2,2,776.0,1956.0,Oui,Oui,400000.0
1129,Plateau,Condo,1,2,2663.0,1992.0,Non,Oui,672000.0
1130,Verdun,Condo,2,1,966.0,1991.0,Oui,Non,407000.0
1131,Verdun,Condo,2,2,3135.0,2018.0,Non,Non,631000.0
1132,Rosemont,Maison,2,2,2160.0,2015.0,Oui,Non,792000.0
1133,Rosemont,Maison,3,1,1678.0,1983.0,Oui,Non,732000.0
1134,Ahuntsic,Maison,2,2,1110.0,1988.0,Oui,Oui,565000.0
1135,Outremont,Maison,4,1,2623.0,1956.0,Oui,Oui,1323000.0
1136,Westmount,Maison,2,2,1436.0,1998.0,Oui,Non,1084000.0
1137,NDG,Condo,1,1,2436.0,2020.0,Non,Non,632000.0
1138,Outremont,Maison,1,2,1899.0,1999.0,Oui,Oui,1000000.0
1139,Plateau,Condo,5,1,2733.0,,Non,Oui,940000.0
1140,Hochelaga,Condo,1,1,1860.0,1957.0,Oui,Oui,392000.0
1141,NDG,Condo,2,2,1217.0,1955.0,Non,Non,378000.0
1142,Hochelaga,Duplex,4,1,532.0,1994.0,Oui,Oui,417000.0
1143,Rosemont,Condo,2,1,878.0,1983.0,Oui,Non,350000.0
1144,Hochelaga,Condo,1,1,1278.0,2011.0,Oui,Oui,415000.0
1145,Ahuntsic,Triplex,3,3,1161.0,1993.0,Non,Non,549000.0
1146,NDG,Maison,1,2,1802.0,2006.0,Oui,Oui,742000.0
1147,Hochelaga,Condo,3,2,2124.0,2009.0,Oui,Oui,468000.0
1148,Westmount,Condo,3,2,1993.0,2006.0,Non,Non,956000.0
1149,Verdun,Condo,2,2,3224.0,2012.0,Non,Oui,642000.0
1150,Centre-Ville,Condo,2,3,2213.0,,Oui,Non,831000.0
1151,NDG,Duplex,1,1,704.0,1972.0,Oui,Non,393000.0
1152,Verdun,Duplex,3,1,714.0,2018.0,Oui,Non,449000.0
1153,NDG,Triplex,3,2,686.0,1968.0,Non,Non,456000.0
1154,Westmount,Condo,1,2,2756.0,1995.0,Oui,Oui,1021000.0
1155,Verdun,Maison,2,3,1128.0,1965.0,Oui,Oui,491000.0
1156,Hochelaga,Maison,3,3,1059.0,1973.0,Oui,Non,484000.0
1157,NDG,Condo,1,2,1113.0,2017.0,Oui,Oui,496000.0
1158,Rosemont,Maison,4,2,3265.0,1988.0,Oui,Oui,1064000.0
1159,Plateau,Condo,2,2,3102.0,2014.0,Oui,Non,854000.0
1160,Centre-Ville,Condo,2,3,3452.0,1968.0,Oui,Oui,1050000.0
1161,Westmount,Duplex,4,1,2594.0,1972.0,Oui,Non,1230000.0
1162,Centre-Ville,Condo,3,3,3345.0,1980.0,Oui,Oui,1034000.0
1163,Outremont,Duplex,4,1,1127.0,1956.0,Oui,Oui,766000.0
1164,Westmount,Condo,2,1,3219.0,1972.0,Non,Oui,1203000.0
1165,Hochelaga,Maison,5,1,2464.0,1979.0,Oui,Non,760000.0
1166,Plateau,Maison,5,1,1123.0,1996.0,Non,Non,813000.0
1167,Outremont,Duplex,3,2,3371.0,1988.0,Oui,Oui,1237000.0
1168,Centre-Ville,Duplex,3,2,1555.0,1985.0,Non,Non,753000.0
1169,Rosemont,Condo,2,3,2561.0,1964.0,Oui,Oui,567000.0
1170,Ahuntsic,Maison,1,2,1786.0,1982.0,Oui,Oui,673000.0
1171,Hochelaga,Condo,2,1,1232.0,1984.0,Oui,Oui,336000.0
1172,Hochelaga,Condo,2,3,2927.0,1972.0,Oui,Oui,589000.0
1173,Westmount,Condo,1,2,1478.0,2022.0,Oui,Oui,677000.0
1174,Plateau,Condo,2,2,3009.0,2007.0,Oui,Oui,883000.0
1175,Hochelaga,Condo,4,3,1093.0,1977.0,Oui,Non,341000.0
1176,Westmount,Condo,4,1,1854.0,1992.0,Oui,Oui,966000.0
1177,Hochelaga,Maison,2,1,2906.0,1954.0,Non,Oui,696000.0
1178,Hochelaga,Duplex,5,1,2317.0,1963.0,Non,Oui,631000.0
1179,Verdun,Condo,4,1,2090.0,1956.0,Oui,Non,560000.0
1180,Villeray,Maison,1,3,1522.0,2002.0,Oui,Oui,592000.0
1181,Outremont,Duplex,2,2,1547.0,1952.0,Oui,Non,765000.0
1182,Ahuntsic,Condo,2,3,3226.0,1962.0,Oui,Non,706000.0
1183,Outremont,Triplex,2,1,1997.0,1952.0,Non,Oui,910000.0
1184,Ahuntsic,Maison,1,1,3067.0,2007.0,Oui,Oui,950000.0
1185,Verdun,Maison,2,2,1007.0,1984.0,Non,Non,485000.0
1186,Rosemont,Condo,3,3,3226.0,2006.0,Non,Oui,746000.0
1187,Rosemont,Maison,3,2,1294.0,2017.0,Non,Non,605000.0
1188,NDG,Maison,4,1,669.0,2022.0,Non,Oui,628000.0
1189,Westmount,Maison,2,2,1910.0,2001.0,Oui,Non,1227000.0
1190,Plateau,Duplex,3,3,2919.0,1951.0,Oui,Oui,932000.0
1191,Centre-Ville,Condo,2,1,2783.0,1961.0,Oui,Non,885000.0
1192,Villeray,Duplex,3,1,2509.0,1951.0,Oui,Oui,647000.0
1193,Outremont,Duplex,3,2,1564.0,1988.0,Oui,Non,791000.0
1194,Westmount,Condo,1,2,3020.0,2004.0,Oui,Non,1150000.0
1195,Rosemont,Condo,3,2,1233.0,2000.0,Non,Non,451000.0
1196,Westmount,Condo,1,3,2001.0,2013.0,Oui,Non,848000.0
1197,Rosemont,Maison,2,2,2216.0,1985.0,Oui,Oui,739000.0
1198,Verdun,Condo,2,1,2061.0,,Oui,Oui,534000.0
1199,Verdun,Condo,3,3,2029.0,2020.0,Oui,Oui,580000.0
1200,Verdun,Duplex,2,2,2318.0,2011.0,Oui,Oui,631000.0
1201,Plateau,Condo,2,1,1513.0,1964.0,Oui,Oui,582000.0
1202,NDG,Maison,3,1,3192.0,,Non,Oui,1105000.0
1203,Rosemont,Maison,5,2,2782.0,1984.0,Oui,Oui,983000.0
1204,Ahuntsic,Duplex,3,2,2535.0,2016.0,Oui,Non,787000.0
1205,Ahuntsic,Maison,3,2,730.0,2002.0,Oui,Oui,572000.0
1206,Westmount,Triplex,2,1,3307.0,1985.0,Non,Oui,1452000.0
1207,Rosemont,Maison,2,2,1320.0,1984.0,Non,Non,606000.0
1208,Westmount,Maison,1,2,,2023.0,Non,Oui,1526000.0
1209,Verdun,Triplex,2,2,2444.0,1962.0,Oui,Oui,686000.0
1210,Ahuntsic,Maison,1,3,1702.0,1973.0,Non,Non,593000.0
1211,Rosemont,Maison,2,2,931.0,2018.0,Non,Non,536000.0
1212,Outremont,Condo,3,3,547.0,1961.0,Oui,Non,515000.0
1213,Westmount,Condo,3,2,,1978.0,Oui,Non,887000.0
1214,Westmount,Condo,3,3,2496.0,1952.0,Oui,Oui,1095000.0
1215,NDG,Maison,2,1,2465.0,1981.0,Oui,Oui,937000.0
1216,Ahuntsic,Duplex,4,2,1177.0,1970.0,Oui,Non,542000.0
1217,Hochelaga,Condo,5,1,3395.0,2007.0,Oui,Non,693000.0
1218,Ahuntsic,Condo,5,1,692.0,1990.0,Non,Oui,481000.0
1219,Verdun,Maison,1,1,3195.0,1956.0,Oui,Oui,821000.0
1220,Plateau,Condo,1,2,3270.0,1952.0,Oui,Non,834000.0
1221,Verdun,Maison,2,3,3251.0,2021.0,Oui,Oui,908000.0
1222,Centre-Ville,Triplex,3,2,1408.0,1956.0,Non,Non,815000.0
1223,Villeray,Maison,3,1,805.0,1965.0,Oui,Oui,473000.0
1224,Plateau,Maison,4,2,655.0,1970.0,Non,Oui,617000.0
1225,Westmount,Maison,3,1,2299.0,1964.0,Non,Oui,1322000.0
1226,Ahuntsic,Maison,2,1,1098.0,1986.0,Oui,Oui,542000.0
1227,Villeray,Maison,1,2,766.0,1979.0,Oui,Non,461000.0
1228,NDG,Condo,2,2,894.0,2004.0,Non,Oui,445000.0
1229,Outremont,Duplex,5,2,3425.0,2006.0,Oui,Non,1395000.0
1230,Centre-Ville,Duplex,3,1,2715.0,1995.0,Oui,Oui,1046000.0
1231,Rosemont,Condo,1,3,864.0,2020.0,Non,Oui,381000.0
1232,Outremont,Duplex,1,1,968.0,2021.0,Oui,Oui,605000.0
1233,Verdun,Condo,3,1,2808.0,1996.0,Oui,Non,602000.0
1234,Westmount,Condo,3,1,1810.0,2019.0,Oui,Oui,923000.0
1235,Centre-Ville,Maison,3,1,1857.0,2016.0,Oui,Oui,1085000.0
1236,Villeray,Duplex,3,2,3123.0,2008.0,Oui,Oui,801000.0
1237,NDG,Condo,2,3,1679.0,1965.0,Non,Non,524000.0
1238,Verdun,Maison,2,2,2437.0,1977.0,Non,Oui,728000.0
1239,Westmount,Duplex,3,1,649.0,2018.0,Oui,Non,718000.0
1240,Ahuntsic,Duplex,1,2,2879.0,1979.0,Oui,Non,740000.0
1241,Westmount,Condo,4,2,1259.0,,Oui,Non,766000.0
1242,Plateau,Maison,3,1,2800.0,2007.0,Oui,Non,1130000.0
1243,Outremont,Maison,4,1,631.0,1961.0,Oui,Oui,807000.0
1244,Rosemont,Maison,1,1,1005.0,1990.0,Oui,Oui,536000.0
1245,Rosemont,Maison,2,3,578.0,1951.0,Non,Oui,432000.0
1246,Hochelaga,Condo,4,3,2157.0,1971.0,Oui,Oui,537000.0
1247,Ahuntsic,Condo,3,3,1376.0,1986.0,Oui,Oui,545000.0
1248,Westmount,Maison,3,1,3075.0,2009.0,Oui,Oui,1641000.0
1249,Villeray,Duplex,1,3,1053.0,2002.0,Oui,Oui,401000.0
1250,Outremont,Duplex,3,2,1206.0,1999.0,Oui,Oui,768000.0
1251,Hochelaga,Condo,2,3,1890.0,1954.0,Non,Non,447000.0
1252,Verdun,Maison,1,1,2607.0,1993.0,Oui,Oui,747000.0
1253,Centre-Ville,Condo,2,2,1830.0,1952.0,Oui,Non,667000.0
1254,Ahuntsic,Condo,3,1,2475.0,2000.0,Non,Oui,632000.0
1255,NDG,Maison,5,1,709.0,1978.0,Non,Non,578000.0
1256,Hochelaga,Condo,2,2,1169.0,1957.0,Oui,Non,331000.0
1257,Ahuntsic,Condo,1,1,3295.0,1994.0,Oui,Oui,724000.0
1258,Verdun,Maison,4,2,1886.0,1977.0,Non,Non,656000.0
1259,Hochelaga,Condo,1,2,3291.0,1956.0,Non,Oui,549000.0
1260,Plateau,Maison,2,2,1657.0,1955.0,Oui,Oui,768000.0
1261,Hochelaga,Duplex,2,2,1327.0,2001.0,Oui,Non,442000.0
1262,Outremont,Condo,2,2,2785.0,1955.0,Oui,Non,922000.0
1263,Outremont,Maison,3,3,2647.0,1971.0,Oui,Non,1262000.0
1264,Ahuntsic,Condo,1,1,2479.0,1972.0,Non,Non,561000.0
1265,Villeray,Maison,2,3,1782.0,2009.0,Oui,Non,664000.0
1266,Ahuntsic,Duplex,1,2,626.0,1982.0,Oui,Oui,355000.0
1267,Villeray,Maison,2,2,1896.0,1964.0,Non,Oui,643000.0
1268,Plateau,Condo,2,1,2792.0,1960.0,Oui,Oui,764000.0
1269,Westmount,Duplex,4,1,1360.0,1970.0,Non,Non,905000.0
1270,Westmount,Maison,3,1,3444.0,1961.0,Non,Non,1690000.0
1271,Villeray,Maison,2,2,2394.0,1962.0,Oui,Oui,708000.0
1272,Ahuntsic,Maison,3,2,3168.0,1989.0,Oui,Oui,997000.0
1273,Rosemont,Condo,2,3,1216.0,2001.0,Oui,Non,381000.0
1274,Verdun,Triplex,3,2,1046.0,1973.0,Oui,Non,495000.0
1275,Plateau,Condo,2,2,3122.0,1999.0,Oui,Oui,843000.0
1276,Outremont,Condo,2,3,1770.0,1952.0,Non,Non,697000.0
1277,Centre-Ville,Duplex,3,3,2076.0,2007.0,Non,Oui,899000.0
1278,Westmount,Condo,3,3,2632.0,1985.0,Oui,Non,1117000.0
1279,Verdun,Condo,3,2,3089.0,2004.0,Oui,Non,665000.0
1280,Villeray,Maison,2,1,3358.0,,Oui,Non,901000.0
1281,Verdun,Maison,2,2,1711.0,1959.0,Non,Oui,630000.0
1282,NDG,Condo,3,1,,1972.0,Oui,Non,627000.0
1283,Hochelaga,Duplex,4,1,1853.0,2002.0,Non,Oui,554000.0
1284,Verdun,Maison,1,2,1141.0,1988.0,Non,Non,497000.0
1285,Outremont,Condo,5,1,3219.0,2009.0,Oui,Oui,1235000.0
1286,Villeray,Maison,3,2,1133.0,1961.0,Non,Non,508000.0
1287,NDG,Condo,2,1,3443.0,1967.0,Non,Non,829000.0
1288,Rosemont,Condo,5,3,1069.0,1951.0,Oui,Non,467000.0
1289,Villeray,Maison,2,3,993.0,1990.0,Oui,Oui,471000.0
1290,Westmount,Maison,2,1,2075.0,2017.0,Oui,Oui,1255000.0
1291,Westmount,Condo,1,1,2214.0,1990.0,Oui,Oui,892000.0
1292,Ahuntsic,Triplex,4,2,1750.0,1968.0,Oui,Non,696000.0
1293,Plateau,Maison,5,1,1363.0,1999.0,Oui,Non,871000.0
1294,NDG,Condo,2,1,,1974.0,Oui,Non,396000.0
1295,Plateau,Maison,4,2,1324.0,1994.0,Oui,Non,801000.0
1296,Plateau,Duplex,1,2,2455.0,2010.0,Oui,Non,814000.0
1297,Westmount,Condo,3,2,1881.0,1989.0,Oui,Oui,985000.0
1298,Westmount,Duplex,3,2,2023.0,2014.0,Oui,Oui,1134000.0
1299,Plateau,Maison,1,2,2515.0,1980.0,Oui,Oui,910000.0
1300,Plateau,Maison,1,1,1784.0,2017.0,Oui,Non,801000.0
1301,NDG,Duplex,1,1,902.0,1969.0,Non,Non,401000.0
1302,Hochelaga,Maison,4,1,1131.0,1998.0,Oui,Oui,582000.0
1303,Ahuntsic,Maison,3,1,3280.0,1951.0,Oui,Oui,978000.0
1304,Ahuntsic,Duplex,3,1,1867.0,1957.0,Non,Non,602000.0
1305,Rosemont,Triplex,4,2,806.0,1958.0,Oui,Oui,562000.0
1306,Rosemont,Duplex,3,1,2205.0,1975.0,Oui,Oui,626000.0
1307,NDG,Triplex,4,3,2425.0,2007.0,Non,Non,881000.0
1308,Verdun,Duplex,1,2,3089.0,1956.0,Oui,Oui,651000.0
1309,Rosemont,Duplex,2,2,2988.0,1979.0,Non,Oui,785000.0
1310,Verdun,Condo,2,2,,1994.0,Oui,Oui,565000.0
1311,Villeray,Triplex,3,1,2666.0,1959.0,Oui,Oui,776000.0
1312,Verdun,Condo,2,2,1895.0,2014.0,Oui,Oui,484000.0
1313,Outremont,Maison,2,2,549.0,2006.0,Oui,Oui,681000.0
1314,Centre-Ville,Condo,3,2,2046.0,2009.0,Oui,Oui,822000.0
1315,Westmount,Condo,2,2,3078.0,1952.0,Oui,Non,1145000.0
1316,NDG,Maison,5,2,2298.0,1995.0,Oui,Oui,1024000.0
1317,NDG,Condo,2,3,1279.0,1981.0,Oui,Oui,454000.0
1318,Centre-Ville,Condo,3,2,647.0,2017.0,Oui,Non,543000.0
1319,Plateau,Maison,1,2,1210.0,1979.0,Oui,Oui,590000.0
1320,Rosemont,Condo,2,1,3120.0,1991.0,Oui,Non,736000.0
1321,Westmount,Condo,1,1,1068.0,1968.0,Oui,Oui,580000.0
1322,Hochelaga,Duplex,4,2,,1989.0,Oui,Oui,541000.0
1323,Verdun,Condo,4,2,2298.0,2012.0,Oui,Oui,593000.0
1324,Verdun,Condo,2,2,2273.0,1980.0,Oui,Oui,560000.0
1325,NDG,Duplex,5,3,1893.0,1954.0,Oui,Oui,777000.0
1326,NDG,Condo,2,1,1167.0,2017.0,Non,Non,437000.0
1327,Rosemont,Duplex,2,3,1317.0,2004.0,Non,Non,530000.0
1328,Ahuntsic,Condo,2,2,2346.0,2015.0,Oui,Non,585000.0
1329,Plateau,Condo,2,2,2556.0,2013.0,Non,Oui,762000.0
1330,Ahuntsic,Maison,2,1,1629.0,1998.0,Non,Oui,637000.0
1331,Rosemont,Condo,3,1,1047.0,2011.0,Non,Non,385000.0
1332,NDG,Duplex,2,1,2354.0,2014.0,Oui,Oui,767000.0
1333,Outremont,Triplex,1,1,2260.0,1970.0,Non,Non,983000.0
1334,Rosemont,Condo,5,1,2161.0,1957.0,Non,Oui,632000.0
1335,Villeray,Condo,3,2,798.0,1955.0,Oui,Oui,383000.0
1336,Hochelaga,Duplex,4,3,3095.0,1992.0,Oui,Oui,682000.0
1337,Outremont,Triplex,1,1,1551.0,2003.0,Oui,Oui,857000.0
1338,Outremont,Maison,2,2,3296.0,1967.0,Oui,Non,1334000.0
1339,Centre-Ville,Triplex,2,1,2116.0,1986.0,Oui,Oui,1000000.0
1340,Villeray,Condo,4,2,2115.0,1956.0,Oui,Oui,548000.0
1341,Outremont,Duplex,4,1,1251.0,1989.0,Oui,Non,773000.0
1342,Villeray,Maison,2,2,3291.0,1983.0,Oui,Oui,893000.0
1343,Villeray,Condo,2,2,3449.0,1988.0,Oui,Oui,762000.0
1344,Hochelaga,Maison,5,2,2334.0,2017.0,Oui,Non,782000.0
1345,Outremont,Condo,2,2,2941.0,2009.0,Oui,Non,1014000.0
1346,Plateau,Maison,2,1,1072.0,1996.0,Non,Non,713000.0
1347,NDG,Maison,4,1,2214.0,1965.0,Oui,Oui,953000.0
1348,Ahuntsic,Duplex,4,2,646.0,2000.0,Oui,Non,472000.0
1349,Outremont,Maison,1,1,3276.0,2022.0,Non,Oui,1436000.0
1350,Centre-Ville,Maison,3,2,2869.0,1956.0,Non,Non,1272000.0
1351,Centre-Ville,Condo,3,2,3244.0,1955.0,Oui,Oui,1017000.0
1352,Plateau,Duplex,3,1,2334.0,1976.0,Oui,Oui,801000.0
1353,Rosemont,Maison,3,3,2923.0,1959.0,Oui,Non,909000.0
1354,Villeray,Duplex,5,1,2335.0,2010.0,Oui,Oui,720000.0
1355,Outremont,Duplex,3,2,904.0,1970.0,Oui,Non,659000.0
1356,Hochelaga,Maison,2,2,3346.0,2021.0,Oui,Non,819000.0
1357,Westmount,Condo,3,2,705.0,2013.0,Non,Oui,620000.0
1358,Outremont,Maison,1,2,1746.0,1968.0,Non,Non,928000.0
1359,Hochelaga,Condo,2,2,2305.0,1979.0,Non,Oui,463000.0
1360,Rosemont,Condo,2,2,2439.0,2019.0,Oui,Non,598000.0
1361,Plateau,Maison,2,1,2121.0,2006.0,Oui,Oui,916000.0
1362,Villeray,Condo,2,2,1316.0,1979.0,Oui,Non,378000.0
1363,Rosemont,Maison,2,1,2412.0,1993.0,Oui,Oui,809000.0
1364,Hochelaga,Condo,4,2,1310.0,2016.0,Non,Non,415000.0
1365,Centre-Ville,Maison,4,2,2484.0,1962.0,Oui,Non,1235000.0
1366,Ahuntsic,Maison,2,2,2725.0,1967.0,Oui,Oui,968000.0
1367,Plateau,Maison,2,2,1984.0,1957.0,Oui,Non,894000.0
1368,Verdun,Duplex,2,2,1289.0,1981.0,Oui,Oui,418000.0
1369,Hochelaga,Maison,3,2,1717.0,1953.0,Oui,Non,563000.0
1370,NDG,Duplex,2,1,2000.0,,Oui,Oui,697000.0
1371,NDG,Duplex,1,1,2894.0,1997.0,Non,Non,793000.0
1372,Rosemont,Condo,4,1,557.0,2002.0,Oui,Oui,395000.0
1373,Ahuntsic,Condo,3,1,3081.0,2005.0,Oui,Non,775000.0
1374,Ahuntsic,Condo,3,2,2923.0,1962.0,Non,Oui,672000.0
1375,Westmount,Maison,3,3,1522.0,2014.0,Oui,Oui,1145000.0
1376,Villeray,Condo,3,1,1029.0,2000.0,Oui,Non,392000.0
1377,Centre-Ville,Triplex,3,1,1947.0,1996.0,Non,Oui,934000.0
1378,Rosemont,Maison,3,3,1193.0,1967.0,Oui,Non,645000.0
1379,Ahuntsic,Condo,5,1,2436.0,2002.0,Oui,Non,726000.0
1380,Verdun,Condo,1,1,1227.0,2000.0,Non,Oui,386000.0
1381,Villeray,Condo,3,3,1863.0,1987.0,Oui,Oui,501000.0
1382,Verdun,Duplex,1,2,2651.0,1967.0,Oui,Non,692000.0
1383,Verdun,Maison,4,1,760.0,2008.0,Oui,Oui,502000.0
1384,NDG,Duplex,2,1,,2022.0,Oui,Oui,618000.0
1385,Verdun,Condo,2,2,2410.0,2014.0,Oui,Oui,636000.0
1386,Centre-Ville,Maison,2,1,3201.0,2017.0,Non,Oui,1357000.0
1387,Outremont,Duplex,3,2,3262.0,1982.0,Oui,Oui,1259000.0
1388,Centre-Ville,Maison,4,1,897.0,1976.0,Non,Oui,783000.0
1389,Centre-Ville,Maison,2,3,1833.0,1951.0,Oui,Non,943000.0
1390,Centre-Ville,Condo,1,1,1481.0,2018.0,Oui,Non,625000.0
1391,Hochelaga,Maison,2,3,2828.0,1992.0,Non,Oui,782000.0
1392,Rosemont,Maison,4,1,1374.0,2012.0,Oui,Oui,703000.0
1393,Verdun,Duplex,3,2,1503.0,2002.0,Oui,Oui,508000.0
1394,Verdun,Maison,3,3,1021.0,,Oui,Non,507000.0
1395,Plateau,Maison,1,2,2003.0,1992.0,Oui,Non,873000.0
1396,Plateau,Duplex,3,2,1208.0,1964.0,Oui,Non,608000.0
1397,Westmount,Duplex,2,1,2498.0,1971.0,Oui,Non,1164000.0
1398,Rosemont,Maison,4,2,3290.0,1968.0,Oui,Non,1047000.0
1399,NDG,Maison,2,2,2362.0,1953.0,Oui,Oui,827000.0
1400,Outremont,Condo,2,2,534.0,1969.0,Oui,Non,503000.0
1401,Westmount,Condo,4,2,2485.0,1972.0,Oui,Non,1131000.0
1402,Westmount,Maison,3,3,2496.0,1994.0,Oui,Non,1415000.0
1403,Outremont,Triplex,1,2,938.0,2007.0,Non,Oui,626000.0
1404,Centre-Ville,Condo,1,1,1982.0,2019.0,Non,Non,688000.0
1405,Centre-Ville,Condo,4,3,1422.0,1997.0,Non,Non,695000.0
1406,Rosemont,Maison,3,2,1502.0,1998.0,Non,Oui,680000.0
1407,Centre-Ville,Duplex,3,1,1899.0,1987.0,Oui,Oui,887000.0
1408,Hochelaga,Condo,4,1,2791.0,1970.0,Oui,Oui,585000.0
1409,Ahuntsic,Duplex,3,1,1513.0,1974.0,Oui,Oui,631000.0
1410,NDG,Condo,3,2,3392.0,1978.0,Oui,Oui,926000.0
1411,NDG,Maison,4,3,1649.0,1990.0,Oui,Oui,837000.0
1412,Verdun,Maison,3,2,1613.0,1973.0,Oui,Non,636000.0
1413,Villeray,Condo,3,1,1357.0,1964.0,Oui,Non,413000.0
1414,Villeray,Maison,1,2,1737.0,1955.0,Oui,Oui,613000.0
1415,Westmount,Condo,3,1,3051.0,1956.0,Oui,Oui,1203000.0
1416,Westmount,Triplex,4,2,1401.0,2003.0,Oui,Oui,1037000.0
1417,Outremont,Condo,4,1,1420.0,2003.0,Oui,Non,756000.0
1418,Westmount,Duplex,1,2,1192.0,1978.0,Non,Oui,715000.0
1419,NDG,Condo,5,2,3003.0,2006.0,Oui,Oui,915000.0
1420,Hochelaga,Maison,3,3,1114.0,1993.0,Non,Oui,416000.0
1421,Verdun,Triplex,2,1,2094.0,2015.0,Oui,Non,654000.0
1422,Villeray,Condo,2,3,2668.0,1963.0,Oui,Oui,589000.0
1423,Verdun,Maison,3,2,3400.0,1971.0,Oui,Oui,943000.0
1424,Centre-Ville,Maison,2,1,1718.0,1964.0,Oui,Oui,910000.0
1425,Outremont,Maison,2,1,1815.0,1999.0,Oui,Oui,1076000.0
1426,Ahuntsic,Condo,4,2,1622.0,1997.0,Oui,Oui,569000.0
1427,Ahuntsic,Duplex,2,1,2613.0,2013.0,Oui,Non,654000.0
1428,Villeray,Condo,4,1,633.0,1992.0,Oui,Non,371000.0
1429,Verdun,Triplex,3,2,3292.0,1962.0,Non,Oui,856000.0
1430,Hochelaga,Duplex,2,2,2349.0,1992.0,Non,Non,517000.0
1431,Centre-Ville,Condo,2,2,1359.0,1950.0,Non,Oui,537000.0
1432,Villeray,Maison,2,2,3156.0,1988.0,Oui,Oui,924000.0
1433,Centre-Ville,Condo,4,1,1259.0,1962.0,Non,Oui,645000.0
1434,Verdun,Duplex,3,3,1751.0,1957.0,Non,Non,526000.0
1435,Rosemont,Condo,1,2,2603.0,1960.0,Oui,Oui,549000.0
1436,Ahuntsic,Condo,3,1,3004.0,2019.0,Oui,Non,781000.0
1437,Westmount,Condo,2,2,2407.0,2017.0,Oui,Non,987000.0
1438,Hochelaga,Condo,1,1,1817.0,1997.0,Oui,Oui,456000.0
1439,Outremont,Condo,2,1,984.0,1973.0,Oui,Oui,567000.0
1440,Hochelaga,Triplex,4,1,2725.0,2013.0,Oui,Non,743000.0
1441,Outremont,Condo,5,2,1187.0,2019.0,Oui,Oui,818000.0
1442,Plateau,Condo,5,2,663.0,1966.0,Oui,Oui,484000.0
1443,Ahuntsic,Condo,1,1,,1964.0,Oui,Oui,720000.0
1444,Villeray,Maison,2,2,2026.0,1962.0,Oui,Oui,690000.0
1445,Verdun,Condo,2,2,1390.0,1957.0,Oui,Oui,359000.0
1446,Plateau,Maison,1,2,2113.0,1987.0,Oui,Non,834000.0
1447,Rosemont,Maison,2,2,1575.0,1958.0,Non,Oui,582000.0
1448,Plateau,Condo,3,2,2231.0,2016.0,Oui,Oui,692000.0
1449,Outremont,Maison,2,3,3289.0,1989.0,Oui,Oui,1454000.0
1450,Rosemont,Duplex,2,3,801.0,2008.0,Oui,Oui,428000.0
1451,NDG,Condo,3,3,1199.0,1962.0,Oui,Oui,480000.0
1452,Rosemont,Condo,2,3,2372.0,1992.0,Oui,Non,582000.0
1453,Verdun,Maison,2,2,545.0,1979.0,Non,Non,334000.0
1454,Plateau,Maison,2,2,1420.0,1961.0,Oui,Oui,728000.0
1455,NDG,Condo,2,2,676.0,1995.0,Oui,Oui,420000.0
1456,Westmount,Maison,2,2,882.0,1969.0,Non,Non,799000.0
1457,Plateau,Condo,3,2,2246.0,2005.0,Non,Oui,684000.0
1458,Verdun,Triplex,2,2,2873.0,1955.0,Oui,Oui,772000.0
1459,Rosemont,Maison,2,1,2992.0,2009.0,Oui,Oui,990000.0
1460,Villeray,Condo,1,2,1666.0,1970.0,Non,Oui,488000.0
1461,Rosemont,Maison,1,1,831.0,,Oui,Non,438000.0
1462,Centre-Ville,Condo,4,1,878.0,1953.0,Non,Oui,594000.0
1463,Outremont,Condo,3,2,3384.0,1989.0,Non,Oui,1186000.0
1464,Ahuntsic,Condo,1,1,1714.0,2007.0,Oui,Oui,517000.0
1465,Centre-Ville,Triplex,3,2,1128.0,1981.0,Oui,Oui,855000.0
1466,Verdun,Maison,2,2,1883.0,1996.0,Oui,Oui,656000.0
1467,Verdun,Condo,2,2,3040.0,2001.0,Non,Non,620000.0
1468,NDG,Condo,2,2,2344.0,1990.0,Oui,Oui,614000.0
1469,Westmount,Condo,2,1,859.0,1978.0,Oui,Non,615000.0
1470,NDG,Duplex,2,2,1760.0,1987.0,Oui,Non,626000.0
1471,Hochelaga,Maison,3,2,,1996.0,Oui,Non,543000.0
1472,Westmount,Condo,3,1,1032.0,1959.0,Non,Oui,700000.0
1473,Westmount,Maison,3,1,2424.0,2017.0,Non,Oui,1421000.0
1474,Ahuntsic,Condo,5,2,2002.0,2014.0,Oui,Oui,673000.0
1475,Ahuntsic,Maison,2,1,3221.0,1981.0,Oui,Oui,978000.0
1476,Plateau,Triplex,2,1,1307.0,1982.0,Oui,Non,661000.0
1477,Villeray,Triplex,4,3,1638.0,1980.0,Non,Non,558000.0
1478,Rosemont,Triplex,2,1,1454.0,1954.0,Oui,Non,533000.0
1479,NDG,Condo,4,1,2332.0,2018.0,Oui,Oui,757000.0
1480,Centre-Ville,Condo,2,1,2044.0,1985.0,Oui,Non,781000.0
1481,Verdun,Duplex,2,1,3424.0,1958.0,Oui,Non,751000.0
1482,Verdun,Condo,2,2,2838.0,1997.0,Non,Non,595000.0
1483,Rosemont,Condo,3,1,1476.0,1950.0,Oui,Non,478000.0
1484,NDG,Maison,3,1,1854.0,1967.0,Oui,Oui,787000.0
1485,Outremont,Maison,3,2,2430.0,1967.0,Oui,Oui,1243000.0
1486,Plateau,Duplex,3,1,3476.0,2011.0,Oui,Oui,1111000.0
1487,Villeray,Condo,3,2,1464.0,1967.0,Non,Non,430000.0
1488,Westmount,Maison,1,1,1459.0,2008.0,Oui,Oui,998000.0
1489,Verdun,Duplex,2,3,3492.0,1973.0,Non,Non,753000.0
1490,Hochelaga,Condo,3,1,1435.0,1998.0,Oui,Oui,473000.0
1491,Ahuntsic,Maison,4,2,737.0,1994.0,Non,Non,575000.0
1492,Westmount,Maison,2,1,1662.0,1971.0,Non,Oui,1090000.0
1493,Centre-Ville,Maison,1,2,2224.0,1950.0,Non,Oui,982000.0
1494,Ahuntsic,Maison,3,1,3462.0,1970.0,Non,Oui,1063000.0
1495,Villeray,Maison,2,3,2322.0,1962.0,Oui,Oui,749000.0
1496,Hochelaga,Duplex,3,1,1425.0,2003.0,Oui,Oui,519000.0
1497,Villeray,Duplex,3,1,,2002.0,Oui,Oui,676000.0
1498,Rosemont,Triplex,3,2,2243.0,1996.0,Non,Oui,760000.0
1499,Outremont,Maison,3,2,1453.0,2011.0,Non,Non,1004000.0
1500,Villeray,Duplex,5,1,3420.0,1951.0,Oui,Oui,856000.0
1501,Westmount,Condo,3,2,2824.0,2017.0,Non,Oui,1198000.0
1502,Centre-Ville,Condo,3,1,2591.0,1977.0,Oui,Non,894000.0
1503,Villeray,Maison,1,1,1246.0,1979.0,Non,Oui,444000.0
1504,Verdun,Condo,1,2,3320.0,2001.0,Non,Non,606000.0
1505,Centre-Ville,Condo,4,1,786.0,1990.0,Oui,Oui,654000.0
1506,Outremont,Duplex,5,1,,,Oui,Oui,1389000.0
1507,Hochelaga,Condo,1,2,3085.0,2000.0,Oui,Non,565000.0
1508,Plateau,Maison,1,3,570.0,2007.0,Oui,Oui,502000.0
1509,Westmount,Condo,4,1,2712.0,2003.0,Oui,Oui,1212000.0
1510,Ahuntsic,Maison,2,2,2395.0,1991.0,Oui,Non,796000.0
1511,Ahuntsic,Condo,1,2,778.0,1952.0,Non,Non,368000.0
1512,Verdun,Duplex,4,2,1492.0,1963.0,Non,Oui,500000.0
1513,Rosemont,Maison,3,2,2516.0,1983.0,Oui,Oui,848000.0
1514,Ahuntsic,Duplex,3,2,741.0,2016.0,Oui,Oui,468000.0
1515,Centre-Ville,Maison,1,1,2855.0,1965.0,Non,Non,1152000.0
1516,Ahuntsic,Maison,3,2,2613.0,2017.0,Non,Non,894000.0
1517,Ahuntsic,Triplex,2,1,2785.0,1999.0,Non,Oui,859000.0
1518,Ahuntsic,Condo,3,2,3298.0,2022.0,Non,Oui,788000.0
1519,Plateau,Maison,3,2,2839.0,2000.0,Non,Non,1087000.0
1520,Hochelaga,Maison,3,3,2649.0,,Oui,Oui,813000.0
1521,Plateau,Maison,2,2,1007.0,1952.0,Oui,Non,621000.0
1522,Outremont,Maison,2,2,1349.0,2017.0,Non,Non,861000.0
1523,Ahuntsic,Duplex,2,3,2428.0,1973.0,Non,Oui,638000.0
1524,Plateau,Condo,4,1,1877.0,2003.0,Oui,Non,675000.0
1525,Rosemont,Maison,1,1,1303.0,2015.0,Oui,Non,487000.0
1526,Ahuntsic,Duplex,2,1,1025.0,2003.0,Oui,Oui,509000.0
1527,Hochelaga,Triplex,3,1,2135.0,1988.0,Oui,Oui,607000.0
1528,Outremont,Condo,3,1,3303.0,1950.0,Oui,Oui,1136000.0
1529,Verdun,Maison,4,2,1532.0,1974.0,Oui,Non,654000.0
1530,Ahuntsic,Condo,3,3,620.0,1986.0,Oui,Non,303000.0
1531,Hochelaga,Maison,3,1,3318.0,2005.0,Non,Non,833000.0
1532,Westmount,Condo,4,1,3190.0,2008.0,Oui,Non,1300000.0
1533,Ahuntsic,Condo,4,3,1021.0,1959.0,Non,Non,479000.0
1534,Outremont,Maison,3,2,3495.0,1960.0,Non,Non,1530000.0
1535,Hochelaga,Maison,2,1,2148.0,1962.0,Oui,Oui,617000.0
1536,Plateau,Duplex,3,2,,1984.0,Non,Oui,512000.0
1537,Ahuntsic,Condo,1,2,2998.0,1998.0,Oui,Non,652000.0
1538,Rosemont,Maison,3,2,3106.0,2003.0,Oui,Oui,990000.0
1539,Hochelaga,Maison,1,3,2653.0,2000.0,Oui,Oui,670000.0
1540,Villeray,Duplex,1,1,2796.0,1963.0,Oui,Non,628000.0
1541,Plateau,Duplex,2,2,3200.0,2014.0,Oui,Oui,991000.0
1542,Westmount,Maison,4,1,1129.0,1953.0,Non,Oui,994000.0
1543,Plateau,Condo,3,2,1169.0,2014.0,Non,Oui,561000.0
1544,Verdun,Condo,1,1,,,Oui,Oui,426000.0
1545,Villeray,Maison,2,2,2155.0,2014.0,Oui,Oui,745000.0
1546,Verdun,Condo,3,2,3413.0,1983.0,Non,Oui,771000.0
1547,Outremont,Condo,2,1,3217.0,2006.0,Oui,Oui,1130000.0
1548,Villeray,Maison,4,1,2123.0,1958.0,Oui,Oui,726000.0
1549,Centre-Ville,Triplex,5,1,2222.0,1962.0,Oui,Non,1084000.0
1550,Westmount,Condo,1,2,791.0,1961.0,Oui,Oui,592000.0
1551,Rosemont,Duplex,2,1,,2022.0,Oui,Non,717000.0
1552,Verdun,Condo,3,1,3079.0,1979.0,Oui,Oui,670000.0
1553,Outremont,Condo,4,2,1899.0,2000.0,Oui,Oui,891000.0
1554,Villeray,Duplex,2,2,1612.0,2006.0,Oui,Oui,510000.0
1555,Hochelaga,Maison,1,2,2480.0,2012.0,Non,Non,637000.0
1556,Villeray,Condo,2,1,2707.0,1965.0,Oui,Oui,605000.0
1557,Hochelaga,Maison,2,2,2912.0,1953.0,Oui,Oui,743000.0
1558,Outremont,Condo,2,3,2260.0,1969.0,Oui,Non,820000.0
1559,NDG,Maison,2,1,2519.0,1964.0,Oui,Oui,964000.0
1560,Outremont,Maison,1,1,1415.0,1964.0,Non,Oui,810000.0
1561,Centre-Ville,Condo,4,2,1067.0,1987.0,Non,Non,634000.0
1562,Rosemont,Maison,3,2,3339.0,1985.0,Oui,Non,1029000.0
1563,Verdun,Triplex,4,2,3039.0,2000.0,Oui,Non,858000.0
1564,Verdun,Maison,3,2,2640.0,1974.0,Non,Oui,782000.0
1565,Hochelaga,Triplex,2,3,1565.0,1954.0,Non,Oui,428000.0
1566,Verdun,Maison,2,2,3295.0,1952.0,Oui,Non,900000.0
1567,Verdun,Maison,3,2,2934.0,2001.0,Oui,Non,853000.0
1568,Verdun,Condo,2,2,951.0,1982.0,Non,Non,335000.0
1569,Hochelaga,Duplex,1,1,1591.0,1974.0,Oui,Non,466000.0
1570,Hochelaga,Maison,3,2,1728.0,1969.0,Non,Oui,613000.0
1571,Outremont,Condo,4,3,2370.0,1985.0,Oui,Non,943000.0
1572,Outremont,Condo,4,3,1004.0,1960.0,Non,Non,644000.0
1573,Villeray,Triplex,3,1,1416.0,1999.0,Oui,Oui,524000.0
1574,Outremont,Condo,2,2,2842.0,1989.0,Non,Oui,1016000.0
1575,Hochelaga,Maison,2,3,2225.0,1966.0,Oui,Non,629000.0
1576,NDG,Maison,2,2,,2011.0,Oui,Oui,654000.0
1577,Centre-Ville,Condo,4,1,1157.0,,Oui,Non,671000.0
1578,Westmount,Duplex,3,2,2743.0,1955.0,Oui,Non,1215000.0
1579,Centre-Ville,Maison,1,1,2361.0,2006.0,Non,Oui,1045000.0
1580,Verdun,Maison,2,2,2274.0,1959.0,Oui,Oui,701000.0
1581,Villeray,Duplex,4,1,2287.0,1954.0,Oui,Non,656000.0
1582,Ahuntsic,Triplex,2,1,1498.0,2009.0,Non,Non,554000.0
1583,Ahuntsic,Condo,3,2,956.0,1956.0,Non,Oui,406000.0
1584,NDG,Maison,2,2,961.0,1996.0,Non,Oui,580000.0
1585,Westmount,Condo,3,1,730.0,1968.0,Oui,Non,579000.0
1586,Villeray,Duplex,3,2,2707.0,1953.0,Oui,Oui,652000.0
1587,Hochelaga,Condo,2,1,1316.0,2023.0,Oui,Oui,340000.0
1588,NDG,Condo,3,1,877.0,1993.0,Oui,Non,446000.0
1589,Outremont,Condo,2,2,1279.0,1967.0,Oui,Oui,643000.0
1590,Centre-Ville,Maison,3,1,2042.0,1996.0,Oui,Non,1097000.0
1591,Hochelaga,Maison,4,2,1677.0,1977.0,Oui,Oui,593000.0
1592,Villeray,Triplex,2,2,1423.0,2003.0,Non,Oui,480000.0
1593,Villeray,Condo,1,1,764.0,1974.0,Oui,Oui,294000.0
1594,Plateau,Maison,3,1,3036.0,1952.0,Oui,Oui,1157000.0
1595,Verdun,Condo,2,3,2697.0,2022.0,Oui,Oui,671000.0
1596,NDG,Maison,3,2,2923.0,1957.0,Oui,Non,1025000.0
1597,Verdun,Maison,3,2,3190.0,1955.0,Non,Non,850000.0
1598,Outremont,Condo,3,3,773.0,2020.0,Oui,Non,615000.0
1599,Outremont,Condo,3,2,3050.0,2020.0,Oui,Oui,1113000.0
1600,Outremont,Duplex,2,3,2841.0,,Oui,Oui,1109000.0
1601,Hochelaga,Condo,3,3,1685.0,2007.0,Non,Non,393000.0
1602,Westmount,Maison,2,2,,2022.0,Oui,Oui,1248000.0
1603,Outremont,Condo,2,2,1935.0,1950.0,Non,Non,725000.0
1604,Westmount,Condo,2,2,1179.0,1999.0,Oui,Non,697000.0
1605,Centre-Ville,Triplex,4,3,1357.0,1994.0,Oui,Non,891000.0
1606,Rosemont,Condo,2,3,3110.0,1969.0,Non,Oui,719000.0
1607,Villeray,Maison,3,1,1619.0,1997.0,Oui,Oui,619000.0
1608,Verdun,Condo,1,2,2626.0,2012.0,Oui,Oui,624000.0
1609,NDG,Maison,1,3,2468.0,2003.0,Non,Oui,895000.0
1610,Centre-Ville,Maison,5,2,3265.0,1972.0,Non,Non,1439000.0
1611,Rosemont,Maison,2,3,3393.0,1979.0,Oui,Oui,953000.0
1612,Hochelaga,Maison,4,2,1623.0,2013.0,Oui,Non,629000.0
1613,Rosemont,Condo,4,2,947.0,2006.0,Oui,Oui,481000.0
1614,NDG,Maison,2,2,2156.0,1977.0,Non,Oui,793000.0
1615,Ahuntsic,Duplex,1,1,2649.0,1966.0,Oui,Oui,740000.0
1616,Verdun,Condo,2,2,1750.0,2008.0,Oui,Oui,482000.0
1617,Centre-Ville,Duplex,4,1,3415.0,1967.0,Non,Oui,1220000.0
1618,Westmount,Maison,4,2,988.0,1958.0,Oui,Non,983000.0
1619,Plateau,Triplex,4,3,2460.0,2002.0,Oui,Oui,1042000.0
1620,Outremont,Maison,4,1,1253.0,1975.0,Oui,Non,966000.0
1621,Verdun,Condo,2,1,3152.0,1965.0,Oui,Non,649000.0
1622,Outremont,Condo,2,2,723.0,1997.0,Oui,Non,489000.0
1623,Ahuntsic,Condo,2,1,2527.0,1952.0,Oui,Oui,621000.0
1624,Villeray,Triplex,3,2,1456.0,2006.0,Non,Oui,601000.0
1625,NDG,Maison,3,1,3337.0,1973.0,Oui,Non,1103000.0
1626,Verdun,Condo,2,2,2202.0,1954.0,Oui,Non,517000.0
1627,Villeray,Condo,3,2,2740.0,2015.0,Oui,Oui,557000.0
1628,Centre-Ville,Maison,1,1,2570.0,2012.0,Non,Non,1140000.0
1629,Verdun,Triplex,3,1,2043.0,1989.0,Non,Oui,645000.0
1630,Ahuntsic,Maison,3,3,3161.0,1979.0,Non,Oui,987000.0
1631,Ahuntsic,Maison,2,1,1245.0,1976.0,Oui,Oui,607000.0
1632,Rosemont,Condo,3,2,2648.0,1958.0,Oui,Oui,681000.0
1633,NDG,Maison,1,1,2661.0,1990.0,Non,Oui,908000.0
1634,NDG,Condo,3,2,1248.0,1978.0,Oui,Oui,483000.0
1635,Centre-Ville,Condo,3,1,1158.0,2006.0,Oui,Non,674000.0
1636,Villeray,Duplex,5,1,2456.0,2012.0,Oui,Non,762000.0
1637,Centre-Ville,Triplex,2,3,721.0,1979.0,Oui,Non,605000.0
1638,Verdun,Maison,4,2,1832.0,1972.0,Non,Non,729000.0
1639,Rosemont,Condo,2,2,2875.0,,Oui,Non,688000.0
1640,NDG,Maison,1,3,805.0,,Oui,Non,474000.0
1641,Ahuntsic,Condo,3,2,541.0,2003.0,Oui,Oui,390000.0
1642,Villeray,Duplex,5,1,2410.0,1996.0,Oui,Oui,759000.0
1643,Hochelaga,Maison,3,1,3311.0,1951.0,Oui,Oui,825000.0
1644,Westmount,Condo,3,2,2522.0,2011.0,Oui,Non,1082000.0
1645,Villeray,Maison,1,1,1933.0,2006.0,Non,Non,581000.0
1646,NDG,Duplex,2,2,2455.0,1997.0,Non,Oui,749000.0
1647,Westmount,Duplex,1,1,1550.0,1958.0,Oui,Non,806000.0
1648,Outremont,Duplex,2,1,3151.0,1979.0,Non,Oui,1121000.0
1649,Westmount,Duplex,3,2,2599.0,1983.0,Non,Oui,1145000.0
1650,Ahuntsic,Maison,3,2,1828.0,1983.0,Oui,Non,726000.0
1651,Westmount,Maison,2,3,1523.0,2015.0,Oui,Oui,1107000.0
1652,Rosemont,Maison,4,1,2058.0,1987.0,Non,Oui,870000.0
1653,Outremont,Condo,2,2,3276.0,2002.0,Oui,Non,1111000.0
1654,NDG,Condo,2,3,1692.0,2006.0,Oui,Oui,644000.0
1655,Hochelaga,Condo,1,2,1694.0,1973.0,Oui,Oui,377000.0
1656,Westmount,Maison,3,2,3365.0,1964.0,Non,Non,1666000.0
1657,Plateau,Duplex,2,1,1895.0,2013.0,Non,Oui,710000.0
1658,Plateau,Duplex,4,2,1084.0,1998.0,Non,Non,686000.0
1659,Verdun,Condo,4,2,621.0,2016.0,Non,Non,386000.0
1660,Centre-Ville,Maison,2,1,1974.0,1951.0,Oui,Oui,910000.0
1661,Rosemont,Maison,4,1,1256.0,1956.0,Non,Non,608000.0
1662,Villeray,Condo,3,2,2267.0,1985.0,Oui,Non,518000.0
1663,Centre-Ville,Duplex,2,1,613.0,1956.0,Oui,Oui,554000.0
1664,Centre-Ville,Condo,3,1,2830.0,2022.0,Oui,Oui,973000.0
1665,Verdun,Maison,4,1,1228.0,2018.0,Oui,Non,632000.0
1666,Centre-Ville,Duplex,3,1,642.0,2023.0,Oui,Non,597000.0
1667,Outremont,Maison,4,1,2217.0,,Oui,Non,1201000.0
1668,Westmount,Condo,2,2,956.0,2004.0,Oui,Non,633000.0
1669,NDG,Condo,2,1,1382.0,2003.0,Oui,Non,495000.0
1670,Outremont,Condo,2,1,2036.0,2021.0,Oui,Non,835000.0
1671,Villeray,Duplex,3,2,1903.0,,Oui,Oui,567000.0
1672,Rosemont,Condo,2,3,1407.0,2005.0,Oui,Oui,497000.0
1673,Centre-Ville,Duplex,2,3,2746.0,1962.0,Oui,Oui,947000.0
1674,Ahuntsic,Condo,4,2,1925.0,1954.0,Oui,Oui,549000.0
1675,Hochelaga,Condo,2,1,1540.0,,Non,Oui,412000.0
1676,Ahuntsic,Condo,4,1,535.0,2018.0,Non,Non,362000.0
1677,Centre-Ville,Maison,3,2,1112.0,1955.0,Oui,Oui,758000.0
1678,Villeray,Maison,3,1,941.0,1951.0,Oui,Oui,512000.0
1679,Rosemont,Condo,2,2,1759.0,2001.0,Non,Oui,512000.0
1680,Villeray,Maison,4,1,1321.0,1964.0,Non,Oui,623000.0
1681,Verdun,Condo,3,1,629.0,1987.0,Oui,Oui,273000.0
1682,Villeray,Duplex,1,1,926.0,1990.0,Oui,Non,315000.0
1683,Verdun,Duplex,4,2,2966.0,2014.0,Oui,Oui,800000.0
1684,Verdun,Condo,2,2,638.0,1986.0,Non,Oui,328000.0
1685,Verdun,Condo,4,1,1236.0,2016.0,Non,Oui,484000.0
1686,Westmount,Maison,2,2,1038.0,1987.0,Oui,Oui,930000.0
1687,Rosemont,Maison,1,2,2795.0,1959.0,Oui,Oui,849000.0
1688,Centre-Ville,Maison,4,1,1309.0,2005.0,Oui,Non,921000.0
1689,Outremont,Condo,3,3,2658.0,2007.0,Oui,Non,945000.0
1690,Hochelaga,Maison,1,2,2984.0,1959.0,Non,Non,755000.0
1691,Rosemont,Maison,1,2,1336.0,1999.0,Non,Non,522000.0
1692,Rosemont,Condo,2,1,3162.0,1990.0,Non,Oui,755000.0
1693,Villeray,Condo,2,3,1380.0,1963.0,Oui,Oui,397000.0
1694,Centre-Ville,Maison,2,2,1112.0,2015.0,Oui,Non,780000.0
1695,Rosemont,Condo,4,1,1962.0,1983.0,Non,Non,563000.0
1696,Hochelaga,Maison,2,2,1913.0,2007.0,Oui,Non,600000.0
1697,Rosemont,Maison,2,2,1107.0,,Non,Non,543000.0
1698,Villeray,Maison,3,2,2084.0,1963.0,Oui,Oui,665000.0
1699,Villeray,Maison,4,2,2796.0,2020.0,Oui,Oui,930000.0
1700,NDG,Duplex,3,3,2958.0,2012.0,Oui,Oui,953000.0
1701,Westmount,Condo,5,2,3418.0,1963.0,Oui,Oui,1404000.0
1702,Plateau,Maison,2,2,1801.0,1955.0,Non,Oui,813000.0
1703,Hochelaga,Maison,1,2,3270.0,1960.0,Non,Oui,749000.0
1704,Verdun,Duplex,4,2,2312.0,1976.0,Oui,Non,642000.0
1705,Rosemont,Condo,4,1,3090.0,2003.0,Oui,Oui,797000.0
1706,Verdun,Condo,2,1,2554.0,2002.0,Oui,Oui,559000.0
1707,Ahuntsic,Maison,2,3,3087.0,1974.0,Oui,Oui,946000.0
1708,Rosemont,Maison,3,2,996.0,1985.0,Oui,Oui,537000.0
1709,NDG,Condo,2,1,876.0,1967.0,Oui,Non,374000.0
1710,Ahuntsic,Maison,2,2,1646.0,2005.0,Oui,Oui,725000.0
1711,Hochelaga,Maison,1,1,3124.0,1959.0,Oui,Non,661000.0
1712,Rosemont,Maison,3,2,742.0,2000.0,Non,Non,536000.0
1713,Villeray,Condo,3,1,1914.0,,Oui,Non,577000.0
1714,Verdun,Condo,4,3,,2022.0,Oui,Non,642000.0
1715,Rosemont,Duplex,2,1,2105.0,1970.0,Non,Non,575000.0
1716,Plateau,Condo,3,2,2976.0,1982.0,Non,Oui,867000.0
1717,Outremont,Maison,1,3,1953.0,1974.0,Oui,Oui,961000.0
1718,Rosemont,Condo,2,2,739.0,2016.0,Non,Oui,349000.0
1719,Outremont,Maison,4,2,2579.0,1968.0,Non,Oui,1283000.0
1720,Villeray,Maison,2,2,1418.0,2005.0,Oui,Non,534000.0
1721,Hochelaga,Condo,3,1,2130.0,1997.0,Oui,Oui,529000.0
1722,Villeray,Condo,3,2,1763.0,1990.0,Non,Oui,487000.0
1723,Rosemont,Maison,2,1,1865.0,2001.0,Non,Oui,729000.0
1724,Ahuntsic,Maison,3,2,2036.0,1957.0,Oui,Non,768000.0
1725,Westmount,Condo,2,2,834.0,1996.0,Oui,Oui,596000.0
1726,Plateau,Maison,3,1,1537.0,1989.0,Oui,Non,799000.0
1727,Plateau,Duplex,2,2,2307.0,1994.0,Oui,Non,759000.0
1728,Hochelaga,Triplex,5,1,2994.0,2010.0,Non,Oui,780000.0
1729,Villeray,Condo,3,3,1627.0,2004.0,Oui,Oui,492000.0
1730,NDG,Maison,2,2,1572.0,2021.0,Oui,Oui,739000.0
1731,Rosemont,Maison,2,2,3021.0,1993.0,Non,Non,927000.0
1732,Verdun,Triplex,3,1,1676.0,1968.0,Oui,Oui,596000.0
1733,Verdun,Triplex,1,3,2242.0,1971.0,Oui,Non,580000.0
1734,Verdun,Maison,3,2,2599.0,2012.0,Oui,Oui,842000.0
1735,Centre-Ville,Condo,3,2,1407.0,,Non,Oui,693000.0
1736,Ahuntsic,Maison,3,2,3387.0,2022.0,Oui,Non,1056000.0
1737,Rosemont,Condo,2,2,,1997.0,Oui,Oui,531000.0
1738,Plateau,Condo,2,2,1680.0,1976.0,Non,Non,563000.0
1739,NDG,Duplex,3,2,1002.0,1969.0,Non,Non,519000.0
1740,Villeray,Duplex,2,2,2850.0,1999.0,Non,Non,695000.0
1741,Centre-Ville,Triplex,2,2,3017.0,1960.0,Non,Non,1134000.0
1742,Plateau,Maison,4,1,1467.0,1966.0,Oui,Oui,884000.0
1743,Westmount,Condo,1,2,3037.0,1999.0,Non,Oui,1150000.0
1744,Ahuntsic,Condo,3,1,2537.0,1977.0,Oui,Oui,699000.0
1745,Villeray,Maison,2,2,2892.0,1999.0,Oui,Non,827000.0
1746,Verdun,Condo,2,2,3412.0,1952.0,Oui,Non,760000.0
1747,Verdun,Maison,2,3,2224.0,2016.0,Oui,Oui,717000.0
1748,NDG,Condo,3,2,3000.0,1965.0,Oui,Non,810000.0
1749,Verdun,Triplex,2,1,908.0,1959.0,Oui,Oui,408000.0
1750,Centre-Ville,Triplex,2,2,2666.0,2003.0,Oui,Oui,1136000.0
1751,Villeray,Condo,1,2,1633.0,2015.0,Oui,Non,454000.0
1752,Rosemont,Condo,4,1,807.0,1998.0,Oui,Oui,439000.0
1753,Ahuntsic,Maison,3,3,1102.0,1995.0,Oui,Oui,552000.0
1754,Verdun,Condo,2,2,658.0,2005.0,Oui,Non,393000.0
1755,Outremont,Condo,2,3,1494.0,1963.0,Oui,Oui,737000.0
1756,Rosemont,Condo,4,1,1532.0,1965.0,Oui,Oui,585000.0
1757,Westmount,Triplex,2,3,1425.0,1988.0,Oui,Non,888000.0
1758,Villeray,Triplex,2,1,2736.0,2009.0,Oui,Non,775000.0
1759,NDG,Triplex,2,1,2792.0,1990.0,Oui,Non,889000.0
1760,NDG,Condo,1,2,1624.0,1972.0,Non,Non,471000.0
1761,Westmount,Condo,2,3,1688.0,1978.0,Oui,Oui,810000.0
1762,Hochelaga,Condo,3,1,2868.0,1960.0,Oui,Oui,621000.0
1763,NDG,Maison,2,2,1995.0,1959.0,Non,Non,768000.0
1764,NDG,Condo,2,2,2362.0,2013.0,Oui,Oui,685000.0
1765,Verdun,Duplex,3,1,992.0,1965.0,Oui,Non,435000.0
1766,Centre-Ville,Maison,3,1,2895.0,1964.0,Non,Oui,1274000.0
1767,Villeray,Triplex,2,2,3458.0,2005.0,Oui,Oui,904000.0
1768,Rosemont,Triplex,3,2,1576.0,2012.0,Non,Oui,579000.0
1769,Plateau,Maison,5,1,1477.0,1974.0,Oui,Oui,880000.0
1770,Villeray,Duplex,2,1,2861.0,1983.0,Non,Oui,637000.0
1771,Hochelaga,Condo,3,1,1022.0,2017.0,Oui,Oui,384000.0
1772,Villeray,Duplex,5,1,2603.0,2007.0,Non,Oui,695000.0
1773,Verdun,Maison,2,1,2355.0,1955.0,Oui,Non,676000.0
1774,NDG,Condo,2,2,3183.0,1982.0,Oui,Oui,810000.0
1775,Centre-Ville,Duplex,3,3,835.0,1968.0,Oui,Non,595000.0
1776,Centre-Ville,Maison,2,2,951.0,1964.0,Oui,Oui,726000.0
1777,Centre-Ville,Condo,2,2,2545.0,1988.0,Oui,Non,826000.0
1778,Verdun,Triplex,1,3,2105.0,1993.0,Non,Oui,587000.0
1779,NDG,Condo,3,1,1735.0,2009.0,Non,Oui,595000.0
1780,Westmount,Maison,2,1,1444.0,1995.0,Oui,Non,989000.0
1781,Westmount,Duplex,2,3,1262.0,2020.0,Non,Oui,802000.0
1782,Villeray,Condo,1,1,1461.0,1985.0,Non,Non,392000.0
1783,Ahuntsic,Condo,4,2,1256.0,1983.0,Oui,Oui,497000.0
1784,NDG,Maison,1,2,774.0,2016.0,Non,Oui,482000.0
1785,Hochelaga,Condo,5,3,2855.0,2007.0,Non,Oui,639000.0
1786,Centre-Ville,Maison,3,3,3116.0,1961.0,Oui,Non,1318000.0
1787,Centre-Ville,Condo,4,2,1662.0,1990.0,Oui,Oui,788000.0
1788,Villeray,Triplex,2,2,2962.0,,Oui,Non,777000.0
1789,Ahuntsic,Condo,2,2,1159.0,,Oui,Non,438000.0
1790,Villeray,Maison,2,1,1361.0,1968.0,Oui,Non,545000.0
1791,Centre-Ville,Condo,3,3,764.0,1998.0,Non,Oui,537000.0
1792,Ahuntsic,Maison,2,1,2490.0,1951.0,Non,Oui,800000.0
1793,Plateau,Condo,2,2,1284.0,1970.0,Oui,Oui,567000.0
1794,Rosemont,Maison,3,2,1290.0,2012.0,Oui,Oui,642000.0
1795,Ahuntsic,Maison,3,1,3197.0,1962.0,Non,Non,1016000.0
1796,Villeray,Maison,2,2,649.0,1997.0,Oui,Non,415000.0
1797,Verdun,Condo,4,2,1098.0,1990.0,Non,Non,435000.0
1798,Outremont,Duplex,4,1,893.0,1980.0,Non,Oui,713000.0
1799,Westmount,Condo,2,2,3136.0,1972.0,Oui,Oui,1202000.0
1800,Plateau,Condo,3,3,3167.0,1994.0,Non,Oui,805000.0
1801,Outremont,Triplex,2,2,1306.0,1987.0,Non,Oui,804000.0
1802,Villeray,Condo,2,1,1294.0,1961.0,Non,Oui,384000.0
1803,NDG,Triplex,2,1,1779.0,1965.0,Oui,Oui,708000.0
1804,Rosemont,Maison,3,2,3375.0,1964.0,Oui,Non,1040000.0
1805,Villeray,Duplex,3,2,2334.0,2019.0,Non,Oui,675000.0
1806,Ahuntsic,Condo,2,1,3193.0,1959.0,Oui,Oui,695000.0
1807,NDG,Maison,2,1,1291.0,1995.0,Oui,Oui,614000.0
1808,Rosemont,Condo,2,1,3298.0,1955.0,Oui,Oui,689000.0
1809,Rosemont,Condo,2,1,3248.0,1960.0,Oui,Oui,718000.0
1810,Verdun,Condo,1,3,2554.0,1952.0,Non,Oui,504000.0
1811,Villeray,Maison,4,2,,1961.0,Oui,Non,572000.0
1812,Hochelaga,Maison,5,3,2617.0,1982.0,Oui,Oui,843000.0
1813,Centre-Ville,Duplex,3,2,563.0,1980.0,Oui,Non,573000.0
1814,Westmount,Maison,2,2,,1989.0,Oui,Non,752000.0
1815,Westmount,Maison,3,1,2623.0,2004.0,Non,Oui,1473000.0
1816,Ahuntsic,Condo,4,1,742.0,1975.0,Oui,Non,435000.0
1817,Westmount,Condo,3,2,2139.0,2022.0,Non,Oui,1045000.0
1818,Westmount,Triplex,3,2,2473.0,1956.0,Non,Non,1273000.0
1819,Westmount,Condo,2,1,3300.0,1959.0,Oui,Oui,1243000.0
1820,Plateau,Triplex,3,1,837.0,1989.0,Oui,Oui,617000.0
1821,Westmount,Duplex,2,2,1772.0,1967.0,Oui,Non,956000.0
1822,Verdun,Duplex,3,1,2500.0,1991.0,Non,Oui,683000.0
1823,Ahuntsic,Duplex,2,2,1206.0,1977.0,Oui,Oui,440000.0
1824,Outremont,Condo,3,1,2923.0,1956.0,Non,Non,1009000.0
1825,Rosemont,Duplex,2,1,2279.0,1975.0,Non,Oui,621000.0
1826,Ahuntsic,Condo,3,2,2789.0,1963.0,Non,Oui,655000.0
1827,Centre-Ville,Condo,2,2,3353.0,,Oui,Non,1049000.0
1828,Outremont,Duplex,5,1,2554.0,,Oui,Oui,1179000.0
1829,Centre-Ville,Condo,4,1,1297.0,1957.0,Oui,Oui,676000.0
1830,Ahuntsic,Duplex,3,1,,1988.0,Oui,Oui,569000.0
1831,Outremont,Condo,3,1,1500.0,1992.0,Oui,Oui,750000.0
1832,Plateau,Condo,4,2,2499.0,1978.0,Oui,Oui,780000.0
1833,Westmount,Triplex,3,2,3444.0,1957.0,Oui,Oui,1590000.0
1834,Outremont,Maison,2,1,2341.0,1986.0,Oui,Oui,1184000.0
1835,Plateau,Maison,2,3,1187.0,1973.0,Non,Oui,678000.0
1836,Verdun,Maison,2,3,2741.0,1963.0,Oui,Non,757000.0
1837,Plateau,Maison,3,1,1224.0,2019.0,Oui,Oui,809000.0
1838,Centre-Ville,Condo,2,2,1414.0,1994.0,Non,Non,623000.0
1839,Outremont,Duplex,3,2,1498.0,2020.0,Non,Non,922000.0
1840,Hochelaga,Duplex,2,1,1223.0,2016.0,Oui,Oui,392000.0
1841,Centre-Ville,Maison,2,1,3015.0,1987.0,Oui,Non,1325000.0
1842,NDG,Duplex,4,1,2396.0,2001.0,Oui,Oui,808000.0
1843,Ahuntsic,Maison,2,2,2506.0,2007.0,Oui,Oui,892000.0
1844,Outremont,Maison,2,1,942.0,1985.0,Oui,Non,777000.0
1845,Verdun,Condo,2,2,2686.0,1980.0,Oui,Oui,554000.0
1846,Plateau,Condo,2,3,2496.0,1978.0,Oui,Non,724000.0
1847,Verdun,Condo,1,2,599.0,1963.0,Oui,Oui,311000.0
1848,Hochelaga,Maison,2,1,1689.0,1990.0,Non,Non,530000.0
1849,Centre-Ville,Condo,3,1,2862.0,1963.0,Oui,Non,980000.0
1850,NDG,Condo,3,2,1453.0,2000.0,Oui,Oui,580000.0
1851,NDG,Duplex,1,2,958.0,2006.0,Oui,Non,489000.0
1852,Ahuntsic,Maison,3,2,2299.0,1954.0,Non,Oui,821000.0
1853,Outremont,Triplex,3,1,1324.0,1951.0,Oui,Non,794000.0
1854,Westmount,Triplex,3,1,2418.0,1966.0,Oui,Non,1267000.0
1855,Plateau,Maison,2,1,,2011.0,Oui,Non,593000.0
1856,NDG,Maison,3,2,1632.0,,Oui,Non,779000.0
1857,Rosemont,Triplex,2,2,2164.0,1989.0,Oui,Non,682000.0
1858,Ahuntsic,Duplex,3,1,2868.0,1955.0,Oui,Oui,775000.0
1859,Verdun,Maison,5,2,968.0,1968.0,Oui,Non,596000.0
1860,Rosemont,Maison,2,1,2046.0,1997.0,Oui,Oui,765000.0
1861,Plateau,Maison,3,3,814.0,1975.0,Non,Oui,549000.0
1862,Westmount,Condo,3,2,959.0,2017.0,Oui,Oui,777000.0
1863,Verdun,Condo,2,3,1105.0,1996.0,Non,Non,357000.0
1864,Westmount,Condo,1,2,2028.0,1955.0,Oui,Oui,801000.0
1865,Plateau,Maison,4,2,968.0,1968.0,Oui,Non,705000.0
1866,Villeray,Triplex,4,2,3082.0,1965.0,Oui,Non,826000.0
1867,Outremont,Condo,4,2,2338.0,1989.0,Non,Oui,928000.0
1868,Hochelaga,Duplex,3,1,2328.0,,Oui,Oui,574000.0
1869,Hochelaga,Condo,3,1,3030.0,1970.0,Non,Oui,631000.0
1870,Villeray,Maison,2,1,1376.0,1976.0,Oui,Oui,575000.0
1871,Ahuntsic,Condo,2,1,653.0,,Oui,Oui,310000.0
1872,Verdun,Triplex,2,2,966.0,1963.0,Oui,Oui,431000.0
1873,Westmount,Maison,2,2,2131.0,2004.0,Oui,Oui,1272000.0
1874,Hochelaga,Maison,4,1,2267.0,2017.0,Oui,Non,741000.0
1875,Centre-Ville,Triplex,3,1,2751.0,2022.0,Oui,Oui,1141000.0
1876,Rosemont,Maison,3,2,2592.0,1983.0,Oui,Non,906000.0
1877,Plateau,Triplex,3,1,3289.0,1973.0,Non,Oui,1070000.0
1878,Plateau,Maison,1,2,3242.0,1997.0,Oui,Oui,1118000.0
1879,Centre-Ville,Condo,3,2,1541.0,2020.0,Oui,Non,749000.0
1880,Ahuntsic,Condo,4,1,1071.0,1985.0,Non,Oui,477000.0
1881,Rosemont,Triplex,2,2,2442.0,2009.0,Oui,Non,783000.0
1882,Rosemont,Condo,4,1,2166.0,1958.0,Non,Oui,645000.0
1883,Plateau,Condo,2,1,3182.0,1967.0,Oui,Non,839000.0
1884,Plateau,Triplex,3,2,1926.0,1974.0,Non,Oui,777000.0
1885,Villeray,Maison,3,1,1572.0,2008.0,Non,Oui,641000.0
1886,NDG,Maison,4,1,1520.0,2010.0,Oui,Oui,840000.0
1887,Ahuntsic,Triplex,3,3,2125.0,2020.0,Oui,Non,754000.0
1888,Ahuntsic,Condo,2,1,2591.0,1957.0,Oui,Non,664000.0
1889,Outremont,Maison,2,2,999.0,1956.0,Non,Oui,731000.0
1890,Outremont,Condo,2,3,1496.0,1965.0,Oui,Oui,685000.0
1891,NDG,Condo,2,1,2829.0,1999.0,Oui,Oui,718000.0
1892,Ahuntsic,Maison,3,2,909.0,1986.0,Oui,Oui,542000.0
1893,Rosemont,Condo,1,1,2524.0,1984.0,Non,Oui,599000.0
1894,NDG,Maison,2,2,1263.0,1974.0,Oui,Oui,609000.0
1895,Ahuntsic,Condo,3,2,3058.0,1993.0,Oui,Oui,749000.0
1896,Ahuntsic,Maison,3,3,3328.0,1999.0,Non,Non,1024000.0
1897,Villeray,Duplex,3,3,584.0,2017.0,Oui,Oui,417000.0
1898,Villeray,Condo,3,3,544.0,1962.0,Non,Non,335000.0
1899,Hochelaga,Condo,3,2,1385.0,1952.0,Oui,Oui,409000.0
1900,Rosemont,Condo,4,1,1732.0,2022.0,Oui,Non,653000.0
1901,Centre-Ville,Maison,1,3,3229.0,,Oui,Oui,1288000.0
1902,Hochelaga,Triplex,2,1,1604.0,2008.0,Oui,Non,555000.0
1903,NDG,Maison,2,1,2243.0,2004.0,Oui,Oui,808000.0
1904,Hochelaga,Condo,1,1,1002.0,1971.0,Oui,Non,309000.0
1905,Westmount,Triplex,2,2,2584.0,1977.0,Oui,Non,1254000.0
1906,Plateau,Duplex,5,2,1636.0,1994.0,Non,Non,765000.0
1907,Centre-Ville,Maison,2,3,1478.0,1976.0,Non,Oui,852000.0
1908,Plateau,Duplex,2,1,903.0,1992.0,Oui,Oui,551000.0
1909,Westmount,Condo,4,2,985.0,1991.0,Non,Oui,769000.0
1910,Plateau,Condo,2,1,3457.0,1964.0,Oui,Non,899000.0
1911,NDG,Condo,1,2,2561.0,1975.0,Oui,Non,618000.0
1912,Westmount,Condo,2,2,1001.0,1992.0,Oui,Non,681000.0
1913,Westmount,Condo,3,3,1341.0,2005.0,Oui,Non,768000.0
1914,Centre-Ville,Maison,3,2,559.0,1987.0,Oui,Non,641000.0
1915,Ahuntsic,Maison,2,2,1843.0,2014.0,Non,Non,716000.0
1916,Hochelaga,Condo,4,2,1597.0,1963.0,Non,Non,434000.0
1917,Verdun,Condo,1,1,1883.0,1971.0,Oui,Oui,430000.0
1918,Rosemont,Condo,4,3,913.0,1967.0,Non,Oui,395000.0
1919,Plateau,Maison,2,1,,2003.0,Oui,Non,774000.0
1920,Plateau,Maison,3,1,2928.0,2008.0,Oui,Non,1142000.0
1921,Westmount,Maison,3,2,2209.0,1988.0,Non,Non,1287000.0
1922,Outremont,Maison,4,2,2342.0,1960.0,Non,Non,1247000.0
1923,Ahuntsic,Maison,2,1,2820.0,1992.0,Oui,Oui,913000.0
1924,Hochelaga,Condo,4,1,1629.0,1983.0,Non,Non,471000.0
1925,Villeray,Maison,5,1,3457.0,1956.0,Oui,Oui,1049000.0
1926,Centre-Ville,Duplex,5,2,1801.0,1973.0,Oui,Oui,883000.0
1927,Centre-Ville,Condo,3,1,3301.0,1960.0,Oui,Oui,996000.0
1928,NDG,Maison,2,1,2873.0,1985.0,Non,Oui,1006000.0
1929,Hochelaga,Maison,3,2,1942.0,2015.0,Non,Non,657000.0
1930,Verdun,Triplex,4,2,1373.0,1994.0,Non,Oui,591000.0
1931,Rosemont,Maison,2,1,3022.0,1951.0,Oui,Oui,901000.0
1932,Villeray,Condo,3,1,1848.0,1969.0,Oui,Non,542000.0
1933,Plateau,Maison,3,2,2712.0,2004.0,Oui,Non,1111000.0
1934,Westmount,Condo,3,2,812.0,1986.0,Non,Non,667000.0
1935,Plateau,Maison,2,2,1259.0,2012.0,Non,Oui,727000.0
1936,Outremont,Maison,3,2,1513.0,2021.0,Oui,Non,1006000.0
1937,Outremont,Maison,2,3,2179.0,1983.0,Oui,Non,1118000.0
1938,Ahuntsic,Condo,2,2,1589.0,1982.0,Non,Oui,476000.0
1939,Rosemont,Duplex,1,3,1265.0,1956.0,Non,Non,484000.0
1940,Villeray,Triplex,3,1,1998.0,1954.0,Oui,Non,638000.0
1941,Outremont,Maison,3,2,1853.0,2017.0,Oui,Non,1129000.0
1942,Westmount,Maison,3,2,1650.0,2010.0,Oui,Non,1179000.0
1943,Rosemont,Maison,5,1,3421.0,1954.0,Oui,Oui,1088000.0
1944,Centre-Ville,Maison,2,3,,1950.0,Oui,Oui,1051000.0
1945,Ahuntsic,Duplex,3,2,1370.0,2021.0,Non,Oui,553000.0
1946,Hochelaga,Condo,2,2,770.0,1993.0,Non,Oui,246000.0
1947,Centre-Ville,Condo,2,2,2720.0,1954.0,Non,Oui,850000.0
1948,Westmount,Condo,3,2,3359.0,2021.0,Non,Oui,1307000.0
1949,Ahuntsic,Condo,5,2,1088.0,1960.0,Oui,Non,485000.0
1950,Ahuntsic,Maison,5,1,3297.0,1981.0,Oui,Oui,1131000.0
1951,Hochelaga,Maison,4,2,2151.0,2005.0,Non,Non,706000.0
1952,Outremont,Condo,2,1,2766.0,1969.0,Oui,Oui,933000.0
1953,Outremont,Condo,3,3,1848.0,2006.0,Non,Non,807000.0
1954,Hochelaga,Condo,1,2,1144.0,1988.0,Oui,Non,311000.0
1955,Hochelaga,Duplex,2,2,576.0,1985.0,Oui,Oui,292000.0
1956,Westmount,Maison,2,3,1028.0,2008.0,Oui,Oui,912000.0
1957,Centre-Ville,Maison,2,3,2588.0,1976.0,Oui,Oui,1184000.0
1958,NDG,Maison,4,2,1376.0,1987.0,Oui,Oui,723000.0
1959,Verdun,Condo,3,2,1818.0,1977.0,Non,Non,460000.0
1960,NDG,Triplex,2,3,699.0,1993.0,Oui,Oui,483000.0
1961,Westmount,Duplex,1,3,3161.0,2022.0,Oui,Oui,1328000.0
1962,Plateau,Triplex,3,3,1445.0,2017.0,Oui,Non,725000.0
1963,Westmount,Condo,1,1,731.0,1999.0,Oui,Non,531000.0
1964,Centre-Ville,Maison,4,2,2719.0,1968.0,Non,Oui,1266000.0
1965,Ahuntsic,Maison,2,3,2023.0,2006.0,Oui,Non,794000.0
1966,Rosemont,Condo,2,1,2228.0,2019.0,Oui,Non,658000.0
1967,Rosemont,Duplex,2,2,3301.0,1973.0,Oui,Oui,836000.0
1968,Verdun,Condo,4,3,1645.0,1974.0,Oui,Oui,434000.0
1969,Centre-Ville,Condo,5,2,2317.0,1955.0,Oui,Non,941000.0
1970,Hochelaga,Condo,4,1,2137.0,1993.0,Oui,Non,486000.0
1971,Westmount,Maison,3,2,840.0,2009.0,Oui,Oui,949000.0
1972,NDG,Maison,3,3,3190.0,1987.0,Oui,Non,1059000.0
1973,Ahuntsic,Triplex,2,1,782.0,1986.0,Oui,Oui,430000.0
1974,Rosemont,Duplex,3,1,1614.0,2009.0,Oui,Oui,603000.0
1975,Rosemont,Condo,3,2,1398.0,1992.0,Oui,Oui,516000.0
1976,Centre-Ville,Maison,4,2,1297.0,,Oui,Oui,859000.0
1977,Verdun,Condo,3,2,1595.0,1985.0,Non,Oui,439000.0
1978,Hochelaga,Condo,4,2,589.0,2007.0,Oui,Non,362000.0
1979,Hochelaga,Maison,2,3,964.0,1976.0,Oui,Oui,414000.0
1980,Westmount,Duplex,3,2,1784.0,2007.0,Oui,Oui,1000000.0
1981,Westmount,Condo,4,2,862.0,1973.0,Non,Oui,690000.0
1982,Ahuntsic,Condo,3,2,840.0,1975.0,Non,Oui,446000.0
1983,Centre-Ville,Condo,4,2,1708.0,1955.0,Non,Oui,770000.0
1984,Ahuntsic,Maison,1,3,604.0,2004.0,Non,Oui,434000.0
1985,Villeray,Condo,2,2,2763.0,1955.0,Non,Non,571000.0
1986,Outremont,Maison,2,2,2778.0,1989.0,Oui,Non,1316000.0
1987,Hochelaga,Condo,4,1,3207.0,1950.0,Non,Oui,649000.0
1988,Centre-Ville,Condo,2,2,2579.0,2012.0,Oui,Oui,880000.0
1989,Rosemont,Maison,1,2,3287.0,1990.0,Non,Non,908000.0
1990,NDG,Condo,2,1,3282.0,2001.0,Non,Oui,804000.0
1991,Rosemont,Maison,1,1,2859.0,2004.0,Oui,Non,904000.0
1992,Westmount,Maison,3,1,3052.0,1983.0,Oui,Non,1630000.0
1993,Westmount,Duplex,2,2,1020.0,1978.0,Oui,Oui,736000.0
1994,Rosemont,Condo,3,2,1444.0,1970.0,Non,Oui,463000.0
1995,Outremont,Maison,2,1,2231.0,1957.0,Oui,Oui,1150000.0
1996,Centre-Ville,Duplex,4,2,1699.0,1962.0,Oui,Oui,844000.0
1997,Centre-Ville,Maison,2,2,861.0,1988.0,Non,Oui,717000.0
1998,NDG,Duplex,3,3,2189.0,2010.0,Oui,Oui,765000.0
1999,Verdun,Triplex,3,3,2780.0,1980.0,Non,Non,770000.0
2000,Rosemont,Maison,3,2,1460.0,2010.0,Oui,Oui,677000.0
2001,Rosemont,Condo,2,2,679.0,2015.0,Oui,Non,413000.0
2002,Westmount,Condo,2,1,1127.0,1965.0,Oui,Non,638000.0
2003,Outremont,Maison,2,1,1937.0,1976.0,Oui,Oui,1079000.0
2004,Rosemont,Duplex,1,3,3082.0,2001.0,Oui,Oui,749000.0
2005,Plateau,Maison,3,3,530.0,1966.0,Non,Oui,588000.0
2006,NDG,Condo,5,1,3008.0,2010.0,Non,Non,820000.0
2007,Westmount,Triplex,3,2,2784.0,1993.0,Non,Oui,1445000.0
2008,Rosemont,Duplex,3,2,2905.0,2007.0,Oui,Oui,870000.0
2009,Centre-Ville,Condo,1,1,3173.0,1961.0,Oui,Non,957000.0
2010,Outremont,Maison,3,2,,1973.0,Oui,Non,1198000.0
2011,Ahuntsic,Duplex,3,2,1880.0,1981.0,Non,Oui,638000.0
2012,Verdun,Condo,2,1,727.0,1971.0,Oui,Non,304000.0
2013,Ahuntsic,Duplex,3,3,512.0,2022.0,Oui,Oui,416000.0
2014,Ahuntsic,Maison,3,3,2823.0,1981.0,Non,Non,928000.0
2015,Rosemont,Maison,4,3,1113.0,1972.0,Non,Oui,662000.0
2016,Plateau,Triplex,2,1,3490.0,1965.0,Oui,Oui,1136000.0
2017,NDG,Duplex,3,1,3099.0,1977.0,Oui,Non,845000.0
2018,Verdun,Maison,3,2,3379.0,1965.0,Oui,Oui,973000.0
2019,Hochelaga,Duplex,3,2,1164.0,2000.0,Non,Non,392000.0
2020,Ahuntsic,Duplex,1,1,770.0,2016.0,Oui,Non,414000.0
2021,Plateau,Maison,2,2,2600.0,1951.0,Oui,Non,963000.0
2022,Outremont,Duplex,3,1,2970.0,1977.0,Oui,Oui,1207000.0
2023,Centre-Ville,Maison,2,2,2153.0,1995.0,Oui,Oui,1090000.0
2024,Plateau,Condo,2,3,1377.0,2019.0,Oui,Oui,570000.0
2025,Centre-Ville,Duplex,3,1,,2005.0,Oui,Non,1183000.0
2026,Ahuntsic,Duplex,3,2,3265.0,,Non,Oui,891000.0
2027,Verdun,Condo,2,1,2490.0,2011.0,Oui,Oui,593000.0
2028,Ahuntsic,Condo,3,1,3019.0,2011.0,Oui,Non,740000.0
2029,Centre-Ville,Condo,2,3,3233.0,2019.0,Non,Oui,1022000.0
2030,Centre-Ville,Triplex,2,3,2714.0,2012.0,Oui,Non,1079000.0
2031,Outremont,Maison,1,1,722.0,1997.0,Non,Oui,663000.0
2032,Hochelaga,Condo,3,2,1950.0,2011.0,Oui,Non,470000.0
2033,Westmount,Condo,2,1,1455.0,2002.0,Oui,Oui,798000.0
2034,Centre-Ville,Condo,1,2,1752.0,1986.0,Non,Oui,660000.0
2035,Hochelaga,Maison,3,2,3220.0,1974.0,Non,Oui,767000.0
2036,Outremont,Condo,2,2,1977.0,1958.0,Oui,Non,715000.0
2037,Villeray,Maison,1,1,1300.0,1971.0,Oui,Non,446000.0
2038,Verdun,Duplex,4,2,2393.0,1996.0,Oui,Non,657000.0
2039,Verdun,Duplex,3,1,3302.0,2020.0,Oui,Non,791000.0
2040,Hochelaga,Condo,2,2,777.0,1958.0,Oui,Oui,249000.0
2041,Hochelaga,Duplex,1,2,1349.0,1966.0,Non,Non,322000.0
2042,Plateau,Condo,2,2,1662.0,1998.0,Oui,Oui,613000.0
2043,Rosemont,Condo,5,2,2469.0,2022.0,Oui,Non,692000.0
2044,Rosemont,Duplex,2,2,2945.0,1953.0,Oui,Non,729000.0
2045,Plateau,Maison,4,2,957.0,1990.0,Non,Oui,747000.0
2046,Hochelaga,Triplex,3,2,1407.0,2012.0,Oui,Non,515000.0
2047,Ahuntsic,Condo,2,2,3354.0,1964.0,Oui,Oui,702000.0
2048,Plateau,Maison,1,1,2900.0,1973.0,Non,Oui,1016000.0
2049,Westmount,Condo,4,2,2880.0,2018.0,Non,Oui,1242000.0
2050,Villeray,Condo,4,1,2151.0,1976.0,Oui,Non,598000.0
2051,Ahuntsic,Condo,3,2,1823.0,1978.0,Non,Oui,563000.0
2052,Rosemont,Condo,5,2,1704.0,1960.0,Non,Non,583000.0
2053,Rosemont,Condo,4,3,1810.0,1986.0,Oui,Oui,593000.0
2054,Westmount,Condo,2,3,1218.0,1982.0,Oui,Oui,738000.0
2055,Outremont,Condo,3,3,2154.0,1974.0,Oui,Non,896000.0
2056,Villeray,Maison,2,2,1120.0,1992.0,Non,Non,490000.0
2057,Westmount,Condo,4,1,,1951.0,Oui,Oui,1178000.0
2058,Ahuntsic,Condo,1,1,972.0,1994.0,Oui,Oui,378000.0
2059,Hochelaga,Condo,3,1,1011.0,1955.0,Oui,Oui,338000.0
2060,Hochelaga,Triplex,3,3,663.0,1988.0,Oui,Oui,389000.0
2061,Hochelaga,Duplex,2,2,925.0,2016.0,Oui,Non,309000.0
2062,Centre-Ville,Condo,4,2,2539.0,2020.0,Oui,Non,995000.0
2063,Verdun,Triplex,3,2,1021.0,,Oui,Oui,505000.0
2064,Ahuntsic,Maison,4,3,2434.0,1982.0,Oui,Oui,943000.0
2065,Ahuntsic,Condo,2,1,3194.0,2022.0,Oui,Oui,726000.0
2066,Westmount,Triplex,4,1,1346.0,1976.0,Oui,Oui,1050000.0
2067,Villeray,Maison,4,2,951.0,2019.0,Oui,Non,564000.0
2068,Outremont,Condo,3,1,2595.0,1970.0,Non,Oui,957000.0
2069,Rosemont,Maison,2,3,2685.0,2011.0,Oui,Oui,918000.0
2070,Centre-Ville,Condo,4,2,1051.0,1990.0,Non,Oui,660000.0
2071,NDG,Maison,4,1,1478.0,1965.0,Non,Oui,737000.0
2072,Centre-Ville,Condo,2,3,1085.0,1969.0,Non,Non,518000.0
2073,Rosemont,Condo,2,2,1211.0,1952.0,Oui,Oui,436000.0
2074,Rosemont,Condo,1,1,2505.0,1965.0,Non,Oui,487000.0
2075,Hochelaga,Maison,1,2,2330.0,1967.0,Non,Oui,629000.0
2076,Villeray,Maison,1,1,619.0,1969.0,Oui,Non,382000.0
2077,Outremont,Maison,1,2,1466.0,1979.0,Non,Oui,846000.0
2078,Westmount,Maison,2,2,3351.0,1965.0,Oui,Non,1622000.0
2079,Centre-Ville,Condo,4,2,2696.0,1973.0,Oui,Oui,926000.0
2080,Villeray,Duplex,3,2,1164.0,1950.0,Oui,Oui,445000.0
2081,Ahuntsic,Maison,4,1,3167.0,1988.0,Non,Oui,1046000.0
2082,Plateau,Duplex,1,2,640.0,1989.0,Oui,Oui,440000.0
2083,Outremont,Maison,3,1,1716.0,2023.0,Oui,Non,1143000.0
2084,Outremont,Duplex,3,3,1437.0,1984.0,Oui,Oui,802000.0
2085,Hochelaga,Condo,2,1,2217.0,2012.0,Oui,Oui,508000.0
2086,Plateau,Condo,2,1,2244.0,1986.0,Oui,Oui,661000.0
2087,Plateau,Duplex,2,2,,1962.0,Oui,Oui,958000.0
2088,Westmount,Maison,2,1,2573.0,2018.0,Oui,Oui,1486000.0
2089,Verdun,Triplex,1,3,2881.0,1997.0,Non,Oui,713000.0
2090,Ahuntsic,Maison,2,1,3447.0,2001.0,Non,Non,1014000.0
2091,NDG,Triplex,5,2,1597.0,2013.0,Oui,Oui,812000.0
2092,Westmount,Triplex,3,2,2012.0,1957.0,Oui,Non,1178000.0
2093,Westmount,Triplex,3,2,2039.0,1963.0,Non,Oui,1137000.0
2094,NDG,Maison,3,1,1508.0,2008.0,Oui,Non,734000.0
2095,Centre-Ville,Duplex,3,1,1392.0,1953.0,Non,Oui,688000.0
2096,Plateau,Maison,3,2,1703.0,1962.0,Oui,Oui,847000.0
2097,Westmount,Triplex,3,1,706.0,1951.0,Oui,Non,765000.0
2098,Outremont,Condo,1,2,1708.0,1976.0,Oui,Oui,682000.0
2099,Centre-Ville,Condo,2,2,2211.0,1988.0,Oui,Oui,785000.0
2100,Outremont,Maison,2,2,1517.0,1966.0,Oui,Non,931000.0
2101,Westmount,Triplex,2,1,2582.0,2014.0,Non,Non,1303000.0
2102,NDG,Maison,2,3,3225.0,2019.0,Oui,Non,1134000.0
2103,Plateau,Condo,4,2,1206.0,1971.0,Oui,Oui,588000.0
2104,Plateau,Maison,2,1,2175.0,1952.0,Oui,Oui,910000.0
2105,Hochelaga,Triplex,4,1,2478.0,1969.0,Oui,Non,685000.0
2106,Plateau,Maison,3,1,3481.0,1968.0,Oui,Oui,1198000.0
2107,Centre-Ville,Condo,2,2,1918.0,1966.0,Oui,Oui,770000.0
2108,Rosemont,Maison,5,2,1057.0,1953.0,Non,Oui,662000.0
2109,Rosemont,Maison,3,2,2869.0,1985.0,Oui,Oui,969000.0
2110,NDG,Maison,3,2,3106.0,1957.0,Oui,Oui,1085000.0
2111,NDG,Condo,3,3,2965.0,2016.0,Oui,Non,810000.0
2112,Ahuntsic,Condo,2,2,1070.0,1978.0,Oui,Non,472000.0
2113,Ahuntsic,Maison,1,2,3128.0,1956.0,Oui,Oui,857000.0
2114,Hochelaga,Maison,2,2,1745.0,1991.0,Non,Non,532000.0
2115,Centre-Ville,Maison,3,1,1286.0,1956.0,Oui,Oui,854000.0
2116,Verdun,Condo,1,1,1376.0,1958.0,Oui,Non,412000.0
2117,Hochelaga,Duplex,2,2,2567.0,1975.0,Oui,Oui,592000.0
2118,Hochelaga,Maison,4,2,2293.0,1967.0,Oui,Oui,693000.0
2119,NDG,Maison,1,1,2834.0,1957.0,Non,Non,870000.0
2120,NDG,Condo,3,3,2085.0,1978.0,Oui,Non,648000.0
2121,Rosemont,Condo,4,1,2841.0,1987.0,Oui,Oui,734000.0
2122,Centre-Ville,Maison,3,2,3301.0,1974.0,Oui,Oui,1476000.0
2123,NDG,Maison,2,3,,2020.0,Non,Oui,1140000.0
2124,Villeray,Duplex,2,3,2899.0,2000.0,Non,Non,662000.0
2125,Hochelaga,Maison,3,1,1036.0,1968.0,Non,Non,507000.0
2126,Centre-Ville,Condo,1,1,2484.0,1958.0,Non,Non,740000.0
2127,Outremont,Condo,2,1,967.0,1964.0,Oui,Oui,579000.0
2128,Villeray,Maison,3,1,1514.0,2020.0,Oui,Oui,629000.0
2129,Outremont,Condo,4,2,576.0,1961.0,Oui,Oui,555000.0
2130,Centre-Ville,Duplex,4,3,2850.0,1968.0,Non,Oui,1104000.0
2131,Ahuntsic,Maison,2,1,1959.0,1987.0,Oui,Non,755000.0
2132,Westmount,Condo,3,2,1423.0,1994.0,Oui,Non,836000.0
2133,Plateau,Duplex,3,1,2284.0,1992.0,Oui,Non,797000.0
2134,Hochelaga,Triplex,3,2,1810.0,2004.0,Oui,Oui,608000.0
2135,Hochelaga,Condo,3,2,634.0,2011.0,Oui,Oui,341000.0
2136,Ahuntsic,Maison,3,1,1173.0,2009.0,Non,Oui,546000.0
2137,Outremont,Duplex,2,2,1372.0,1951.0,Oui,Non,734000.0
2138,Plateau,Duplex,3,2,2188.0,1989.0,Oui,Oui,848000.0
2139,Westmount,Maison,2,1,2102.0,1986.0,Non,Non,1206000.0
2140,Villeray,Maison,1,2,2997.0,2023.0,Oui,Non,850000.0
2141,Centre-Ville,Condo,2,2,3406.0,1998.0,Oui,Non,1100000.0
2142,Westmount,Maison,3,1,2486.0,1991.0,Non,Oui,1341000.0
2143,Verdun,Condo,2,1,3151.0,1992.0,Oui,Oui,685000.0
2144,Villeray,Duplex,3,2,681.0,2011.0,Oui,Oui,383000.0
2145,Plateau,Duplex,1,2,574.0,2007.0,Oui,Non,454000.0
2146,Villeray,Triplex,2,2,2604.0,1991.0,Oui,Oui,716000.0
2147,Plateau,Maison,1,1,2744.0,1971.0,Oui,Oui,1010000.0
2148,Rosemont,Maison,3,3,2308.0,1954.0,Non,Oui,759000.0
2149,NDG,Condo,2,1,3132.0,1984.0,Oui,Non,807000.0
2150,Rosemont,Condo,2,3,2476.0,2008.0,Oui,Oui,605000.0
2151,Hochelaga,Maison,3,2,1108.0,1992.0,Non,Oui,476000.0
2152,Plateau,Triplex,5,2,566.0,2008.0,Non,Oui,662000.0
2153,Plateau,Maison,1,3,647.0,1991.0,Oui,Non,529000.0
2154,Westmount,Condo,3,1,1499.0,2023.0,Oui,Oui,865000.0
2155,Centre-Ville,Maison,3,1,2978.0,1992.0,Oui,Oui,1298000.0
2156,Villeray,Maison,4,1,3168.0,2001.0,Oui,Oui,965000.0
2157,Villeray,Maison,2,3,790.0,1976.0,Oui,Oui,440000.0
2158,Hochelaga,Triplex,3,1,,1990.0,Oui,Non,747000.0
2159,Ahuntsic,Condo,1,1,1081.0,1962.0,Oui,Oui,360000.0
2160,Hochelaga,Duplex,1,2,741.0,2008.0,Non,Non,288000.0
2161,Outremont,Condo,3,3,2594.0,1976.0,Oui,Non,958000.0
2162,Plateau,Maison,2,3,2984.0,2022.0,Oui,Oui,1199000.0
2163,Verdun,Duplex,3,2,1175.0,2017.0,Oui,Non,444000.0
2164,Villeray,Maison,4,1,3236.0,1950.0,Oui,Non,974000.0
2165,Outremont,Maison,1,2,931.0,1982.0,Oui,Oui,754000.0
2166,NDG,Condo,2,1,2728.0,1993.0,Non,Non,638000.0
2167,Rosemont,Condo,2,2,2782.0,1975.0,Oui,Oui,646000.0
2168,Villeray,Condo,2,3,3034.0,2014.0,Oui,Oui,658000.0
2169,Verdun,Condo,3,1,1470.0,1954.0,Oui,Non,446000.0
2170,Outremont,Duplex,2,2,3307.0,2003.0,Oui,Oui,1187000.0
2171,Outremont,Condo,2,2,2650.0,1995.0,Oui,Non,941000.0
2172,Plateau,Maison,4,2,2316.0,1974.0,Oui,Non,1038000.0
2173,Hochelaga,Duplex,2,2,871.0,2007.0,Oui,Non,313000.0
2174,Rosemont,Triplex,1,2,1319.0,1979.0,Oui,Non,507000.0
2175,NDG,Duplex,1,2,1770.0,1979.0,Oui,Non,558000.0
2176,Villeray,Duplex,2,1,2069.0,1991.0,Oui,Non,563000.0
2177,Verdun,Condo,3,1,2008.0,2010.0,Non,Oui,510000.0
2178,Hochelaga,Condo,2,1,800.0,2015.0,Oui,Oui,313000.0
2179,Verdun,Maison,3,1,1161.0,1981.0,Oui,Oui,549000.0
2180,Outremont,Maison,1,2,2775.0,1959.0,Non,Oui,1248000.0
2181,Centre-Ville,Condo,3,3,1521.0,2012.0,Oui,Oui,788000.0
2182,Hochelaga,Condo,3,1,2435.0,1959.0,Oui,Non,579000.0
2183,Villeray,Maison,2,1,1048.0,1967.0,Oui,Non,415000.0
2184,Rosemont,Condo,4,2,3025.0,1985.0,Oui,Non,780000.0
2185,Centre-Ville,Duplex,2,2,615.0,1985.0,Oui,Non,513000.0
2186,Villeray,Condo,2,2,3006.0,1976.0,Oui,Non,600000.0
2187,Verdun,Triplex,2,1,575.0,,Oui,Non,403000.0
2188,Ahuntsic,Maison,2,1,978.0,1986.0,Oui,Non,527000.0
2189,Westmount,Maison,2,2,3078.0,1999.0,Oui,Non,1592000.0
2190,Centre-Ville,Condo,2,1,1867.0,2016.0,Oui,Oui,788000.0
2191,Plateau,Maison,2,2,908.0,1979.0,Non,Non,603000.0
2192,Hochelaga,Condo,1,2,931.0,1970.0,Non,Oui,276000.0
2193,NDG,Duplex,3,2,1475.0,1991.0,Oui,Non,602000.0
2194,Villeray,Condo,2,2,597.0,2015.0,Non,Oui,322000.0
2195,Rosemont,Maison,2,1,709.0,1965.0,Non,Non,488000.0
2196,Rosemont,Maison,1,2,1552.0,1955.0,Oui,Oui,629000.0
2197,Westmount,Condo,3,3,3065.0,1977.0,Oui,Oui,1210000.0
2198,Ahuntsic,Maison,1,1,771.0,2012.0,Non,Non,446000.0
2199,Outremont,Condo,5,2,1170.0,1987.0,Oui,Non,805000.0
2200,Centre-Ville,Maison,2,1,3442.0,1968.0,Oui,Non,1337000.0
2201,Centre-Ville,Duplex,3,2,1444.0,2018.0,Oui,Oui,737000.0
2202,Ahuntsic,Maison,4,3,1213.0,1999.0,Oui,Non,640000.0
2203,Rosemont,Condo,4,2,1077.0,1986.0,Oui,Non,536000.0
2204,Westmount,Maison,4,2,1100.0,2015.0,Oui,Oui,1056000.0
2205,Centre-Ville,Duplex,2,2,861.0,1951.0,Non,Non,501000.0
2206,Hochelaga,Condo,2,3,2792.0,2009.0,Oui,Oui,573000.0
2207,Rosemont,Condo,4,1,2277.0,1950.0,Non,Oui,634000.0
2208,Westmount,Maison,2,1,3311.0,1985.0,Oui,Oui,1681000.0
2209,Centre-Ville,Condo,2,2,3497.0,1968.0,Oui,Oui,1093000.0
2210,Westmount,Condo,1,2,3157.0,1999.0,Non,Oui,1123000.0
2211,Westmount,Duplex,4,2,2815.0,1995.0,Non,Non,1322000.0
2212,Plateau,Condo,4,3,1529.0,2001.0,Non,Oui,647000.0
2213,Centre-Ville,Condo,4,2,1514.0,1984.0,Oui,Oui,722000.0
2214,Verdun,Duplex,2,2,3381.0,1955.0,Non,Oui,759000.0
2215,Centre-Ville,Condo,4,1,567.0,1977.0,Non,Oui,533000.0
2216,Westmount,Condo,1,1,626.0,1977.0,Oui,Oui,537000.0
2217,Verdun,Maison,3,3,775.0,1952.0,Oui,Oui,456000.0
2218,Centre-Ville,Maison,4,3,3122.0,1999.0,Oui,Oui,1479000.0
2219,Hochelaga,Condo,2,2,3135.0,1986.0,Oui,Non,557000.0
2220,Centre-Ville,Maison,3,1,2556.0,1962.0,Oui,Non,1159000.0
2221,Villeray,Condo,3,1,1763.0,1982.0,Oui,Oui,563000.0
2222,Hochelaga,Maison,2,2,2972.0,2002.0,Oui,Oui,765000.0
2223,Verdun,Maison,2,1,2448.0,2009.0,Oui,Oui,776000.0
2224,Plateau,Maison,2,1,3142.0,2000.0,Oui,Oui,1156000.0
2225,Ahuntsic,Duplex,3,1,1707.0,1965.0,Oui,Oui,561000.0
2226,Villeray,Condo,2,1,1812.0,1964.0,Oui,Oui,434000.0
2227,NDG,Maison,3,1,1564.0,2021.0,Non,Oui,753000.0
2228,Westmount,Condo,1,2,2727.0,1961.0,Oui,Non,998000.0
2229,Westmount,Maison,3,2,2411.0,1969.0,Non,Oui,1344000.0
2230,Centre-Ville,Maison,4,1,1647.0,2016.0,Non,Oui,1044000.0
2231,Westmount,Maison,5,2,787.0,,Non,Oui,1058000.0
2232,Villeray,Maison,3,1,946.0,1959.0,Oui,Oui,519000.0
2233,NDG,Condo,3,2,1182.0,2020.0,Oui,Non,506000.0
2234,Westmount,Condo,2,3,1412.0,1959.0,Oui,Non,767000.0
2235,Centre-Ville,Condo,2,1,539.0,1952.0,Oui,Oui,463000.0
2236,Centre-Ville,Maison,2,2,780.0,1968.0,Oui,Non,701000.0
2237,NDG,Condo,1,1,601.0,2011.0,Oui,Non,336000.0
2238,Ahuntsic,Duplex,5,1,1872.0,1972.0,Oui,Oui,668000.0
2239,Hochelaga,Duplex,2,2,2477.0,1956.0,Non,Non,562000.0
2240,Ahuntsic,Maison,3,1,2974.0,1951.0,Oui,Oui,956000.0
2241,NDG,Maison,1,2,1177.0,1953.0,Oui,Oui,577000.0
2242,Centre-Ville,Condo,1,1,1486.0,2020.0,Oui,Oui,712000.0
2243,Plateau,Condo,3,2,3065.0,2004.0,Oui,Non,854000.0
2244,Plateau,Condo,3,3,1961.0,1975.0,Oui,Non,685000.0
2245,Outremont,Maison,1,2,3093.0,2004.0,Oui,Oui,1367000.0
2246,NDG,Triplex,2,1,3217.0,2015.0,Oui,Oui,1044000.0
2247,Rosemont,Maison,2,1,3216.0,1973.0,Oui,Oui,917000.0
2248,Plateau,Maison,2,3,1040.0,1993.0,Oui,Oui,651000.0
2249,Ahuntsic,Condo,1,1,3266.0,1993.0,Oui,Oui,740000.0
2250,Plateau,Duplex,4,3,3114.0,2018.0,Non,Oui,1034000.0
2251,Plateau,Maison,3,1,3349.0,1983.0,Oui,Oui,1247000.0
2252,NDG,Maison,3,1,1700.0,1981.0,Oui,Non,755000.0
2253,NDG,Maison,2,1,2190.0,2004.0,Oui,Oui,887000.0
2254,Outremont,Maison,3,2,2505.0,2007.0,Oui,Oui,1346000.0
2255,Plateau,Maison,5,2,3058.0,1964.0,Non,Oui,1281000.0
2256,Villeray,Condo,1,2,3061.0,1968.0,Non,Oui,608000.0
2257,Westmount,Triplex,3,2,616.0,1963.0,Non,Oui,716000.0
2258,Villeray,Duplex,2,2,2829.0,,Non,Oui,698000.0
2259,NDG,Condo,3,1,2302.0,1994.0,Oui,Oui,673000.0
2260,Outremont,Maison,3,2,3161.0,1956.0,Oui,Non,1422000.0
2261,Villeray,Maison,4,2,3243.0,1997.0,Oui,Oui,955000.0
2262,Plateau,Maison,1,3,3431.0,1963.0,Oui,Non,1150000.0
2263,Ahuntsic,Maison,2,2,801.0,1975.0,Oui,Oui,482000.0
2264,Hochelaga,Triplex,2,3,2275.0,1988.0,Oui,Non,595000.0
2265,Westmount,Triplex,4,1,,1966.0,Oui,Oui,1139000.0
2266,Plateau,Condo,1,1,3347.0,1963.0,Oui,Oui,845000.0
2267,Hochelaga,Condo,2,2,1566.0,,Oui,Non,431000.0
2268,Centre-Ville,Condo,2,1,2951.0,1966.0,Oui,Oui,969000.0
2269,Plateau,Condo,3,2,2439.0,1992.0,Oui,Oui,796000.0
2270,Rosemont,Maison,2,3,1723.0,1982.0,Oui,Oui,717000.0
2271,Hochelaga,Condo,3,1,2982.0,1968.0,Oui,Oui,579000.0
2272,Verdun,Maison,4,3,1674.0,2020.0,Oui,Oui,690000.0
2273,Centre-Ville,Maison,3,2,1417.0,2018.0,Oui,Oui,962000.0
2274,Ahuntsic,Condo,2,2,2129.0,2004.0,Oui,Oui,562000.0
2275,Villeray,Maison,3,1,2124.0,1954.0,Non,Oui,681000.0
2276,NDG,Maison,2,2,648.0,1998.0,Oui,Non,513000.0
2277,Plateau,Duplex,1,2,2712.0,1989.0,Oui,Oui,751000.0
2278,Outremont,Condo,3,2,1142.0,1952.0,Oui,Non,612000.0
2279,Centre-Ville,Maison,3,2,587.0,2005.0,Oui,Oui,733000.0
2280,Centre-Ville,Duplex,4,2,2057.0,1980.0,Non,Oui,929000.0
2281,Villeray,Condo,5,2,2845.0,1999.0,Oui,Oui,728000.0
2282,Westmount,Condo,4,1,2951.0,1986.0,Non,Oui,1242000.0
2283,Hochelaga,Condo,4,1,685.0,1986.0,Oui,Oui,320000.0
2284,Verdun,Duplex,3,3,1973.0,1974.0,Oui,Non,515000.0
2285,Plateau,Duplex,4,2,2308.0,1974.0,Non,Oui,849000.0
2286,Plateau,Condo,1,1,3044.0,2010.0,Non,Oui,799000.0
2287,Verdun,Condo,1,1,3041.0,2012.0,Oui,Oui,615000.0
2288,Plateau,Condo,3,1,2319.0,1994.0,Non,Oui,723000.0
2289,Westmount,Condo,4,2,3313.0,2008.0,Oui,Oui,1383000.0
2290,Ahuntsic,Duplex,2,2,674.0,1959.0,Oui,Non,352000.0
2291,Villeray,Triplex,1,3,1708.0,1987.0,Oui,Oui,557000.0
2292,NDG,Maison,1,2,739.0,1993.0,Oui,Oui,526000.0
2293,Villeray,Triplex,1,2,2354.0,1984.0,Oui,Oui,679000.0
2294,Outremont,Condo,2,3,1485.0,1967.0,Oui,Oui,651000.0
2295,Centre-Ville,Maison,5,1,3132.0,1974.0,Non,Oui,1441000.0
2296,Plateau,Condo,1,2,3375.0,1984.0,Oui,Non,930000.0
2297,Villeray,Condo,2,2,1106.0,2020.0,Oui,Oui,484000.0
2298,Westmount,Maison,3,2,2066.0,2001.0,Oui,Oui,1385000.0
2299,Hochelaga,Duplex,3,2,3053.0,1973.0,Oui,Non,685000.0
2300,Outremont,Maison,2,1,1892.0,1986.0,Oui,Oui,1065000.0
2301,NDG,Maison,4,1,3255.0,1968.0,Oui,Non,1122000.0
2302,Ahuntsic,Maison,2,1,2127.0,1984.0,Non,Non,687000.0
2303,Hochelaga,Triplex,1,1,522.0,1995.0,Non,Non,319000.0
2304,Hochelaga,Duplex,3,2,1654.0,2002.0,Oui,Non,475000.0
2305,Ahuntsic,Maison,4,1,3437.0,2003.0,Oui,Oui,1079000.0
2306,Hochelaga,Duplex,4,1,1881.0,2000.0,Non,Non,545000.0
2307,Centre-Ville,Condo,3,1,3293.0,2006.0,Oui,Oui,1168000.0
2308,Outremont,Maison,1,3,759.0,2005.0,Oui,Oui,704000.0
2309,Hochelaga,Condo,3,1,2524.0,1956.0,Non,Oui,509000.0
2310,Plateau,Triplex,3,1,2077.0,1998.0,Oui,Oui,897000.0
2311,Rosemont,Condo,2,3,839.0,1975.0,Non,Non,337000.0
2312,NDG,Triplex,5,1,2359.0,1984.0,Oui,Non,909000.0
2313,Rosemont,Triplex,4,1,2737.0,1977.0,Oui,Oui,900000.0
2314,Plateau,Condo,2,3,1650.0,2002.0,Oui,Non,551000.0
2315,Plateau,Triplex,2,2,1989.0,1978.0,Non,Non,774000.0
2316,Plateau,Maison,4,2,2017.0,1968.0,Oui,Oui,962000.0
2317,Plateau,Triplex,2,1,3015.0,1978.0,Non,Oui,997000.0
2318,Outremont,Maison,4,2,2834.0,2016.0,Oui,Non,1435000.0
2319,Villeray,Maison,2,2,2048.0,1958.0,Oui,Non,705000.0
2320,Ahuntsic,Duplex,2,3,3193.0,1997.0,Non,Non,766000.0
2321,Villeray,Condo,4,2,1671.0,2004.0,Oui,Oui,515000.0
2322,NDG,Triplex,1,1,,2020.0,Oui,Oui,705000.0
2323,Ahuntsic,Duplex,5,1,2051.0,1993.0,Non,Oui,763000.0
2324,Westmount,Condo,1,3,3318.0,1997.0,Non,Oui,1136000.0
2325,Outremont,Condo,3,2,2455.0,1974.0,Oui,Non,948000.0
2326,Hochelaga,Maison,2,3,3210.0,1987.0,Oui,Oui,800000.0
2327,Villeray,Condo,3,2,3306.0,2002.0,Oui,Oui,787000.0
2328,Rosemont,Condo,2,1,2198.0,1970.0,Oui,Oui,602000.0
2329,Verdun,Duplex,3,3,1870.0,2003.0,Oui,Oui,578000.0
2330,Centre-Ville,Triplex,3,2,3148.0,2001.0,Oui,Oui,1241000.0
2331,Verdun,Condo,3,1,1293.0,1958.0,Oui,Non,419000.0
2332,Ahuntsic,Condo,1,1,869.0,1950.0,Oui,Non,332000.0
2333,Outremont,Duplex,1,3,1893.0,2019.0,Oui,Oui,785000.0
2334,Plateau,Maison,3,2,2902.0,1979.0,Oui,Oui,1132000.0
2335,Verdun,Triplex,1,1,665.0,2023.0,Oui,Non,423000.0
2336,Villeray,Maison,1,2,3153.0,1968.0,Non,Oui,839000.0
2337,Westmount,Maison,1,1,3008.0,1990.0,Non,Non,1433000.0
2338,Plateau,Triplex,1,1,2265.0,2013.0,Oui,Oui,840000.0
2339,Verdun,Duplex,3,2,1280.0,2008.0,Oui,Oui,485000.0
2340,Villeray,Maison,5,1,1562.0,1972.0,Non,Non,650000.0
2341,Ahuntsic,Condo,3,1,884.0,1997.0,Non,Non,417000.0
2342,Rosemont,Duplex,3,2,3475.0,1977.0,Oui,Non,869000.0
2343,Centre-Ville,Duplex,3,2,2890.0,1981.0,Non,Oui,1074000.0
2344,NDG,Condo,1,2,3076.0,1971.0,Oui,Non,756000.0
2345,Villeray,Duplex,3,2,1702.0,1966.0,Oui,Oui,492000.0
2346,Rosemont,Duplex,4,1,1479.0,2004.0,Oui,Non,558000.0
2347,Villeray,Condo,4,2,2963.0,2004.0,Oui,Non,670000.0
2348,Outremont,Maison,2,2,1982.0,1992.0,Oui,Oui,1074000.0
2349,Centre-Ville,Condo,1,2,3424.0,1989.0,Oui,Oui,988000.0
2350,NDG,Condo,3,1,1874.0,1973.0,Oui,Oui,592000.0
2351,Plateau,Condo,3,1,2743.0,2017.0,Oui,Oui,821000.0
2352,Hochelaga,Maison,4,1,1609.0,1978.0,Oui,Oui,586000.0
2353,Outremont,Condo,1,3,2167.0,2007.0,Oui,Non,828000.0
2354,Outremont,Duplex,5,1,2201.0,1975.0,Non,Oui,1049000.0
2355,Rosemont,Maison,1,2,589.0,2003.0,Oui,Oui,467000.0
2356,Centre-Ville,Condo,2,1,1270.0,1963.0,Oui,Non,621000.0
2357,Outremont,Maison,2,2,3035.0,1971.0,Oui,Oui,1387000.0
2358,Verdun,Maison,1,1,745.0,2006.0,Oui,Non,375000.0
2359,Verdun,Condo,3,2,1324.0,1953.0,Non,Oui,393000.0
2360,Villeray,Maison,1,1,3157.0,2012.0,Non,Oui,869000.0
2361,Westmount,Duplex,4,1,2056.0,2001.0,Non,Non,1159000.0
2362,Verdun,Condo,2,3,2306.0,1996.0,Non,Non,477000.0
2363,Ahuntsic,Condo,2,1,3021.0,1999.0,Oui,Oui,744000.0
2364,Plateau,Triplex,2,2,1250.0,,Oui,Oui,632000.0
2365,Verdun,Maison,1,3,1806.0,2004.0,Oui,Non,555000.0
2366,Verdun,Duplex,2,1,3372.0,1990.0,Oui,Oui,795000.0
2367,Plateau,Maison,4,2,2545.0,2005.0,Oui,Oui,1078000.0
2368,Villeray,Condo,4,1,2409.0,1972.0,Oui,Oui,570000.0
2369,Westmount,Condo,2,2,1113.0,1985.0,Oui,Oui,775000.0
2370,Centre-Ville,Maison,1,1,2146.0,2013.0,Oui,Oui,978000.0
2371,Rosemont,Maison,3,2,3281.0,1971.0,Non,Non,962000.0
2372,Rosemont,Triplex,3,2,714.0,2006.0,Oui,Non,486000.0
2373,Verdun,Triplex,2,2,992.0,1954.0,Oui,Oui,417000.0
2374,Westmount,Condo,2,2,538.0,2003.0,Oui,Oui,584000.0
2375,Hochelaga,Maison,5,3,2328.0,1989.0,Non,Oui,761000.0
2376,Outremont,Condo,2,3,1307.0,1988.0,Non,Oui,615000.0
2377,Centre-Ville,Condo,4,2,3447.0,1978.0,Oui,Oui,1196000.0
2378,Centre-Ville,Condo,2,2,3092.0,2003.0,Oui,Oui,950000.0
2379,Hochelaga,Maison,1,2,2116.0,1993.0,Oui,Oui,592000.0
2380,Verdun,Duplex,2,2,2787.0,1993.0,Non,Non,658000.0
2381,Plateau,Duplex,3,3,1502.0,,Oui,Non,654000.0
2382,Hochelaga,Maison,3,2,3161.0,2021.0,Oui,Non,861000.0
2383,Hochelaga,Maison,2,2,1352.0,2004.0,Oui,Oui,538000.0
2384,Outremont,Triplex,3,1,774.0,1980.0,Non,Oui,692000.0
2385,Outremont,Condo,5,1,1983.0,2017.0,Non,Oui,974000.0
2386,Ahuntsic,Condo,3,2,1705.0,2010.0,Non,Oui,501000.0
2387,Plateau,Condo,3,2,2899.0,1991.0,Oui,Non,852000.0
2388,Ahuntsic,Condo,3,2,1523.0,1953.0,Oui,Oui,530000.0
2389,Rosemont,Maison,2,2,1944.0,2000.0,Oui,Non,732000.0
2390,Villeray,Condo,3,2,2103.0,1979.0,Oui,Oui,538000.0
2391,Villeray,Triplex,3,2,763.0,1975.0,Non,Oui,426000.0
2392,Plateau,Maison,3,1,1143.0,1998.0,Oui,Oui,745000.0
2393,Ahuntsic,Maison,2,1,3035.0,1981.0,Oui,Oui,955000.0
2394,Plateau,Condo,2,2,1993.0,1989.0,Oui,Non,674000.0
2395,Plateau,Condo,5,1,2760.0,2022.0,Non,Non,915000.0
2396,Verdun,Triplex,2,3,1812.0,1979.0,Non,Non,553000.0
2397,Hochelaga,Maison,3,2,1738.0,1954.0,Non,Oui,574000.0
2398,Westmount,Condo,2,2,1637.0,1951.0,Oui,Oui,789000.0
2399,Villeray,Maison,3,2,2627.0,1983.0,Oui,Non,763000.0
2400,Centre-Ville,Condo,3,2,2438.0,1980.0,Non,Oui,909000.0
2401,Verdun,Duplex,3,1,1722.0,1979.0,Oui,Oui,598000.0
2402,Hochelaga,Maison,3,2,3056.0,1975.0,Oui,Oui,815000.0
2403,Plateau,Maison,2,2,764.0,2003.0,Oui,Non,581000.0
2404,NDG,Maison,3,2,2268.0,1958.0,Oui,Non,865000.0
2405,Westmount,Duplex,3,2,2064.0,1963.0,Oui,Oui,1112000.0
2406,Villeray,Maison,2,3,3242.0,1980.0,Oui,Non,865000.0
2407,Outremont,Maison,2,3,2616.0,1957.0,Oui,Non,1194000.0
2408,Villeray,Condo,4,3,1477.0,2005.0,Oui,Non,426000.0
2409,NDG,Condo,3,1,3032.0,2012.0,Non,Oui,828000.0
2410,Villeray,Duplex,4,2,1304.0,1977.0,Non,Oui,548000.0
2411,Plateau,Maison,1,3,1628.0,1972.0,Non,Oui,730000.0
2412,Ahuntsic,Maison,2,3,1240.0,1972.0,Non,Oui,552000.0
2413,Plateau,Condo,3,1,2668.0,1988.0,Non,Oui,742000.0
2414,Rosemont,Duplex,2,2,2299.0,2002.0,Non,Oui,678000.0
2415,Verdun,Maison,3,1,1548.0,1971.0,Oui,Oui,635000.0
2416,Ahuntsic,Maison,2,2,3081.0,1983.0,Oui,Oui,940000.0
2417,Villeray,Maison,4,1,1995.0,1955.0,Non,Oui,709000.0
2418,Plateau,Condo,3,2,1430.0,2008.0,Oui,Oui,630000.0
2419,Hochelaga,Maison,1,1,3041.0,1953.0,Non,Non,725000.0
2420,Verdun,Condo,4,2,1782.0,2023.0,Oui,Oui,569000.0
2421,Villeray,Maison,3,1,611.0,1961.0,Oui,Non,478000.0
2422,Verdun,Triplex,2,3,2481.0,1954.0,Oui,Non,681000.0
2423,Plateau,Duplex,2,2,2924.0,2019.0,Oui,Non,944000.0
2424,Hochelaga,Maison,3,2,548.0,1974.0,Non,Oui,375000.0
2425,Centre-Ville,Maison,3,1,1288.0,1954.0,Non,Oui,795000.0
2426,Westmount,Condo,2,2,1094.0,2008.0,Oui,Oui,730000.0
2427,Rosemont,Triplex,2,2,560.0,2021.0,Oui,Oui,458000.0
2428,Ahuntsic,Triplex,4,2,968.0,1965.0,Oui,Oui,542000.0
2429,Outremont,Maison,3,2,2345.0,1988.0,Non,Non,1227000.0
2430,Westmount,Maison,4,2,2555.0,2009.0,Non,Oui,1517000.0
2431,Centre-Ville,Maison,4,2,516.0,1980.0,Non,Non,617000.0
2432,Rosemont,Maison,4,1,2831.0,2001.0,Non,Oui,985000.0
2433,Hochelaga,Condo,1,2,939.0,2016.0,Oui,Non,268000.0
2434,Plateau,Triplex,3,1,942.0,1991.0,Oui,Non,520000.0
2435,Outremont,Duplex,2,1,1608.0,2011.0,Oui,Oui,824000.0
2436,Plateau,Condo,2,3,1567.0,1955.0,Oui,Oui,587000.0
2437,Centre-Ville,Maison,4,2,2654.0,1972.0,Non,Non,1233000.0
2438,Villeray,Maison,3,3,2299.0,1990.0,Non,Oui,757000.0
2439,Ahuntsic,Condo,1,1,1344.0,,Oui,Non,425000.0
2440,Westmount,Maison,2,1,3310.0,1955.0,Oui,Oui,1604000.0
2441,NDG,Maison,2,3,2818.0,1999.0,Non,Non,915000.0
2442,Plateau,Maison,3,2,3343.0,2017.0,Non,Non,1158000.0
2443,Villeray,Duplex,2,1,1224.0,2006.0,Non,Non,439000.0
2444,Plateau,Condo,2,2,1763.0,2006.0,Non,Oui,597000.0
2445,Verdun,Condo,2,1,1642.0,1984.0,Oui,Oui,419000.0
2446,Verdun,Maison,1,2,2191.0,2012.0,Oui,Oui,685000.0
2447,Ahuntsic,Maison,2,3,3412.0,1984.0,Oui,Non,971000.0
2448,NDG,Maison,3,3,2298.0,1966.0,Oui,Non,891000.0
2449,Verdun,Condo,4,1,2029.0,1987.0,Oui,Non,478000.0
2450,Hochelaga,Condo,4,1,2734.0,1991.0,Non,Oui,623000.0
2451,Villeray,Duplex,2,1,543.0,1991.0,Oui,Non,369000.0
2452,Villeray,Maison,4,1,2614.0,1974.0,Non,Oui,808000.0
2453,Outremont,Condo,4,2,2032.0,2008.0,Oui,Oui,937000.0
2454,Plateau,Triplex,3,3,1654.0,1978.0,Oui,Non,739000.0
2455,Westmount,Triplex,2,1,3400.0,1955.0,Oui,Oui,1573000.0
2456,Verdun,Condo,4,2,828.0,1963.0,Non,Oui,336000.0
2457,Plateau,Duplex,1,2,2806.0,1993.0,Oui,Oui,892000.0
2458,Hochelaga,Maison,5,3,1873.0,1997.0,Oui,Non,710000.0
2459,Rosemont,Condo,2,3,2087.0,1984.0,Oui,Non,527000.0
2460,Outremont,Condo,1,1,2926.0,2019.0,Oui,Non,1014000.0
2461,Verdun,Triplex,3,2,1915.0,2005.0,Oui,Non,627000.0
2462,Villeray,Condo,2,2,3171.0,1957.0,Oui,Non,622000.0
2463,Ahuntsic,Condo,3,3,2448.0,1979.0,Non,Oui,646000.0
2464,Westmount,Maison,1,2,2137.0,1977.0,Non,Oui,1153000.0
2465,Rosemont,Maison,2,2,1833.0,1976.0,Oui,Non,698000.0
2466,NDG,Condo,2,2,1089.0,1994.0,Oui,Oui,447000.0
2467,Outremont,Duplex,2,3,3306.0,1965.0,Oui,Oui,1202000.0
2468,Hochelaga,Maison,1,1,906.0,1963.0,Non,Oui,404000.0
2469,Hochelaga,Triplex,2,1,985.0,,Oui,Non,381000.0
2470,Centre-Ville,Condo,2,1,2447.0,2009.0,Oui,Non,867000.0
2471,NDG,Maison,2,1,2860.0,2006.0,Oui,Oui,996000.0
2472,Centre-Ville,Duplex,2,1,847.0,2009.0,Oui,Non,572000.0
2473,Centre-Ville,Condo,5,2,2918.0,2000.0,Oui,Oui,1153000.0
2474,Rosemont,Maison,2,2,2911.0,2014.0,Oui,Oui,992000.0
2475,Villeray,Maison,5,1,2064.0,1995.0,Oui,Non,774000.0
2476,Ahuntsic,Maison,2,1,3139.0,1971.0,Oui,Non,933000.0
2477,Plateau,Condo,1,3,2669.0,1973.0,Oui,Oui,713000.0
2478,Rosemont,Condo,2,2,1545.0,1999.0,Oui,Oui,524000.0
2479,NDG,Duplex,2,2,3381.0,2015.0,Non,Non,875000.0
2480,Hochelaga,Maison,5,1,,1955.0,Non,Oui,565000.0
2481,Plateau,Condo,4,1,2940.0,1950.0,Oui,Oui,948000.0
2482,Centre-Ville,Maison,1,2,2935.0,1986.0,Oui,Non,1205000.0
2483,Westmount,Condo,2,1,1226.0,1950.0,Non,Non,690000.0
2484,Centre-Ville,Condo,3,2,523.0,1974.0,Oui,Non,511000.0
2485,Ahuntsic,Duplex,5,1,2486.0,1999.0,Oui,Non,784000.0
2486,Centre-Ville,Maison,2,1,1279.0,2006.0,Oui,Oui,801000.0
2487,Verdun,Condo,4,2,1360.0,2015.0,Oui,Oui,521000.0
2488,Ahuntsic,Duplex,2,1,3296.0,1990.0,Oui,Oui,869000.0
2489,Villeray,Condo,2,1,680.0,1955.0,Oui,Oui,375000.0
2490,Outremont,Condo,2,1,2215.0,1993.0,Non,Non,831000.0
2491,Verdun,Condo,3,2,1225.0,2017.0,Oui,Oui,415000.0
2492,Rosemont,Triplex,3,2,2118.0,1987.0,Oui,Oui,747000.0
2493,Verdun,Maison,2,2,2190.0,1965.0,Oui,Non,667000.0
2494,Verdun,Condo,3,3,2095.0,1991.0,Oui,Oui,577000.0
2495,Verdun,Maison,2,2,1552.0,2007.0,Oui,Oui,634000.0
2496,Plateau,Condo,1,1,2806.0,1996.0,Oui,Oui,794000.0
2497,Outremont,Duplex,3,1,1233.0,2014.0,Non,Oui,748000.0
2498,Hochelaga,Condo,1,1,1247.0,1969.0,Oui,Non,323000.0
2499,Verdun,Maison,3,1,2125.0,2010.0,Oui,Oui,703000.0
2500,Plateau,Duplex,2,1,2934.0,1991.0,Oui,Oui,892000.0
2501,Hochelaga,Condo,1,1,3345.0,1976.0,Oui,Oui,574000.0
2502,Outremont,Condo,2,1,579.0,1996.0,Oui,Oui,481000.0
2503,Rosemont,Maison,4,2,2680.0,1952.0,Non,Oui,904000.0
2504,Hochelaga,Maison,4,2,3490.0,1981.0,Oui,Oui,920000.0
2505,Outremont,Condo,3,2,2642.0,2020.0,Oui,Oui,988000.0
2506,Ahuntsic,Condo,2,3,1330.0,2003.0,Oui,Non,429000.0
2507,Outremont,Maison,2,2,1639.0,2013.0,Oui,Non,996000.0
2508,Verdun,Triplex,1,2,2973.0,1967.0,Oui,Oui,735000.0
2509,Outremont,Maison,3,2,3370.0,1990.0,Oui,Non,1536000.0
2510,NDG,Maison,4,2,802.0,1954.0,Non,Non,611000.0
2511,Hochelaga,Duplex,3,1,1681.0,1995.0,Non,Oui,502000.0
2512,Centre-Ville,Condo,5,1,880.0,2002.0,Oui,Oui,697000.0
2513,Villeray,Condo,3,2,1962.0,2000.0,Non,Oui,540000.0
2514,Ahuntsic,Maison,2,1,2958.0,1997.0,Oui,Non,838000.0
2515,Outremont,Condo,3,1,2368.0,2005.0,Oui,Oui,925000.0
2516,Rosemont,Triplex,3,1,717.0,1952.0,Non,Oui,406000.0
2517,Plateau,Condo,3,2,2222.0,1964.0,Non,Oui,704000.0
2518,Outremont,Triplex,3,3,1760.0,1961.0,Oui,Oui,952000.0
2519,Hochelaga,Triplex,1,1,1433.0,1983.0,Oui,Non,461000.0
2520,NDG,Duplex,2,1,980.0,1952.0,Oui,Non,412000.0
2521,Verdun,Condo,1,3,2512.0,2021.0,Oui,Non,517000.0
2522,Westmount,Maison,2,1,2057.0,,Oui,Oui,1231000.0
2523,Centre-Ville,Condo,2,2,2702.0,2008.0,Oui,Oui,936000.0
2524,Westmount,Condo,2,1,2900.0,1951.0,Oui,Non,1079000.0
2525,Rosemont,Maison,5,2,2845.0,1968.0,Oui,Oui,1040000.0
2526,Hochelaga,Condo,1,2,1500.0,1986.0,Oui,Oui,368000.0
2527,Hochelaga,Condo,5,2,2171.0,1972.0,Oui,Non,539000.0
2528,Villeray,Maison,4,2,2661.0,1966.0,Oui,Oui,864000.0
2529,Plateau,Triplex,2,1,1385.0,1985.0,Oui,Non,597000.0
2530,Centre-Ville,Maison,4,3,2331.0,2013.0,Oui,Non,1237000.0
2531,Rosemont,Condo,2,1,2328.0,1975.0,Non,Non,570000.0
2532,Outremont,Maison,3,2,1375.0,2018.0,Oui,Non,993000.0
2533,Westmount,Condo,1,2,1512.0,1977.0,Non,Oui,771000.0
2534,Villeray,Duplex,4,1,2045.0,1974.0,Oui,Oui,665000.0
2535,Verdun,Triplex,3,1,659.0,2008.0,Oui,Oui,443000.0
2536,Plateau,Condo,1,2,1893.0,1992.0,Oui,Oui,631000.0
2537,Westmount,Condo,4,2,2344.0,1963.0,Oui,Oui,1056000.0
2538,NDG,Condo,1,2,2820.0,2008.0,Non,Non,656000.0
2539,Outremont,Triplex,1,2,3331.0,1964.0,Oui,Oui,1245000.0
2540,Ahuntsic,Condo,4,2,3326.0,1968.0,Non,Non,806000.0
2541,Villeray,Condo,3,2,1021.0,1997.0,Oui,Oui,391000.0
2542,Verdun,Maison,1,2,1247.0,2005.0,Oui,Non,507000.0
2543,Verdun,Condo,1,1,1668.0,2001.0,Oui,Non,433000.0
2544,NDG,Triplex,3,1,3355.0,2010.0,Non,Oui,1125000.0
2545,Verdun,Duplex,3,2,3297.0,,Oui,Oui,741000.0
2546,Villeray,Condo,3,2,1155.0,2015.0,Non,Oui,416000.0
2547,Villeray,Maison,3,1,1881.0,2022.0,Oui,Oui,732000.0
2548,Verdun,Duplex,3,2,1576.0,1961.0,Non,Oui,513000.0
2549,Centre-Ville,Condo,2,1,735.0,1957.0,Oui,Non,465000.0
2550,Outremont,Maison,5,3,3013.0,1972.0,Non,Non,1473000.0
2551,Villeray,Maison,1,2,875.0,1971.0,Non,Oui,443000.0
2552,Rosemont,Triplex,3,2,3429.0,1975.0,Oui,Non,927000.0
2553,Centre-Ville,Condo,2,1,759.0,2020.0,Non,Oui,521000.0
2554,Centre-Ville,Condo,4,3,2927.0,1997.0,Oui,Non,1002000.0
2555,Hochelaga,Condo,1,1,2274.0,1985.0,Oui,Oui,445000.0
2556,Westmount,Condo,5,1,1946.0,1968.0,Oui,Oui,1020000.0
2557,Plateau,Duplex,2,1,3064.0,1961.0,Oui,Non,909000.0
2558,NDG,Maison,2,1,3343.0,1990.0,Oui,Non,1080000.0
2559,Plateau,Maison,1,1,2328.0,2013.0,Non,Oui,913000.0
2560,Rosemont,Duplex,2,1,684.0,1990.0,Oui,Oui,427000.0
2561,Ahuntsic,Maison,2,1,2867.0,1952.0,Oui,Non,898000.0
2562,Centre-Ville,Condo,4,1,1004.0,1995.0,Oui,Oui,652000.0
2563,Hochelaga,Maison,3,2,2685.0,2013.0,Oui,Non,759000.0
2564,Hochelaga,Condo,2,2,1194.0,1981.0,Oui,Non,355000.0
2565,Villeray,Maison,1,1,2669.0,1954.0,Non,Non,715000.0
2566,Rosemont,Maison,2,1,3205.0,1979.0,Oui,Non,975000.0
2567,Centre-Ville,Duplex,3,2,1588.0,1986.0,Non,Non,717000.0
2568,NDG,Maison,4,2,2467.0,1960.0,Non,Non,907000.0
2569,Ahuntsic,Duplex,3,3,2470.0,1956.0,Oui,Oui,719000.0
2570,Rosemont,Condo,5,2,2291.0,2011.0,Non,Non,691000.0
2571,Centre-Ville,Condo,2,3,1760.0,1952.0,Oui,Non,623000.0
2572,Verdun,Condo,1,2,1413.0,1974.0,Oui,Non,399000.0
2573,Ahuntsic,Maison,2,1,3244.0,1986.0,Non,Non,936000.0
2574,Rosemont,Condo,3,2,1866.0,1992.0,Oui,Oui,586000.0
2575,Centre-Ville,Maison,3,3,3139.0,1993.0,Oui,Non,1334000.0
2576,Outremont,Condo,2,2,3021.0,1957.0,Non,Non,1038000.0
2577,Ahuntsic,Maison,4,3,2902.0,2022.0,Non,Oui,1019000.0
2578,Plateau,Maison,2,2,2902.0,1980.0,Non,Non,1082000.0
2579,NDG,Maison,2,1,3265.0,1993.0,Oui,Oui,1085000.0
2580,Plateau,Condo,3,2,3091.0,2009.0,Oui,Oui,925000.0
2581,Verdun,Condo,2,1,1706.0,1974.0,Non,Oui,467000.0
2582,Plateau,Duplex,2,2,1504.0,1954.0,Oui,Non,588000.0
2583,Villeray,Maison,3,2,1923.0,,Oui,Non,674000.0
2584,Centre-Ville,Triplex,5,2,1592.0,1954.0,Non,Oui,975000.0
2585,Plateau,Condo,3,1,1489.0,1963.0,Oui,Non,617000.0
2586,Hochelaga,Triplex,2,3,1765.0,2011.0,Oui,Non,486000.0
2587,Villeray,Maison,5,2,2071.0,2014.0,Oui,Oui,847000.0
2588,Centre-Ville,Condo,4,2,1910.0,2013.0,Non,Non,802000.0
2589,Ahuntsic,Condo,2,1,595.0,1980.0,Oui,Non,331000.0
2590,Westmount,Condo,2,1,1908.0,1972.0,Oui,Oui,873000.0
2591,Rosemont,Condo,1,1,3271.0,1979.0,Non,Oui,727000.0
2592,Verdun,Condo,2,2,1519.0,1974.0,Oui,Non,466000.0
2593,Centre-Ville,Condo,2,1,3346.0,1952.0,Oui,Non,1023000.0
2594,Verdun,Condo,4,2,3271.0,1963.0,Oui,Oui,722000.0
2595,Outremont,Condo,2,1,1402.0,1974.0,Oui,Oui,679000.0
2596,Centre-Ville,Maison,3,3,2440.0,1991.0,Oui,Non,1169000.0
2597,Westmount,Duplex,2,1,2907.0,1988.0,Non,Oui,1201000.0
2598,Hochelaga,Condo,2,1,1146.0,2006.0,Oui,Oui,369000.0
2599,Rosemont,Condo,2,2,1818.0,1973.0,Oui,Oui,564000.0
2600,Plateau,Maison,5,2,912.0,2002.0,Non,Oui,787000.0
2601,Westmount,Condo,3,1,645.0,1966.0,Non,Non,569000.0
2602,Outremont,Condo,2,1,3394.0,1994.0,Oui,Non,1102000.0
2603,Outremont,Condo,3,2,2151.0,2011.0,Oui,Non,897000.0
2604,Hochelaga,Maison,1,2,3462.0,1960.0,Oui,Oui,800000.0
2605,Outremont,Duplex,2,1,2726.0,1963.0,Oui,Non,1030000.0
2606,Westmount,Maison,4,2,1058.0,1961.0,Oui,Oui,1032000.0
2607,Plateau,Maison,5,3,2867.0,1956.0,Oui,Oui,1179000.0
2608,Hochelaga,Maison,3,2,3130.0,1982.0,Oui,Non,824000.0
2609,Rosemont,Maison,2,2,982.0,1994.0,Oui,Oui,591000.0
2610,Hochelaga,Duplex,4,2,2949.0,1997.0,Oui,Non,670000.0
2611,Plateau,Maison,1,2,1712.0,2002.0,Oui,Non,770000.0
2612,Hochelaga,Condo,3,3,2993.0,1998.0,Oui,Oui,616000.0
2613,Hochelaga,Triplex,2,1,3331.0,1967.0,Non,Non,745000.0
2614,Ahuntsic,Condo,5,3,1102.0,1986.0,Non,Non,471000.0
2615,NDG,Condo,2,3,1546.0,1953.0,Oui,Non,461000.0
2616,Outremont,Condo,2,2,1541.0,1984.0,Oui,Non,759000.0
2617,Outremont,Condo,4,1,2176.0,,Non,Non,939000.0
2618,Westmount,Condo,2,2,2870.0,2002.0,Oui,Oui,1116000.0
2619,Centre-Ville,Condo,2,1,2192.0,1965.0,Oui,Oui,738000.0
2620,Hochelaga,Triplex,3,1,2750.0,2016.0,Oui,Oui,700000.0
2621,NDG,Condo,3,1,1233.0,1968.0,Non,Oui,504000.0
2622,NDG,Triplex,1,3,2101.0,,Non,Oui,658000.0
2623,Outremont,Maison,2,1,1313.0,1963.0,Non,Oui,847000.0
2624,Ahuntsic,Condo,2,3,537.0,1993.0,Oui,Oui,349000.0
2625,Villeray,Maison,5,1,2957.0,2008.0,Non,Oui,961000.0
2626,Outremont,Condo,2,1,2821.0,1962.0,Oui,Non,1015000.0
2627,Westmount,Condo,1,1,1326.0,2005.0,Oui,Oui,759000.0
2628,Hochelaga,Maison,1,1,2179.0,2012.0,Oui,Oui,594000.0
2629,Outremont,Condo,3,2,2511.0,2012.0,Oui,Non,938000.0
2630,Verdun,Duplex,3,3,3381.0,1960.0,Oui,Oui,763000.0
2631,Outremont,Maison,1,2,953.0,2010.0,Oui,Oui,732000.0
2632,Villeray,Condo,1,3,2360.0,2022.0,Oui,Oui,574000.0
2633,Outremont,Condo,2,3,1346.0,2016.0,Oui,Non,672000.0
2634,Ahuntsic,Maison,2,1,1989.0,2023.0,Oui,Oui,760000.0
2635,Verdun,Triplex,2,2,532.0,1978.0,Non,Non,390000.0
2636,Ahuntsic,Maison,2,3,559.0,1953.0,Non,Oui,427000.0
2637,NDG,Maison,3,2,2582.0,1989.0,Oui,Oui,1002000.0
2638,Outremont,Condo,3,1,2508.0,1965.0,Oui,Oui,911000.0
2639,Westmount,Maison,2,1,3341.0,2012.0,Non,Non,1630000.0
2640,Verdun,Maison,2,3,2391.0,1974.0,Oui,Oui,728000.0
2641,Villeray,Maison,1,1,3070.0,1984.0,Oui,Non,785000.0
2642,Centre-Ville,Condo,1,1,766.0,2001.0,Oui,Oui,475000.0
2643,NDG,Condo,3,3,1003.0,1955.0,Oui,Non,433000.0
2644,Hochelaga,Duplex,4,2,2401.0,1962.0,Non,Oui,612000.0
2645,Rosemont,Triplex,2,2,2853.0,2022.0,Oui,Oui,861000.0
2646,Centre-Ville,Duplex,1,2,3034.0,2010.0,Non,Oui,1030000.0
2647,Centre-Ville,Maison,2,2,1841.0,1952.0,Oui,Oui,900000.0
2648,Westmount,Condo,4,1,3016.0,1970.0,Oui,Oui,1273000.0
2649,Ahuntsic,Duplex,2,3,2508.0,2018.0,Non,Non,645000.0
2650,Verdun,Duplex,2,2,3235.0,2017.0,Oui,Oui,748000.0
2651,Rosemont,Triplex,2,1,3469.0,1954.0,Oui,Oui,923000.0
2652,Villeray,Maison,3,1,2255.0,1952.0,Oui,Non,743000.0
2653,Rosemont,Maison,1,2,1644.0,1996.0,Oui,Oui,634000.0
2654,Westmount,Condo,4,2,2156.0,1997.0,Non,Oui,1009000.0
2655,Ahuntsic,Triplex,3,2,2176.0,2023.0,Oui,Non,790000.0
2656,Hochelaga,Maison,2,3,2314.0,1994.0,Non,Oui,599000.0
2657,Villeray,Maison,1,1,2544.0,1986.0,Oui,Oui,762000.0
2658,Villeray,Maison,2,2,716.0,1953.0,Oui,Non,431000.0
2659,Outremont,Maison,2,2,1856.0,,Oui,Non,1017000.0
2660,Rosemont,Condo,2,2,3340.0,1951.0,Oui,Non,733000.0
2661,Villeray,Maison,2,2,3290.0,1996.0,Non,Non,875000.0
2662,Plateau,Condo,2,2,2748.0,2010.0,Oui,Oui,778000.0
2663,NDG,Condo,3,2,1583.0,1955.0,Non,Oui,507000.0
2664,Ahuntsic,Condo,3,2,732.0,,Oui,Non,378000.0
2665,Centre-Ville,Duplex,4,3,2935.0,1990.0,Oui,Oui,1114000.0
2666,Westmount,Maison,3,3,,1966.0,Oui,Oui,1728000.0
2667,Outremont,Condo,2,2,1859.0,1959.0,Oui,Non,770000.0
2668,Hochelaga,Condo,3,1,2254.0,2019.0,Oui,Oui,519000.0
2669,Outremont,Maison,2,1,1643.0,2012.0,Oui,Oui,937000.0
2670,Ahuntsic,Maison,4,2,2483.0,1994.0,Non,Oui,889000.0
2671,Verdun,Condo,3,2,3255.0,1961.0,Oui,Oui,712000.0
2672,Ahuntsic,Maison,2,2,2000.0,2022.0,Oui,Oui,771000.0
2673,Plateau,Condo,2,1,3358.0,1998.0,Oui,Oui,879000.0
2674,Verdun,Duplex,1,3,1810.0,1951.0,Oui,Oui,478000.0
2675,Outremont,Maison,2,2,2779.0,1966.0,Oui,Oui,1315000.0
2676,NDG,Condo,3,2,1690.0,2008.0,Oui,Non,653000.0
2677,Centre-Ville,Condo,2,2,2649.0,1956.0,Oui,Oui,908000.0
2678,Villeray,Condo,4,2,2583.0,1969.0,Oui,Oui,625000.0
2679,NDG,Duplex,2,2,1847.0,2009.0,Non,Oui,616000.0
2680,Westmount,Condo,1,1,1262.0,2023.0,Oui,Oui,700000.0
2681,Westmount,Triplex,2,1,,2010.0,Non,Oui,1324000.0
2682,NDG,Condo,3,1,744.0,2023.0,Oui,Non,445000.0
2683,Outremont,Condo,3,2,2899.0,2010.0,Oui,Oui,998000.0
2684,Rosemont,Condo,4,1,1325.0,1965.0,Oui,Non,440000.0
2685,Outremont,Condo,3,2,2828.0,1966.0,Oui,Oui,992000.0
2686,Westmount,Triplex,3,3,675.0,1970.0,Oui,Oui,684000.0
2687,Westmount,Condo,2,1,936.0,1992.0,Non,Non,649000.0
2688,Rosemont,Duplex,3,1,2631.0,1950.0,Oui,Oui,808000.0
2689,Plateau,Condo,2,1,2315.0,1960.0,Non,Oui,712000.0
2690,Outremont,Condo,2,1,1247.0,1980.0,Oui,Oui,678000.0
2691,Verdun,Maison,1,3,2448.0,2014.0,Non,Non,739000.0
2692,Villeray,Condo,2,1,3006.0,1991.0,Oui,Non,601000.0
2693,Villeray,Maison,1,1,3049.0,1981.0,Oui,Oui,824000.0
2694,Centre-Ville,Condo,2,3,2876.0,1956.0,Oui,Non,909000.0
2695,Ahuntsic,Maison,1,1,2116.0,2022.0,Oui,Non,793000.0
2696,Plateau,Condo,2,2,1339.0,1982.0,Oui,Non,512000.0
2697,Rosemont,Triplex,2,1,2420.0,1962.0,Non,Non,737000.0
2698,Verdun,Condo,3,3,2271.0,1956.0,Non,Oui,523000.0
2699,Outremont,Maison,2,1,1399.0,1989.0,Non,Non,832000.0
2700,Verdun,Condo,1,2,1094.0,2022.0,Oui,Non,334000.0
2701,Centre-Ville,Condo,1,3,3349.0,2018.0,Non,Oui,948000.0
2702,Rosemont,Condo,2,2,675.0,1956.0,Oui,Oui,345000.0
2703,Verdun,Duplex,2,1,2505.0,,Non,Oui,633000.0
2704,Plateau,Maison,2,2,1355.0,1966.0,Non,Non,754000.0
2705,Centre-Ville,Condo,3,2,2733.0,1960.0,Oui,Oui,958000.0
2706,Plateau,Condo,2,1,2940.0,1951.0,Non,Oui,764000.0
2707,Rosemont,Duplex,3,3,2032.0,1979.0,Oui,Oui,689000.0
2708,Ahuntsic,Condo,4,3,1575.0,2000.0,Oui,Oui,588000.0
2709,Westmount,Condo,3,2,1101.0,2016.0,Oui,Oui,767000.0
2710,Hochelaga,Duplex,3,2,1345.0,2003.0,Oui,Oui,424000.0
2711,Rosemont,Condo,3,1,1595.0,1987.0,Non,Non,454000.0
2712,Rosemont,Maison,2,1,1050.0,1978.0,Non,Non,496000.0
2713,Verdun,Maison,3,2,986.0,2017.0,Oui,Non,542000.0
2714,Centre-Ville,Triplex,3,1,1972.0,1981.0,Oui,Oui,1014000.0
2715,Centre-Ville,Maison,2,2,1685.0,2000.0,Non,Oui,895000.0
2716,Ahuntsic,Condo,3,1,1677.0,1965.0,Non,Non,511000.0
2717,Verdun,Triplex,2,2,3320.0,1971.0,Oui,Non,837000.0
2718,NDG,Maison,1,2,1738.0,2004.0,Oui,Non,693000.0
2719,Westmount,Triplex,4,2,2652.0,2006.0,Non,Oui,1386000.0
2720,Rosemont,Duplex,2,1,2813.0,1984.0,Oui,Oui,755000.0
2721,Hochelaga,Maison,2,1,2142.0,2021.0,Oui,Oui,621000.0
2722,Verdun,Condo,2,1,826.0,1991.0,Non,Oui,293000.0
2723,Villeray,Condo,3,1,2644.0,2001.0,Oui,Oui,676000.0
2724,Plateau,Condo,3,2,751.0,2002.0,Non,Oui,452000.0
2725,NDG,Condo,3,1,761.0,2022.0,Oui,Oui,477000.0
2726,Villeray,Duplex,1,2,1323.0,2019.0,Non,Oui,444000.0
2727,Verdun,Condo,5,2,1141.0,1964.0,Oui,Non,419000.0
2728,Verdun,Triplex,2,2,641.0,1970.0,Oui,Non,386000.0
2729,Verdun,Condo,1,1,,1962.0,Non,Oui,465000.0
2730,NDG,Maison,2,2,517.0,2019.0,Non,Non,487000.0
2731,Hochelaga,Condo,3,1,1732.0,2016.0,Non,Non,443000.0
2732,Hochelaga,Condo,5,1,526.0,1997.0,Non,Oui,360000.0
2733,Centre-Ville,Maison,2,2,2168.0,1954.0,Oui,Oui,1049000.0
2734,Rosemont,Triplex,2,1,1111.0,1990.0,Oui,Non,532000.0
2735,Villeray,Triplex,4,1,1493.0,1997.0,Non,Oui,558000.0
2736,NDG,Condo,3,2,2985.0,2021.0,Oui,Oui,770000.0
2737,Verdun,Maison,3,1,2766.0,1992.0,Oui,Oui,840000.0
2738,Verdun,Condo,2,3,2344.0,1965.0,Oui,Non,534000.0
2739,Rosemont,Condo,3,3,2140.0,1961.0,Non,Non,597000.0
2740,Verdun,Duplex,1,3,3444.0,1958.0,Non,Oui,783000.0
2741,Plateau,Condo,3,3,1859.0,1968.0,Oui,Non,628000.0
2742,Villeray,Triplex,2,3,623.0,,Oui,Non,423000.0
2743,Westmount,Duplex,3,2,1317.0,1972.0,Oui,Non,860000.0
2744,Centre-Ville,Maison,3,1,774.0,1965.0,Non,Oui,677000.0
2745,Plateau,Condo,2,3,2079.0,1977.0,Oui,Oui,682000.0
2746,Verdun,Condo,2,1,1556.0,,Non,Non,427000.0
2747,Ahuntsic,Maison,2,1,1714.0,1970.0,Non,Oui,668000.0
2748,Verdun,Duplex,3,2,1553.0,2008.0,Oui,Non,571000.0
2749,Westmount,Maison,2,2,2766.0,1980.0,Oui,Oui,1447000.0
2750,NDG,Duplex,2,2,1275.0,1993.0,Oui,Oui,564000.0
2751,Rosemont,Maison,3,2,,1996.0,Oui,Oui,947000.0
2752,Plateau,Triplex,3,1,1686.0,1962.0,Oui,Non,707000.0
2753,Rosemont,Duplex,4,2,812.0,1967.0,Non,Oui,463000.0
2754,Verdun,Maison,2,1,2177.0,1985.0,Oui,Non,675000.0
2755,NDG,Duplex,2,2,601.0,1985.0,Non,Non,434000.0
2756,Centre-Ville,Maison,2,1,539.0,1953.0,Non,Oui,592000.0
2757,Outremont,Condo,4,1,3091.0,2004.0,Oui,Non,1149000.0
2758,Centre-Ville,Maison,2,1,1779.0,1972.0,Oui,Non,925000.0
2759,Rosemont,Maison,2,2,1789.0,2017.0,Oui,Oui,695000.0
2760,Ahuntsic,Maison,3,1,3431.0,,Oui,Non,955000.0
2761,Rosemont,Condo,2,1,1616.0,2023.0,Oui,Oui,497000.0
2762,Centre-Ville,Condo,5,1,3154.0,2000.0,Oui,Oui,1139000.0
2763,Villeray,Triplex,2,2,863.0,1978.0,Non,Oui,379000.0
2764,Villeray,Duplex,2,3,1915.0,1986.0,Oui,Non,586000.0
2765,Westmount,Maison,4,3,1034.0,2001.0,Oui,Oui,1059000.0
2766,Rosemont,Maison,1,1,1453.0,1951.0,Oui,Oui,596000.0
2767,Centre-Ville,Duplex,1,1,1774.0,2022.0,Oui,Non,807000.0
2768,Centre-Ville,Triplex,2,1,1337.0,1954.0,Oui,Oui,714000.0
2769,Westmount,Duplex,5,1,1442.0,1978.0,Oui,Oui,1014000.0
2770,Verdun,Maison,2,3,2072.0,1978.0,Oui,Oui,706000.0
2771,Villeray,Triplex,3,2,3257.0,1992.0,Non,Non,792000.0
2772,Villeray,Duplex,2,2,1656.0,1990.0,Oui,Oui,527000.0
2773,Plateau,Condo,3,1,1064.0,2004.0,Oui,Oui,579000.0
2774,Ahuntsic,Condo,2,1,3302.0,,Oui,Non,759000.0
2775,Verdun,Maison,4,2,3364.0,1987.0,Oui,Oui,1006000.0
2776,Ahuntsic,Duplex,1,1,,2009.0,Oui,Non,463000.0
2777,Westmount,Maison,4,1,1457.0,1992.0,Non,Oui,1147000.0
2778,NDG,Duplex,1,1,1955.0,1960.0,Non,Oui,562000.0
2779,Westmount,Maison,5,2,950.0,2001.0,Oui,Non,1069000.0
2780,Plateau,Maison,2,1,2340.0,1972.0,Oui,Non,937000.0
2781,Ahuntsic,Maison,2,2,2217.0,1966.0,Oui,Non,741000.0
2782,Westmount,Condo,2,2,2281.0,2018.0,Oui,Non,1034000.0
2783,Plateau,Triplex,5,1,3498.0,2011.0,Non,Oui,1214000.0
2784,Centre-Ville,Condo,1,1,941.0,1986.0,Non,Oui,562000.0
2785,Outremont,Condo,2,1,2685.0,,Oui,Oui,985000.0
2786,NDG,Condo,3,2,2365.0,1994.0,Oui,Non,721000.0
2787,Rosemont,Maison,3,2,2299.0,2004.0,Oui,Oui,860000.0
2788,Westmount,Condo,2,2,3367.0,1977.0,Non,Oui,1169000.0
2789,NDG,Duplex,2,1,2188.0,1974.0,Oui,Oui,685000.0
2790,Rosemont,Condo,1,1,1637.0,1959.0,Non,Non,428000.0
2791,NDG,Triplex,3,1,1173.0,2015.0,Non,Oui,616000.0
2792,Villeray,Duplex,1,1,1739.0,1953.0,Oui,Oui,458000.0
2793,Outremont,Condo,2,2,3444.0,1968.0,Oui,Oui,1162000.0
2794,Westmount,Maison,2,1,2570.0,1996.0,Oui,Non,1367000.0
2795,Rosemont,Condo,4,2,1495.0,1967.0,Oui,Oui,526000.0
2796,Villeray,Condo,2,1,2652.0,2011.0,Oui,Non,569000.0
2797,NDG,Maison,2,2,2054.0,2010.0,Non,Non,802000.0
2798,Plateau,Condo,1,1,2694.0,,Oui,Non,694000.0
2799,Ahuntsic,Maison,2,3,3234.0,1957.0,Non,Oui,937000.0
2800,Hochelaga,Condo,4,2,1449.0,1992.0,Oui,Non,465000.0
2801,Westmount,Maison,1,1,803.0,1966.0,Oui,Oui,751000.0
2802,Westmount,Condo,2,1,2681.0,1989.0,Oui,Non,1023000.0
2803,Verdun,Condo,3,2,2424.0,1964.0,Oui,Non,582000.0
2804,Villeray,Condo,3,2,1898.0,1996.0,Oui,Oui,541000.0
2805,Ahuntsic,Maison,4,1,1200.0,1998.0,Oui,Non,670000.0
2806,Outremont,Condo,1,3,1316.0,1999.0,Non,Oui,622000.0
2807,Hochelaga,Maison,4,1,2982.0,1980.0,Non,Oui,862000.0
2808,Outremont,Condo,2,2,1510.0,1975.0,Oui,Oui,736000.0
2809,Hochelaga,Maison,1,1,593.0,2007.0,Non,Non,312000.0
2810,Hochelaga,Condo,3,2,993.0,1961.0,Oui,Non,325000.0
2811,Plateau,Condo,4,1,2260.0,1991.0,Oui,Non,745000.0
2812,Plateau,Triplex,2,1,3278.0,,Non,Oui,1070000.0
2813,Villeray,Condo,4,1,1518.0,1996.0,Oui,Non,513000.0
2814,Rosemont,Condo,3,2,2481.0,1953.0,Non,Oui,587000.0
2815,NDG,Triplex,2,1,922.0,2017.0,Non,Non,528000.0
2816,Outremont,Duplex,3,3,2297.0,1979.0,Oui,Oui,996000.0
2817,Centre-Ville,Maison,2,2,2532.0,1989.0,Non,Oui,1104000.0
2818,Hochelaga,Condo,3,2,1929.0,1999.0,Oui,Oui,482000.0
2819,Centre-Ville,Maison,3,2,2634.0,1958.0,Oui,Oui,1274000.0
2820,Ahuntsic,Duplex,3,2,2178.0,1982.0,Oui,Non,672000.0
2821,Hochelaga,Duplex,3,3,2682.0,2001.0,Non,Non,642000.0
2822,Centre-Ville,Duplex,3,3,2295.0,1994.0,Non,Oui,949000.0
2823,Plateau,Condo,2,1,1204.0,1952.0,Oui,Oui,498000.0
2824,Plateau,Condo,3,2,1312.0,1951.0,Non,Oui,553000.0
2825,Rosemont,Maison,2,2,3335.0,1953.0,Oui,Non,959000.0
2826,Plateau,Maison,1,2,757.0,2006.0,Oui,Oui,515000.0
2827,NDG,Maison,3,3,1526.0,2010.0,Oui,Oui,733000.0
2828,Outremont,Triplex,2,2,2859.0,1960.0,Oui,Oui,1195000.0
2829,Centre-Ville,Condo,1,2,,1970.0,Oui,Non,526000.0
2830,Plateau,Duplex,2,1,2470.0,2003.0,Oui,Non,832000.0
2831,Outremont,Maison,5,2,1791.0,1984.0,Oui,Oui,1177000.0
2832,Westmount,Maison,4,1,2957.0,1991.0,Oui,Oui,1667000.0
2833,Verdun,Triplex,3,2,676.0,1958.0,Oui,Non,394000.0
2834,Plateau,Condo,2,2,1497.0,1963.0,Oui,Non,510000.0
2835,Westmount,Condo,2,2,2546.0,1951.0,Oui,Oui,966000.0
2836,Ahuntsic,Duplex,2,1,1637.0,2010.0,Non,Oui,548000.0
2837,NDG,Maison,5,1,3117.0,1964.0,Oui,Oui,1193000.0
2838,Outremont,Maison,3,3,2786.0,1960.0,Non,Oui,1314000.0
2839,Rosemont,Condo,2,1,2697.0,2006.0,Oui,Oui,630000.0
2840,Ahuntsic,Maison,1,1,1361.0,2016.0,Oui,Non,620000.0
2841,Hochelaga,Maison,2,1,2577.0,1956.0,Oui,Oui,665000.0
2842,Plateau,Maison,2,1,964.0,1950.0,Oui,Oui,541000.0
2843,Rosemont,Condo,2,1,2937.0,2000.0,Oui,Oui,702000.0
2844,Verdun,Duplex,4,2,1072.0,1990.0,Oui,Oui,521000.0
2845,Westmount,Maison,2,2,1509.0,2009.0,Oui,Oui,1092000.0
2846,Rosemont,Condo,2,2,2175.0,1968.0,Non,Oui,529000.0
2847,Verdun,Maison,4,2,955.0,2011.0,Oui,Non,535000.0
2848,Verdun,Maison,4,2,538.0,1979.0,Non,Oui,498000.0
2849,Rosemont,Condo,2,2,2025.0,1965.0,Non,Oui,518000.0
2850,Outremont,Condo,3,2,793.0,1967.0,Oui,Non,529000.0
2851,Plateau,Maison,5,2,2157.0,1980.0,Oui,Oui,1019000.0
2852,Verdun,Condo,4,1,3068.0,1984.0,Non,Non,672000.0
2853,Westmount,Maison,2,2,1334.0,1977.0,Oui,Oui,1035000.0
2854,Villeray,Duplex,2,2,1656.0,1961.0,Non,Oui,506000.0
2855,Rosemont,Condo,2,2,1490.0,1973.0,Oui,Oui,480000.0
2856,Westmount,Duplex,2,2,2270.0,1990.0,Oui,Oui,1167000.0
2857,NDG,Duplex,2,2,3158.0,2018.0,Non,Oui,904000.0
2858,Villeray,Maison,3,1,1611.0,2011.0,Oui,Non,730000.0
2859,Rosemont,Maison,3,1,2117.0,2015.0,Oui,Oui,815000.0
2860,Plateau,Maison,4,3,3456.0,,Non,Non,1289000.0
2861,Hochelaga,Maison,2,2,742.0,1976.0,Oui,Oui,378000.0
2862,Plateau,Duplex,3,1,871.0,2006.0,Oui,Non,557000.0
2863,Rosemont,Condo,5,1,869.0,1973.0,Oui,Oui,468000.0
2864,Plateau,Triplex,2,2,2145.0,2017.0,Non,Oui,933000.0
2865,Villeray,Condo,3,2,3149.0,2013.0,Oui,Oui,696000.0
2866,Centre-Ville,Condo,3,2,1700.0,1969.0,Oui,Non,751000.0
2867,Centre-Ville,Maison,3,2,1058.0,1958.0,Non,Oui,765000.0
2868,Outremont,Triplex,2,1,2335.0,2012.0,Non,Oui,1099000.0
2869,Outremont,Duplex,3,1,2172.0,1974.0,Oui,Non,979000.0
2870,Hochelaga,Condo,1,2,1622.0,2010.0,Oui,Oui,411000.0
2871,Westmount,Triplex,4,2,2452.0,1991.0,Oui,Non,1358000.0
2872,Rosemont,Triplex,2,2,1859.0,1952.0,Non,Non,557000.0
2873,Westmount,Maison,2,3,1085.0,2006.0,Oui,Oui,974000.0
2874,Ahuntsic,Condo,1,2,1915.0,2010.0,Oui,Oui,473000.0
2875,Plateau,Maison,2,2,2812.0,1958.0,Non,Oui,1071000.0
2876,NDG,Maison,2,1,1247.0,1992.0,Oui,Non,658000.0
2877,Westmount,Maison,4,1,3407.0,1992.0,Oui,Oui,1822000.0
2878,Rosemont,Maison,1,1,1374.0,1972.0,Non,Oui,555000.0
2879,Centre-Ville,Condo,2,1,3319.0,1966.0,Oui,Non,1043000.0
2880,Hochelaga,Condo,4,1,1359.0,1962.0,Oui,Non,451000.0
2881,Plateau,Triplex,3,3,710.0,2022.0,Oui,Oui,555000.0
2882,Villeray,Condo,2,3,1134.0,1969.0,Non,Non,292000.0
2883,Outremont,Condo,1,3,1071.0,1999.0,Non,Non,562000.0
2884,Outremont,Triplex,3,1,2611.0,1967.0,Oui,Oui,1193000.0
2885,Centre-Ville,Maison,2,1,801.0,2003.0,Non,Non,647000.0
2886,Plateau,Maison,3,1,1434.0,1965.0,Non,Non,745000.0
2887,Verdun,Condo,1,3,2666.0,1962.0,Oui,Oui,531000.0
2888,Westmount,Duplex,2,1,1480.0,2011.0,Oui,Oui,915000.0
2889,Hochelaga,Duplex,2,2,612.0,2010.0,Oui,Oui,308000.0
2890,Villeray,Condo,3,1,1023.0,1989.0,Oui,Oui,401000.0
2891,Rosemont,Duplex,3,2,1728.0,,Non,Non,607000.0
2892,NDG,Condo,3,2,2268.0,2017.0,Oui,Non,674000.0
2893,Villeray,Duplex,5,2,,2018.0,Oui,Non,598000.0
2894,Verdun,Duplex,3,2,2941.0,2003.0,Oui,Oui,742000.0
2895,Outremont,Maison,4,3,3335.0,2007.0,Oui,Oui,1614000.0
2896,Plateau,Condo,3,1,2647.0,1968.0,Oui,Non,829000.0
2897,Rosemont,Maison,2,2,2261.0,1978.0,Oui,Oui,780000.0
2898,Villeray,Maison,3,2,1380.0,1983.0,Non,Non,593000.0
2899,Ahuntsic,Duplex,2,1,3349.0,1954.0,Oui,Non,833000.0
2900,Plateau,Condo,4,1,1015.0,1963.0,Oui,Oui,554000.0
2901,Rosemont,Maison,1,2,1563.0,2006.0,Oui,Oui,660000.0
2902,Villeray,Duplex,3,2,2850.0,1959.0,Oui,Non,746000.0
2903,Villeray,Maison,5,3,1220.0,1990.0,Non,Oui,633000.0
2904,NDG,Condo,2,1,2391.0,1973.0,Oui,Oui,688000.0
2905,NDG,Condo,1,2,1745.0,1988.0,Oui,Oui,522000.0
2906,Plateau,Condo,2,1,1062.0,1962.0,Oui,Non,461000.0
2907,Westmount,Duplex,1,1,2234.0,2012.0,Oui,Non,1002000.0
2908,Centre-Ville,Maison,2,2,710.0,1955.0,Oui,Oui,633000.0
2909,Villeray,Maison,3,2,2862.0,1989.0,Oui,Non,868000.0
2910,Plateau,Condo,4,2,1583.0,1992.0,Oui,Non,651000.0
2911,NDG,Maison,3,1,3215.0,2021.0,Oui,Oui,1139000.0
2912,Rosemont,Duplex,3,1,1867.0,2002.0,Oui,Non,624000.0
2913,Ahuntsic,Condo,1,1,1444.0,1959.0,Non,Non,406000.0
2914,Westmount,Condo,2,2,2294.0,1972.0,Oui,Oui,973000.0
2915,Ahuntsic,Triplex,2,2,1615.0,1975.0,Non,Non,625000.0
2916,Ahuntsic,Maison,4,1,1030.0,2014.0,Oui,Non,638000.0
2917,Verdun,Maison,2,2,2316.0,1996.0,Oui,Oui,711000.0
2918,Villeray,Condo,1,3,2171.0,1983.0,Oui,Non,551000.0
2919,Verdun,Condo,2,3,2899.0,1953.0,Oui,Non,605000.0
2920,NDG,Condo,3,2,1370.0,1979.0,Oui,Oui,533000.0
2921,Verdun,Condo,3,1,3451.0,1952.0,Non,Non,667000.0
2922,Villeray,Maison,3,3,1626.0,2001.0,Non,Oui,616000.0
2923,Outremont,Condo,5,2,744.0,2013.0,Oui,Oui,740000.0
2924,Verdun,Condo,3,3,916.0,1975.0,Non,Oui,344000.0
2925,Villeray,Condo,2,2,737.0,1963.0,Oui,Non,297000.0
2926,Outremont,Duplex,3,1,1258.0,1951.0,Oui,Non,749000.0
2927,Plateau,Maison,1,2,697.0,2007.0,Non,Oui,478000.0
2928,Hochelaga,Condo,3,2,2994.0,1994.0,Non,Oui,625000.0
2929,Outremont,Condo,4,1,3223.0,,Non,Oui,1172000.0
2930,Plateau,Maison,3,2,2121.0,1953.0,Oui,Oui,928000.0
2931,Westmount,Triplex,3,2,,1958.0,Non,Oui,1243000.0
2932,Hochelaga,Condo,3,2,2843.0,1959.0,Non,Oui,609000.0
2933,Verdun,Condo,3,2,3243.0,1957.0,Oui,Oui,715000.0
2934,Plateau,Duplex,4,2,2395.0,2008.0,Oui,Oui,932000.0
2935,Ahuntsic,Condo,1,3,1168.0,1968.0,Oui,Oui,414000.0
2936,Outremont,Maison,1,3,2188.0,1971.0,Oui,Non,1044000.0
2937,Plateau,Maison,1,2,2951.0,1974.0,Oui,Non,1030000.0
2938,Westmount,Duplex,5,2,518.0,2002.0,Oui,Non,783000.0
2939,Centre-Ville,Condo,1,2,1151.0,1974.0,Oui,Oui,562000.0
2940,Villeray,Condo,2,2,2709.0,1964.0,Oui,Oui,582000.0
2941,Verdun,Condo,4,1,1480.0,2017.0,Oui,Non,514000.0
2942,Villeray,Maison,4,2,2612.0,1976.0,Oui,Oui,848000.0
2943,Centre-Ville,Triplex,1,3,3279.0,1954.0,Oui,Oui,1182000.0
2944,Ahuntsic,Maison,3,1,2986.0,1969.0,Oui,Oui,973000.0
2945,Plateau,Triplex,3,3,1966.0,1974.0,Oui,Oui,848000.0
2946,Villeray,Maison,3,2,649.0,2017.0,Non,Oui,484000.0
2947,Hochelaga,Triplex,4,2,3303.0,1976.0,Oui,Non,798000.0
2948,Centre-Ville,Maison,3,2,1927.0,1987.0,Oui,Oui,1029000.0
2949,Ahuntsic,Condo,4,3,2326.0,1958.0,Oui,Non,685000.0
2950,Ahuntsic,Maison,5,2,2229.0,2012.0,Non,Non,882000.0
2951,NDG,Condo,2,2,982.0,1995.0,Oui,Oui,486000.0
2952,Verdun,Maison,1,2,1574.0,2020.0,Oui,Oui,552000.0
2953,Ahuntsic,Condo,4,1,3264.0,1969.0,Non,Oui,751000.0
2954,Westmount,Duplex,2,2,681.0,1978.0,Oui,Non,670000.0
2955,Rosemont,Duplex,1,2,2219.0,1969.0,Non,Oui,652000.0
2956,Ahuntsic,Duplex,1,1,560.0,2005.0,Oui,Oui,380000.0
2957,Villeray,Duplex,3,1,1710.0,1965.0,Non,Non,475000.0
2958,Villeray,Condo,2,2,3395.0,1985.0,Oui,Oui,731000.0
2959,NDG,Duplex,3,1,1535.0,1995.0,Oui,Non,597000.0
2960,Villeray,Condo,3,2,1122.0,1992.0,Oui,Oui,387000.0
2961,Hochelaga,Duplex,2,2,3054.0,1981.0,Non,Non,632000.0
2962,Hochelaga,Maison,1,2,923.0,2017.0,Oui,Oui,406000.0
2963,Rosemont,Condo,3,2,1540.0,1984.0,Oui,Non,535000.0
2964,Verdun,Duplex,3,1,3377.0,1982.0,Oui,Non,806000.0
2965,Hochelaga,Condo,2,2,1801.0,1983.0,Non,Oui,411000.0
2966,Westmount,Triplex,2,1,2354.0,1955.0,Non,Oui,1185000.0
2967,Hochelaga,Maison,1,1,2516.0,2016.0,Oui,Non,735000.0
2968,Outremont,Maison,2,1,2559.0,1999.0,Oui,Oui,1252000.0
2969,Hochelaga,Maison,5,2,1850.0,1972.0,Oui,Oui,687000.0
2970,Plateau,Duplex,2,2,1069.0,1968.0,Oui,Oui,561000.0
2971,Centre-Ville,Condo,3,2,2150.0,2014.0,Oui,Oui,871000.0
2972,Ahuntsic,Condo,3,1,2447.0,1995.0,Oui,Oui,724000.0
2973,Plateau,Maison,1,3,3378.0,1973.0,Oui,Non,1168000.0
2974,Verdun,Maison,2,2,911.0,1993.0,Oui,Oui,458000.0
2975,Villeray,Maison,4,2,3360.0,2007.0,Non,Non,950000.0
2976,Hochelaga,Maison,2,2,3325.0,1985.0,Non,Oui,806000.0
2977,Outremont,Duplex,3,2,1805.0,,Oui,Non,880000.0
2978,Rosemont,Condo,2,2,2875.0,1988.0,Oui,Oui,722000.0
2979,Westmount,Condo,2,2,3216.0,1976.0,Oui,Non,1219000.0
2980,Rosemont,Maison,3,1,2267.0,1986.0,Oui,Non,826000.0
2981,Hochelaga,Condo,2,2,3493.0,1987.0,Oui,Oui,658000.0
2982,Hochelaga,Condo,2,1,1869.0,2000.0,Oui,Non,488000.0
2983,NDG,Duplex,3,1,3472.0,1965.0,Non,Oui,966000.0
2984,Rosemont,Maison,1,3,1870.0,2010.0,Oui,Oui,709000.0
2985,Westmount,Maison,4,3,3050.0,2016.0,Non,Oui,1722000.0
2986,Hochelaga,Condo,2,1,1471.0,1950.0,Non,Oui,375000.0
2987,Ahuntsic,Maison,3,1,3341.0,2000.0,Oui,Oui,1083000.0
2988,Plateau,Condo,3,3,1844.0,,Oui,Oui,720000.0
2989,Hochelaga,Condo,1,2,1029.0,1979.0,Oui,Oui,279000.0
2990,Verdun,Condo,4,3,1188.0,1966.0,Oui,Oui,440000.0
2991,Villeray,Triplex,2,1,887.0,1962.0,Non,Oui,392000.0
2992,Ahuntsic,Maison,1,2,3330.0,2003.0,Non,Non,929000.0
2993,Hochelaga,Maison,4,2,3187.0,1975.0,Oui,Oui,846000.0
2994,Westmount,Duplex,3,1,803.0,1995.0,Oui,Non,676000.0
2995,Rosemont,Condo,2,2,3037.0,1956.0,Non,Oui,672000.0
2996,Villeray,Maison,4,1,1489.0,1965.0,Non,Oui,661000.0
2997,NDG,Condo,3,1,1229.0,2010.0,Oui,Oui,495000.0
2998,Villeray,Condo,3,3,1069.0,1973.0,Oui,Non,344000.0
2999,Westmount,Maison,5,1,2533.0,1951.0,Non,Oui,1502000.0
3000,Hochelaga,Maison,1,2,2921.0,1962.0,Non,Non,665000.0
3001,Villeray,Duplex,3,1,1383.0,1979.0,Non,Oui,510000.0
3002,Centre-Ville,Triplex,1,1,2990.0,2008.0,Oui,Oui,1200000.0
3003,Villeray,Condo,3,1,563.0,1984.0,Oui,Non,399000.0
3004,Ahuntsic,Condo,4,2,2357.0,1998.0,Oui,Non,647000.0
3005,Plateau,Triplex,2,1,683.0,1963.0,Oui,Oui,529000.0
3006,Verdun,Maison,2,1,3126.0,2012.0,Non,Oui,879000.0
3007,Westmount,Maison,2,1,868.0,2001.0,Non,Non,831000.0
3008,Centre-Ville,Maison,2,1,3242.0,1956.0,Oui,Oui,1344000.0
3009,Verdun,Duplex,3,1,1687.0,1954.0,Oui,Oui,531000.0
3010,Outremont,Maison,5,2,1874.0,,Oui,Non,1192000.0
3011,Plateau,Condo,5,3,,1996.0,Oui,Oui,792000.0
3012,Plateau,Condo,2,1,2951.0,1986.0,Oui,Oui,835000.0
3013,Westmount,Duplex,1,1,2716.0,1996.0,Oui,Oui,1178000.0
3014,Ahuntsic,Condo,2,3,660.0,1979.0,Oui,Oui,339000.0
3015,Hochelaga,Condo,3,2,2098.0,1965.0,Non,Oui,467000.0
3016,NDG,Condo,3,3,2630.0,2017.0,Oui,Oui,798000.0
3017,Westmount,Condo,4,1,1267.0,1987.0,Non,Oui,813000.0
3018,Westmount,Duplex,2,1,2738.0,1955.0,Oui,Oui,1204000.0
3019,Ahuntsic,Duplex,4,1,3388.0,1995.0,Oui,Non,957000.0
3020,Outremont,Condo,2,2,2452.0,1965.0,Oui,Oui,902000.0
3021,Westmount,Duplex,4,3,1527.0,2013.0,Non,Non,965000.0
3022,Plateau,Condo,2,1,2130.0,2008.0,Oui,Oui,683000.0
3023,Verdun,Condo,4,2,2658.0,1956.0,Non,Non,635000.0
3024,Hochelaga,Maison,2,1,1445.0,1973.0,Non,Oui,453000.0
3025,Centre-Ville,Condo,3,3,1522.0,1978.0,Oui,Oui,748000.0
3026,Centre-Ville,Condo,4,1,519.0,2006.0,Oui,Oui,594000.0
3027,Centre-Ville,Condo,1,2,3149.0,1959.0,Oui,Oui,898000.0
3028,Rosemont,Condo,1,1,2026.0,1983.0,Oui,Non,508000.0
3029,Hochelaga,Maison,3,2,2229.0,2007.0,Oui,Non,666000.0
3030,Hochelaga,Maison,3,2,1655.0,2019.0,Non,Oui,606000.0
3031,NDG,Condo,2,2,516.0,,Oui,Oui,345000.0
3032,Outremont,Duplex,5,3,1975.0,1973.0,Oui,Oui,962000.0
3033,Ahuntsic,Triplex,1,2,2266.0,2019.0,Non,Non,723000.0
3034,Hochelaga,Condo,2,1,3238.0,1964.0,Non,Non,511000.0
3035,Outremont,Condo,2,1,1655.0,1951.0,Oui,Oui,766000.0
3036,Plateau,Duplex,1,2,765.0,1989.0,Non,Oui,427000.0
3037,NDG,Maison,2,2,1039.0,1964.0,Oui,Non,577000.0
3038,Rosemont,Condo,5,1,1558.0,1971.0,Oui,Oui,568000.0
3039,Centre-Ville,Maison,5,2,1356.0,,Oui,Non,959000.0
3040,Ahuntsic,Maison,2,2,1065.0,1999.0,Oui,Oui,573000.0
3041,Centre-Ville,Condo,3,2,2786.0,1951.0,Oui,Oui,932000.0
3042,Verdun,Condo,4,1,2561.0,1973.0,Oui,Oui,608000.0
3043,Westmount,Maison,4,1,2763.0,2007.0,Non,Non,1586000.0
3044,Villeray,Maison,3,3,1271.0,1968.0,Oui,Oui,566000.0
3045,Rosemont,Condo,2,3,844.0,2018.0,Oui,Oui,464000.0
3046,Centre-Ville,Maison,2,1,1504.0,2022.0,Non,Oui,864000.0
3047,Outremont,Duplex,3,2,2326.0,1962.0,Oui,Non,1011000.0
3048,Ahuntsic,Condo,4,1,2586.0,1957.0,Oui,Oui,676000.0
3049,NDG,Condo,2,2,,1968.0,Oui,Non,448000.0
3050,Rosemont,Condo,3,2,2235.0,2018.0,Oui,Oui,640000.0
3051,Ahuntsic,Condo,2,2,3268.0,1970.0,Oui,Non,750000.0
3052,Outremont,Condo,3,1,2021.0,2016.0,Oui,Oui,908000.0
3053,Rosemont,Maison,1,1,1573.0,1962.0,Oui,Oui,602000.0
3054,NDG,Condo,2,2,2686.0,1952.0,Oui,Oui,751000.0
3055,Westmount,Maison,3,2,699.0,2023.0,Non,Oui,898000.0
3056,Verdun,Duplex,1,2,3176.0,1955.0,Non,Oui,691000.0
3057,Centre-Ville,Triplex,4,1,1816.0,,Oui,Non,964000.0
3058,Ahuntsic,Triplex,5,2,1622.0,1964.0,Non,Oui,664000.0
3059,NDG,Condo,2,3,1933.0,1959.0,Oui,Oui,620000.0
3060,Villeray,Maison,2,2,2023.0,2012.0,Non,Non,630000.0
3061,Westmount,Maison,4,2,2540.0,1970.0,Non,Oui,1491000.0
3062,Centre-Ville,Condo,3,1,2830.0,2021.0,Non,Non,960000.0
3063,Villeray,Maison,5,1,1372.0,2003.0,Non,Oui,623000.0
3064,NDG,Condo,2,1,2567.0,1954.0,Non,Oui,633000.0
3065,Villeray,Maison,2,1,1597.0,1982.0,Oui,Oui,603000.0
3066,Westmount,Maison,1,2,2424.0,1986.0,Non,Oui,1260000.0
3067,NDG,Condo,2,2,2446.0,1984.0,Oui,Oui,660000.0
3068,Westmount,Condo,3,3,1267.0,2009.0,Oui,Non,778000.0
3069,Hochelaga,Duplex,1,1,3340.0,2000.0,Oui,Oui,625000.0
3070,NDG,Duplex,2,1,2565.0,1960.0,Oui,Oui,722000.0
3071,Villeray,Condo,2,2,1240.0,1967.0,Oui,Non,380000.0
3072,Westmount,Maison,2,1,2284.0,2008.0,Non,Oui,1251000.0
3073,Villeray,Duplex,1,1,1057.0,1986.0,Oui,Non,378000.0
3074,Hochelaga,Duplex,2,1,873.0,2005.0,Oui,Oui,379000.0
3075,Rosemont,Condo,1,2,3498.0,,Non,Oui,730000.0
3076,Centre-Ville,Condo,3,2,2100.0,2015.0,Oui,Oui,859000.0
3077,Verdun,Maison,1,1,2574.0,1982.0,Oui,Non,709000.0
3078,Ahuntsic,Condo,2,1,2178.0,2003.0,Oui,Oui,535000.0
3079,Plateau,Duplex,1,2,2926.0,1987.0,Oui,Non,881000.0
3080,Verdun,Maison,3,1,820.0,1979.0,Oui,Oui,490000.0
3081,Centre-Ville,Maison,1,3,3457.0,1956.0,Oui,Oui,1298000.0
3082,Ahuntsic,Condo,3,1,1331.0,1975.0,Oui,Oui,474000.0
3083,Westmount,Condo,3,2,2393.0,1998.0,Oui,Oui,1047000.0
3084,Outremont,Condo,3,1,1236.0,1970.0,Non,Non,669000.0
3085,Outremont,Duplex,2,2,3317.0,2002.0,Non,Non,1165000.0
3086,Rosemont,Condo,4,1,3044.0,1963.0,Oui,Non,727000.0
3087,Westmount,Triplex,2,2,2285.0,2000.0,Non,Non,1168000.0
3088,Rosemont,Condo,2,1,2583.0,2015.0,Oui,Non,652000.0
3089,Rosemont,Maison,3,1,540.0,1968.0,Oui,Non,464000.0
3090,Hochelaga,Duplex,2,2,2439.0,1973.0,Oui,Oui,502000.0
3091,Plateau,Maison,3,1,3059.0,2000.0,Non,Oui,1116000.0
3092,Verdun,Condo,3,2,1926.0,1974.0,Non,Oui,512000.0
3093,Verdun,Triplex,3,1,931.0,1951.0,Non,Oui,409000.0
3094,Verdun,Maison,2,1,2558.0,1983.0,Oui,Non,781000.0
3095,Hochelaga,Triplex,3,2,2097.0,2005.0,Oui,Non,534000.0
3096,Villeray,Condo,1,2,1641.0,1994.0,Oui,Non,413000.0
3097,Centre-Ville,Maison,2,3,3249.0,1997.0,Non,Non,1283000.0
3098,NDG,Condo,2,2,1380.0,2022.0,Non,Oui,469000.0
3099,Hochelaga,Duplex,2,2,820.0,1983.0,Non,Oui,288000.0
3100,Centre-Ville,Maison,1,3,1154.0,1999.0,Non,Oui,711000.0
3101,Rosemont,Condo,3,2,1013.0,1994.0,Oui,Oui,424000.0
3102,Hochelaga,Condo,2,2,1209.0,2019.0,Oui,Oui,356000.0
3103,Hochelaga,Maison,4,1,1582.0,1961.0,Oui,Oui,559000.0
3104,Verdun,Triplex,2,2,1043.0,1958.0,Oui,Oui,474000.0
3105,Rosemont,Maison,2,2,2693.0,1959.0,Oui,Oui,865000.0
3106,Ahuntsic,Condo,1,1,3313.0,1970.0,Non,Non,680000.0
3107,Outremont,Maison,3,1,2794.0,2011.0,Oui,Oui,1415000.0
3108,Westmount,Maison,4,2,2121.0,1986.0,Oui,Oui,1391000.0
3109,Centre-Ville,Condo,3,2,1403.0,1966.0,Non,Oui,625000.0
3110,Villeray,Maison,4,3,2338.0,1984.0,Non,Non,789000.0
3111,Villeray,Triplex,3,2,1838.0,1963.0,Oui,Oui,665000.0
3112,Verdun,Duplex,2,2,2614.0,1978.0,Oui,Oui,644000.0
3113,Villeray,Triplex,3,2,2024.0,1953.0,Non,Non,627000.0
3114,Villeray,Condo,2,1,3468.0,1998.0,Non,Oui,733000.0
3115,Rosemont,Condo,1,1,932.0,1985.0,Non,Oui,359000.0
3116,Verdun,Condo,2,1,3050.0,1960.0,Oui,Oui,668000.0
3117,Hochelaga,Triplex,3,1,1641.0,1961.0,Oui,Oui,516000.0
3118,Plateau,Condo,3,2,3362.0,1953.0,Non,Oui,828000.0
3119,Villeray,Condo,2,2,1912.0,2010.0,Oui,Oui,467000.0
3120,Plateau,Duplex,4,1,1424.0,1964.0,Non,Oui,683000.0
3121,Outremont,Maison,4,2,1290.0,1960.0,Non,Oui,995000.0
3122,Rosemont,Condo,1,2,724.0,1983.0,Oui,Non,306000.0
3123,Plateau,Condo,3,1,1879.0,,Non,Non,673000.0
3124,Outremont,Condo,3,2,958.0,1988.0,Non,Non,565000.0
3125,NDG,Condo,3,2,931.0,,Oui,Non,444000.0
3126,Centre-Ville,Condo,3,2,2116.0,1970.0,Oui,Oui,815000.0
3127,Rosemont,Maison,2,1,1684.0,1984.0,Oui,Oui,696000.0
3128,Outremont,Maison,2,2,1886.0,1964.0,Oui,Non,1029000.0
3129,Outremont,Maison,3,3,3022.0,2023.0,Oui,Non,1452000.0
3130,Westmount,Condo,2,1,1848.0,1970.0,Oui,Oui,941000.0
3131,Verdun,Triplex,3,1,2552.0,1951.0,Non,Non,709000.0
3132,Ahuntsic,Condo,2,1,2352.0,1968.0,Oui,Oui,584000.0
3133,Rosemont,Maison,2,1,1347.0,1965.0,Oui,Oui,657000.0
3134,Verdun,Triplex,3,1,1018.0,1987.0,Oui,Non,490000.0
3135,Centre-Ville,Maison,2,1,2596.0,1996.0,Oui,Non,1209000.0
3136,Hochelaga,Condo,4,2,2292.0,1984.0,Oui,Oui,493000.0
3137,Ahuntsic,Duplex,1,1,2445.0,2018.0,Oui,Non,674000.0
3138,Hochelaga,Condo,2,1,3073.0,1994.0,Oui,Non,575000.0
3139,Hochelaga,Maison,1,2,668.0,1955.0,Non,Oui,314000.0
3140,Villeray,Condo,2,2,613.0,1963.0,Non,Oui,304000.0
3141,Rosemont,Maison,2,3,3128.0,2022.0,Non,Oui,1008000.0
3142,Westmount,Triplex,2,2,2082.0,2000.0,Non,Oui,1125000.0
3143,Rosemont,Condo,3,3,2584.0,1972.0,Oui,Oui,712000.0
3144,Verdun,Condo,3,1,3093.0,2013.0,Non,Non,637000.0
3145,Verdun,Condo,2,2,2132.0,1953.0,Non,Non,499000.0
3146,Ahuntsic,Maison,3,2,1963.0,1984.0,Non,Oui,774000.0
3147,Verdun,Duplex,3,2,2250.0,1974.0,Non,Oui,541000.0
3148,Verdun,Maison,1,1,3046.0,1984.0,Oui,Oui,845000.0
3149,Ahuntsic,Maison,4,2,2425.0,1983.0,Oui,Oui,901000.0
3150,Plateau,Maison,2,2,2944.0,1952.0,Non,Oui,1066000.0
3151,Centre-Ville,Condo,2,1,970.0,1958.0,Non,Non,539000.0
3152,Rosemont,Maison,3,1,2536.0,1973.0,Non,Non,858000.0
3153,Ahuntsic,Condo,2,1,1750.0,1974.0,Oui,Non,499000.0
3154,Centre-Ville,Maison,2,2,1757.0,1956.0,Non,Oui,854000.0
3155,Outremont,Duplex,3,2,874.0,1956.0,Non,Non,617000.0
3156,Plateau,Triplex,3,1,695.0,1967.0,Oui,Oui,602000.0
3157,Plateau,Condo,3,2,841.0,2011.0,Oui,Non,404000.0
3158,Villeray,Maison,4,1,2536.0,1979.0,Non,Non,848000.0
3159,Plateau,Duplex,2,1,1963.0,1958.0,Oui,Non,716000.0
3160,Villeray,Triplex,3,1,680.0,1999.0,Oui,Oui,443000.0
3161,Plateau,Triplex,5,2,1774.0,1955.0,Non,Non,850000.0
3162,Westmount,Maison,2,2,2629.0,1969.0,Oui,Oui,1442000.0
3163,Ahuntsic,Maison,4,1,1234.0,1967.0,Oui,Oui,649000.0
3164,Westmount,Maison,2,2,3388.0,1978.0,Oui,Oui,1666000.0
3165,Plateau,Condo,2,2,2856.0,,Oui,Non,780000.0
3166,NDG,Maison,2,2,1491.0,1987.0,Oui,Oui,752000.0
3167,NDG,Duplex,3,1,2030.0,1992.0,Oui,Non,712000.0
3168,Westmount,Duplex,3,1,1978.0,1975.0,Oui,Non,1043000.0
3169,Rosemont,Condo,3,2,991.0,1958.0,Oui,Non,445000.0
3170,Outremont,Triplex,3,1,818.0,1953.0,Oui,Non,705000.0
3171,Plateau,Maison,1,2,1733.0,1984.0,Oui,Oui,779000.0
3172,Westmount,Condo,3,2,2497.0,1982.0,Oui,Oui,1043000.0
3173,Verdun,Maison,2,1,2189.0,1966.0,Oui,Non,677000.0
3174,Westmount,Condo,2,2,1063.0,2015.0,Oui,Oui,724000.0
3175,Westmount,Condo,1,2,2080.0,2010.0,Oui,Oui,911000.0
3176,Villeray,Triplex,2,1,3172.0,1993.0,Oui,Non,805000.0
3177,Ahuntsic,Condo,2,2,1269.0,,Oui,Non,449000.0
3178,Ahuntsic,Duplex,3,2,661.0,2004.0,Non,Oui,493000.0
3179,Westmount,Triplex,2,2,605.0,1996.0,Non,Non,669000.0
3180,Ahuntsic,Condo,2,1,2118.0,1972.0,Non,Non,566000.0
3181,Westmount,Maison,3,1,1885.0,2018.0,Oui,Oui,1279000.0
3182,Westmount,Maison,2,1,533.0,1967.0,Oui,Oui,693000.0
3183,Villeray,Condo,1,1,1895.0,2016.0,Oui,Non,464000.0
3184,Verdun,Maison,4,1,3161.0,1971.0,Oui,Oui,957000.0
3185,Ahuntsic,Condo,2,2,2393.0,1969.0,Non,Non,584000.0
3186,Rosemont,Condo,2,1,2131.0,1950.0,Oui,Oui,565000.0
3187,Outremont,Condo,4,2,1803.0,1982.0,Oui,Oui,804000.0
3188,Verdun,Condo,2,2,2828.0,1965.0,Non,Oui,584000.0
3189,NDG,Maison,4,2,2916.0,,Oui,Oui,1027000.0
3190,Outremont,Duplex,3,1,1232.0,1960.0,Non,Oui,734000.0
3191,Plateau,Maison,3,3,3017.0,1960.0,Oui,Oui,1147000.0
3192,Centre-Ville,Condo,3,1,,1952.0,Oui,Oui,892000.0
3193,Villeray,Condo,1,1,3342.0,1997.0,Oui,Oui,623000.0
3194,Westmount,Triplex,3,3,2261.0,1995.0,Oui,Non,1242000.0
3195,Westmount,Maison,2,3,2663.0,1986.0,Oui,Non,1459000.0
3196,Verdun,Maison,3,1,1767.0,1969.0,Non,Non,617000.0
3197,Villeray,Condo,1,2,796.0,1960.0,Oui,Oui,311000.0
3198,Verdun,Maison,3,1,2557.0,1980.0,Non,Non,788000.0
3199,Villeray,Duplex,2,2,3498.0,1950.0,Oui,Oui,727000.0
3200,Outremont,Condo,2,1,1715.0,1955.0,Oui,Oui,686000.0
3201,Hochelaga,Condo,2,1,2084.0,1992.0,Non,Non,408000.0
3202,Ahuntsic,Condo,4,3,1432.0,1985.0,Oui,Oui,546000.0
3203,NDG,Condo,2,2,1129.0,2020.0,Non,Non,498000.0
3204,Outremont,Condo,2,1,835.0,1995.0,Oui,Oui,622000.0
3205,Outremont,Maison,2,2,1895.0,1951.0,Oui,Oui,1019000.0
3206,Verdun,Triplex,3,1,941.0,2020.0,Oui,Oui,532000.0
3207,NDG,Triplex,4,3,1360.0,1989.0,Oui,Oui,690000.0
3208,Rosemont,Duplex,2,1,1120.0,1987.0,Oui,Oui,442000.0
3209,Outremont,Maison,3,2,1520.0,2002.0,Oui,Non,976000.0
3210,Plateau,Condo,4,1,1358.0,1954.0,Non,Oui,570000.0
3211,Outremont,Condo,3,1,1499.0,2005.0,Non,Non,727000.0
3212,Ahuntsic,Maison,3,2,2737.0,2016.0,Oui,Oui,950000.0
3213,NDG,Duplex,3,2,2516.0,1958.0,Oui,Non,798000.0
3214,Outremont,Maison,4,1,1975.0,2018.0,Oui,Oui,1220000.0
3215,Ahuntsic,Maison,2,1,2663.0,2012.0,Non,Non,891000.0
3216,Centre-Ville,Triplex,1,3,1798.0,,Oui,Oui,835000.0
3217,Centre-Ville,Maison,5,2,740.0,1963.0,Oui,Oui,808000.0
3218,Centre-Ville,Condo,5,3,3237.0,1976.0,Oui,Oui,1179000.0
3219,Westmount,Condo,4,2,2441.0,1958.0,Non,Oui,1013000.0
3220,Centre-Ville,Condo,2,1,3210.0,1976.0,Non,Non,1042000.0
3221,Westmount,Condo,2,3,1523.0,1958.0,Oui,Non,777000.0
3222,Westmount,Condo,3,1,566.0,1995.0,Oui,Non,699000.0
3223,Centre-Ville,Condo,2,1,3473.0,2012.0,Oui,Non,1107000.0
3224,Hochelaga,Condo,4,2,3452.0,1982.0,Non,Oui,663000.0
3225,Westmount,Condo,4,3,1857.0,2010.0,Oui,Non,945000.0
3226,Rosemont,Condo,3,2,948.0,1990.0,Oui,Oui,482000.0
3227,Ahuntsic,Maison,4,1,,1993.0,Non,Non,952000.0
3228,Westmount,Condo,3,1,1918.0,2022.0,Non,Non,949000.0
3229,Verdun,Maison,1,2,874.0,1964.0,Oui,Oui,399000.0
3230,Outremont,Condo,2,2,,1969.0,Oui,Non,677000.0
3231,Ahuntsic,Duplex,3,2,2306.0,2018.0,Oui,Non,664000.0
3232,Verdun,Condo,5,1,1453.0,1962.0,Non,Oui,515000.0
3233,Westmount,Condo,1,2,782.0,1963.0,Oui,Oui,569000.0
3234,Verdun,Condo,3,2,3014.0,1976.0,Non,Oui,662000.0
3235,Ahuntsic,Condo,3,1,3222.0,1963.0,Oui,Non,762000.0
3236,Westmount,Maison,4,1,2939.0,1998.0,Oui,Non,1654000.0
3237,Villeray,Triplex,4,2,1697.0,1982.0,Oui,Oui,614000.0
3238,Westmount,Condo,1,2,3483.0,1954.0,Non,Non,1126000.0
3239,Rosemont,Maison,2,2,3300.0,1969.0,Non,Oui,970000.0
3240,Villeray,Duplex,1,2,1245.0,1966.0,Oui,Oui,474000.0
3241,Rosemont,Duplex,4,1,1915.0,1981.0,Oui,Oui,689000.0
3242,Ahuntsic,Condo,1,2,2642.0,2009.0,Oui,Oui,616000.0
3243,Plateau,Condo,1,2,1647.0,2019.0,Oui,Oui,606000.0
3244,Ahuntsic,Condo,1,2,576.0,1987.0,Oui,Non,301000.0
3245,NDG,Condo,2,2,2891.0,1985.0,Oui,Oui,729000.0
3246,Verdun,Condo,3,2,1875.0,2022.0,Non,Oui,559000.0
3247,Verdun,Condo,2,2,3355.0,1979.0,Non,Oui,697000.0
3248,NDG,Condo,2,1,2042.0,1964.0,Oui,Oui,606000.0
3249,NDG,Triplex,1,3,1409.0,1968.0,Oui,Oui,623000.0
3250,Villeray,Maison,2,1,552.0,1968.0,Oui,Oui,423000.0
3251,Ahuntsic,Maison,2,3,2309.0,1955.0,Oui,Non,781000.0
3252,Plateau,Duplex,3,2,2818.0,1953.0,Oui,Oui,859000.0
3253,Westmount,Condo,3,3,1294.0,1959.0,Oui,Oui,811000.0
3254,Rosemont,Condo,2,1,752.0,1956.0,Oui,Oui,314000.0
3255,Rosemont,Duplex,4,3,1474.0,1951.0,Oui,Oui,588000.0
3256,Plateau,Condo,2,1,2094.0,1951.0,Oui,Non,656000.0
3257,Rosemont,Condo,3,2,3117.0,1961.0,Oui,Oui,728000.0
3258,Villeray,Condo,3,3,2953.0,1978.0,Oui,Oui,629000.0
3259,Hochelaga,Condo,1,2,701.0,2000.0,Oui,Oui,286000.0
3260,Ahuntsic,Maison,3,3,2573.0,2008.0,Non,Oui,913000.0
3261,Outremont,Maison,2,3,1968.0,1972.0,Oui,Non,1025000.0
3262,Verdun,Condo,4,2,2114.0,1986.0,Oui,Oui,562000.0
3263,Westmount,Condo,2,1,2464.0,1989.0,Oui,Oui,998000.0
3264,Rosemont,Duplex,1,2,3376.0,2016.0,Oui,Oui,784000.0
3265,Centre-Ville,Condo,4,3,1729.0,2003.0,Oui,Oui,797000.0
3266,NDG,Maison,4,2,1748.0,1996.0,Oui,Oui,832000.0
3267,Plateau,Condo,3,3,2413.0,1958.0,Non,Non,744000.0
3268,NDG,Triplex,3,2,909.0,1995.0,Oui,Non,584000.0
3269,Rosemont,Triplex,4,3,2307.0,1972.0,Oui,Oui,823000.0
3270,NDG,Condo,2,1,3012.0,2000.0,Oui,Oui,761000.0
3271,Ahuntsic,Maison,3,2,1022.0,1964.0,Non,Non,574000.0
3272,Hochelaga,Condo,2,2,2796.0,1961.0,Oui,Oui,516000.0
3273,Villeray,Condo,3,2,1873.0,1986.0,Oui,Oui,544000.0
3274,Rosemont,Condo,1,2,2687.0,2002.0,Oui,Non,646000.0
3275,Centre-Ville,Condo,3,2,1707.0,1962.0,Non,Non,716000.0
3276,Villeray,Maison,1,2,1473.0,2022.0,Oui,Non,516000.0
3277,NDG,Maison,3,3,1578.0,1954.0,Oui,Non,767000.0
3278,Verdun,Condo,2,2,1987.0,1968.0,Non,Oui,491000.0
3279,Verdun,Duplex,2,2,3454.0,1999.0,Oui,Oui,790000.0
3280,Centre-Ville,Condo,4,1,2773.0,2006.0,Oui,Oui,987000.0
3281,Ahuntsic,Condo,3,2,3446.0,2019.0,Non,Non,779000.0
3282,Verdun,Condo,4,3,600.0,1998.0,Oui,Oui,374000.0
3283,Outremont,Condo,3,1,1955.0,1995.0,Oui,Non,834000.0
3284,Westmount,Duplex,2,1,915.0,1983.0,Oui,Oui,773000.0
3285,Rosemont,Condo,2,1,1866.0,1970.0,Oui,Non,521000.0
3286,Verdun,Condo,1,1,2671.0,1987.0,Oui,Non,555000.0
3287,Villeray,Duplex,2,3,2659.0,1952.0,Oui,Oui,641000.0
3288,Westmount,Maison,4,3,2845.0,2009.0,Non,Oui,1630000.0
3289,Westmount,Condo,3,3,2537.0,2015.0,Oui,Non,1110000.0
3290,Hochelaga,Triplex,1,1,767.0,1957.0,Oui,Non,292000.0
3291,Villeray,Condo,2,1,3050.0,1997.0,Non,Oui,698000.0
3292,Verdun,Condo,3,2,3350.0,1976.0,Non,Oui,694000.0
3293,Villeray,Maison,2,3,3430.0,1953.0,Non,Non,847000.0
3294,Rosemont,Maison,2,1,3089.0,1987.0,Oui,Oui,944000.0
3295,Hochelaga,Maison,4,1,2259.0,2007.0,Oui,Non,717000.0
3296,Hochelaga,Condo,4,3,3413.0,1974.0,Non,Oui,712000.0
3297,Outremont,Condo,2,1,2428.0,2014.0,Oui,Non,906000.0
3298,Outremont,Triplex,3,2,1436.0,,Non,Non,817000.0
3299,Verdun,Condo,3,2,1814.0,,Non,Oui,475000.0
3300,Westmount,Duplex,2,1,3401.0,2022.0,Non,Non,1381000.0
3301,Centre-Ville,Condo,1,3,911.0,1992.0,Oui,Oui,503000.0
3302,Centre-Ville,Maison,2,2,2290.0,1995.0,Oui,Oui,1052000.0
3303,Villeray,Duplex,5,1,3447.0,1978.0,Oui,Oui,839000.0
3304,Centre-Ville,Condo,4,2,1629.0,2011.0,Oui,Non,798000.0
3305,Centre-Ville,Condo,1,2,1231.0,2015.0,Non,Oui,579000.0
3306,Westmount,Triplex,4,2,1193.0,2006.0,Non,Non,980000.0
3307,Centre-Ville,Maison,3,1,3157.0,2017.0,Oui,Non,1377000.0
3308,Plateau,Condo,2,1,2483.0,2009.0,Oui,Oui,715000.0
3309,Verdun,Duplex,3,1,518.0,1989.0,Oui,Non,368000.0
3310,Centre-Ville,Condo,3,2,2388.0,1952.0,Non,Non,839000.0
3311,Verdun,Condo,3,2,1687.0,1952.0,Non,Oui,520000.0
3312,Villeray,Condo,3,1,1542.0,2011.0,Oui,Oui,461000.0
3313,Villeray,Condo,2,2,2441.0,2009.0,Non,Oui,585000.0
3314,Centre-Ville,Condo,3,1,2328.0,1959.0,Oui,Oui,870000.0
3315,Verdun,Maison,2,1,2721.0,1992.0,Oui,Oui,757000.0
3316,Villeray,Triplex,4,2,531.0,1957.0,Oui,Oui,440000.0
3317,Centre-Ville,Maison,3,2,3338.0,2011.0,Oui,Non,1413000.0
3318,Ahuntsic,Condo,2,1,976.0,2003.0,Oui,Oui,434000.0
3319,Hochelaga,Duplex,3,1,3466.0,1958.0,Oui,Oui,744000.0
3320,Hochelaga,Duplex,4,1,1076.0,1956.0,Non,Non,383000.0
3321,Hochelaga,Maison,2,2,1302.0,1951.0,Oui,Oui,492000.0
3322,Verdun,Condo,3,2,2286.0,1959.0,Oui,Oui,619000.0
3323,Verdun,Maison,2,2,2210.0,1970.0,Oui,Oui,717000.0
3324,Ahuntsic,Maison,2,1,3351.0,1994.0,Non,Non,977000.0
3325,Centre-Ville,Condo,1,1,2176.0,1989.0,Oui,Oui,768000.0
3326,Hochelaga,Condo,2,2,2156.0,1999.0,Oui,Non,458000.0
3327,Plateau,Condo,4,3,3236.0,2007.0,Oui,Non,925000.0
3328,Villeray,Maison,1,2,1936.0,1958.0,Non,Non,615000.0
3329,Villeray,Condo,3,1,1027.0,1992.0,Non,Oui,389000.0
3330,Villeray,Condo,4,2,1543.0,1973.0,Non,Oui,501000.0
3331,Hochelaga,Maison,3,3,3053.0,1997.0,Non,Oui,789000.0
3332,Outremont,Maison,3,2,860.0,1992.0,Non,Oui,820000.0
3333,Ahuntsic,Maison,4,2,868.0,2002.0,Non,Non,597000.0
3334,Westmount,Maison,3,1,602.0,1996.0,Oui,Non,876000.0
3335,Ahuntsic,Triplex,4,2,1691.0,1972.0,Non,Oui,681000.0
3336,Plateau,Maison,2,2,1432.0,1994.0,Non,Oui,732000.0
3337,Villeray,Maison,1,1,2156.0,1996.0,Non,Non,637000.0
3338,NDG,Condo,2,2,3086.0,1978.0,Non,Non,764000.0
3339,Rosemont,Condo,4,1,3027.0,2011.0,Oui,Non,774000.0
3340,Villeray,Duplex,2,2,958.0,1990.0,Oui,Non,415000.0
3341,Ahuntsic,Maison,2,3,,1994.0,Non,Oui,477000.0
3342,NDG,Condo,4,3,3157.0,1978.0,Non,Non,841000.0
3343,Verdun,Condo,4,2,1287.0,2008.0,Oui,Oui,477000.0
3344,Rosemont,Condo,2,2,2170.0,2004.0,Oui,Non,594000.0
3345,Hochelaga,Condo,3,1,2682.0,1950.0,Oui,Oui,495000.0
3346,Westmount,Condo,3,1,2139.0,2011.0,Oui,Non,992000.0
3347,Outremont,Maison,2,2,1795.0,1973.0,Non,Oui,1027000.0
3348,Centre-Ville,Maison,2,1,1726.0,1959.0,Non,Oui,876000.0
3349,NDG,Condo,3,3,1616.0,1993.0,Non,Oui,561000.0
3350,Villeray,Maison,2,2,731.0,1975.0,Oui,Oui,430000.0
3351,NDG,Condo,2,2,2166.0,1983.0,Non,Non,573000.0
3352,Westmount,Maison,2,1,1630.0,1953.0,Oui,Oui,1044000.0
3353,Rosemont,Maison,4,3,953.0,1962.0,Non,Non,554000.0
3354,Ahuntsic,Maison,3,1,1892.0,1954.0,Oui,Oui,762000.0
3355,Ahuntsic,Maison,2,2,1837.0,1997.0,Oui,Non,702000.0
3356,Villeray,Maison,3,1,532.0,2022.0,Non,Oui,480000.0
3357,Hochelaga,Maison,4,2,3217.0,2021.0,Oui,Non,886000.0
3358,Rosemont,Duplex,2,1,1604.0,1997.0,Oui,Non,530000.0
3359,Outremont,Maison,2,3,2267.0,1984.0,Non,Oui,1060000.0
3360,Ahuntsic,Condo,2,2,3439.0,2014.0,Oui,Non,831000.0
3361,Centre-Ville,Condo,3,2,3335.0,,Non,Oui,1064000.0
3362,Ahuntsic,Condo,2,1,2926.0,,Non,Oui,659000.0
3363,NDG,Condo,2,2,619.0,1985.0,Oui,Non,416000.0
3364,Hochelaga,Maison,4,2,1158.0,2010.0,Oui,Oui,555000.0
3365,Verdun,Condo,3,3,3137.0,1957.0,Non,Oui,660000.0
3366,Centre-Ville,Maison,1,1,3242.0,1974.0,Non,Non,1306000.0
3367,Outremont,Condo,3,2,3002.0,2002.0,Oui,Non,1088000.0
3368,Plateau,Maison,2,1,1726.0,1994.0,Oui,Oui,869000.0
3369,Centre-Ville,Maison,2,2,1588.0,1989.0,Oui,Non,935000.0
3370,Rosemont,Triplex,1,2,506.0,1969.0,Non,Oui,337000.0
3371,Hochelaga,Maison,5,2,719.0,2001.0,Non,Non,462000.0
3372,Verdun,Duplex,4,2,754.0,2015.0,Oui,Non,473000.0
3373,Ahuntsic,Maison,5,2,2836.0,1974.0,Oui,Oui,1050000.0
3374,Centre-Ville,Condo,3,2,3010.0,2012.0,Non,Non,1000000.0
3375,Centre-Ville,Condo,3,2,3324.0,2023.0,Oui,Oui,1112000.0
3376,Outremont,Condo,1,1,2512.0,1976.0,Oui,Oui,866000.0
3377,NDG,Condo,2,2,1089.0,1972.0,Oui,Non,429000.0
3378,Ahuntsic,Maison,2,1,1201.0,1995.0,Oui,Non,560000.0
3379,Centre-Ville,Condo,1,2,2440.0,1996.0,Oui,Oui,861000.0
3380,Villeray,Maison,2,2,1067.0,1987.0,Oui,Oui,586000.0
3381,Verdun,Condo,3,2,1425.0,1962.0,Oui,Oui,439000.0
3382,Centre-Ville,Triplex,2,1,2138.0,1997.0,Oui,Oui,991000.0
3383,Outremont,Condo,2,1,2408.0,1983.0,Non,Non,868000.0
3384,Westmount,Maison,2,3,1798.0,2006.0,Oui,Non,1173000.0
3385,Plateau,Maison,4,2,1686.0,2010.0,Non,Non,865000.0
3386,NDG,Condo,3,2,1557.0,1959.0,Oui,Non,546000.0
3387,Ahuntsic,Condo,1,1,3472.0,2008.0,Non,Oui,719000.0
3388,Plateau,Condo,4,2,2873.0,1987.0,Non,Oui,867000.0
3389,NDG,Condo,3,1,828.0,2000.0,Oui,Non,460000.0
3390,Hochelaga,Condo,2,2,2733.0,1998.0,Non,Oui,594000.0
3391,NDG,Maison,2,1,1508.0,2002.0,Oui,Non,690000.0
3392,Ahuntsic,Condo,2,3,3259.0,2020.0,Non,Non,754000.0
3393,Westmount,Maison,2,2,2307.0,2017.0,Oui,Non,1393000.0
3394,Hochelaga,Maison,3,2,1273.0,2003.0,Non,Non,508000.0
3395,Westmount,Maison,4,2,3421.0,2002.0,Oui,Oui,1766000.0
3396,Plateau,Condo,1,1,2494.0,2018.0,Oui,Oui,685000.0
3397,Westmount,Condo,2,1,808.0,2023.0,Oui,Non,649000.0
3398,Verdun,Triplex,3,2,2404.0,1951.0,Oui,Non,683000.0
3399,Hochelaga,Maison,3,1,3173.0,2003.0,Oui,Oui,827000.0
3400,Ahuntsic,Condo,2,2,1268.0,1984.0,Non,Oui,499000.0
3401,Centre-Ville,Maison,2,2,2482.0,2023.0,Oui,Oui,1191000.0
3402,NDG,Condo,2,2,1451.0,,Oui,Oui,543000.0
3403,Villeray,Duplex,2,3,1252.0,1978.0,Oui,Non,458000.0
3404,Hochelaga,Maison,3,2,3321.0,2010.0,Oui,Oui,854000.0
3405,Plateau,Duplex,1,3,2820.0,2001.0,Oui,Oui,881000.0
3406,Hochelaga,Duplex,2,1,2311.0,1959.0,Oui,Oui,515000.0
3407,NDG,Condo,1,2,,1961.0,Non,Non,481000.0
3408,Verdun,Condo,2,1,942.0,1990.0,Oui,Non,348000.0
3409,Plateau,Maison,3,3,1482.0,2016.0,Oui,Oui,794000.0
3410,Plateau,Maison,1,2,2182.0,2004.0,Oui,Non,869000.0
3411,NDG,Triplex,3,2,2176.0,2011.0,Oui,Oui,831000.0
3412,Plateau,Maison,2,2,1153.0,1977.0,Oui,Oui,658000.0
3413,Centre-Ville,Condo,3,1,3089.0,1989.0,Non,Non,992000.0
3414,Verdun,Maison,4,3,3134.0,,Oui,Non,910000.0
3415,Outremont,Condo,4,2,2425.0,1969.0,Oui,Oui,899000.0
3416,Verdun,Maison,2,1,1694.0,2001.0,Non,Oui,537000.0
3417,Westmount,Maison,4,1,2935.0,1968.0,Oui,Oui,1631000.0
3418,Plateau,Condo,1,2,2120.0,1997.0,Oui,Oui,669000.0
3419,Westmount,Maison,1,2,1669.0,1998.0,Oui,Oui,1070000.0
3420,NDG,Maison,2,2,1413.0,1989.0,Oui,Oui,724000.0
3421,Hochelaga,Maison,4,2,2624.0,1958.0,Non,Non,748000.0
3422,NDG,Maison,1,2,3321.0,1961.0,Non,Oui,1007000.0
3423,Villeray,Maison,2,1,648.0,2018.0,Oui,Non,425000.0
3424,Villeray,Maison,4,2,1973.0,2008.0,Oui,Non,786000.0
3425,Westmount,Condo,3,2,751.0,1987.0,Oui,Non,714000.0
3426,Outremont,Maison,1,2,1947.0,1995.0,Non,Oui,1002000.0
3427,Hochelaga,Condo,2,3,3252.0,1984.0,Oui,Non,622000.0
3428,Westmount,Duplex,3,3,1602.0,1977.0,Oui,Oui,920000.0
3429,Verdun,Condo,1,1,842.0,2011.0,Oui,Oui,289000.0
3430,Westmount,Maison,2,2,3212.0,2000.0,Oui,Oui,1672000.0
3431,Outremont,Maison,5,1,2055.0,2012.0,Oui,Oui,1253000.0
3432,Verdun,Condo,2,2,2114.0,2011.0,Oui,Non,551000.0
3433,Centre-Ville,Condo,2,2,1121.0,2005.0,Oui,Oui,656000.0
3434,Centre-Ville,Triplex,1,2,502.0,1962.0,Oui,Oui,543000.0
3435,Villeray,Maison,1,1,3102.0,2022.0,Non,Non,827000.0
3436,Verdun,Maison,4,2,685.0,1990.0,Oui,Non,493000.0
3437,Ahuntsic,Duplex,2,3,1765.0,1986.0,Non,Oui,574000.0
3438,Plateau,Maison,1,1,1500.0,1998.0,Oui,Non,680000.0
3439,Rosemont,Duplex,3,3,2547.0,1973.0,Oui,Oui,736000.0
3440,Verdun,Maison,2,2,2799.0,2004.0,Oui,Non,854000.0
3441,Villeray,Triplex,1,1,2490.0,2020.0,Oui,Non,746000.0
3442,Plateau,Duplex,2,1,3264.0,1959.0,Oui,Non,987000.0
3443,Rosemont,Condo,1,1,2816.0,1985.0,Non,Non,661000.0
3444,Hochelaga,Maison,1,3,3434.0,1961.0,Non,Non,815000.0
3445,Westmount,Maison,2,1,643.0,,Oui,Non,718000.0
3446,Plateau,Condo,1,1,2007.0,1956.0,Non,Oui,596000.0
3447,Westmount,Duplex,3,2,805.0,2019.0,Oui,Oui,735000.0
3448,Outremont,Maison,3,3,729.0,1983.0,Non,Non,695000.0
3449,Villeray,Condo,2,2,3117.0,1950.0,Oui,Non,630000.0
3450,Verdun,Condo,3,1,3401.0,1974.0,Oui,Oui,765000.0
3451,Ahuntsic,Condo,2,1,3331.0,1970.0,Oui,Oui,741000.0
3452,Plateau,Maison,4,2,1363.0,1976.0,Non,Non,764000.0
3453,Outremont,Maison,1,2,1968.0,1978.0,Non,Oui,980000.0
3454,Westmount,Condo,4,1,,1953.0,Non,Oui,1192000.0
3455,Outremont,Condo,2,2,3368.0,1958.0,Oui,Oui,1044000.0
3456,NDG,Condo,3,3,2489.0,1995.0,Oui,Non,753000.0
3457,Centre-Ville,Triplex,2,2,3148.0,1969.0,Oui,Oui,1199000.0
3458,Ahuntsic,Condo,2,2,557.0,1996.0,Oui,Non,316000.0
3459,Verdun,Maison,2,3,2269.0,2011.0,Oui,Oui,769000.0
3460,Centre-Ville,Condo,2,2,2378.0,1992.0,Oui,Non,802000.0
3461,Outremont,Maison,1,1,838.0,2005.0,Non,Non,686000.0
3462,NDG,Maison,1,1,1420.0,2007.0,Non,Oui,641000.0
3463,Villeray,Condo,4,2,3316.0,2005.0,Oui,Non,695000.0
3464,Rosemont,Condo,3,1,1980.0,1956.0,Non,Oui,575000.0
3465,Villeray,Condo,1,2,787.0,2002.0,Oui,Non,272000.0
3466,Verdun,Condo,2,2,2848.0,1985.0,Oui,Oui,619000.0
3467,Verdun,Maison,1,2,2921.0,1963.0,Non,Oui,733000.0
3468,Verdun,Triplex,2,1,2085.0,1966.0,Non,Non,622000.0
3469,Ahuntsic,Triplex,2,2,2176.0,2019.0,Oui,Non,699000.0
3470,Verdun,Condo,3,2,2955.0,1992.0,Non,Non,645000.0
3471,Outremont,Maison,3,1,1073.0,1974.0,Oui,Oui,892000.0
3472,Centre-Ville,Condo,3,3,2346.0,1998.0,Non,Oui,825000.0
3473,Ahuntsic,Condo,2,1,520.0,1974.0,Oui,Oui,307000.0
3474,Outremont,Maison,2,2,927.0,1983.0,Non,Oui,709000.0
3475,Outremont,Condo,3,1,1751.0,1988.0,Non,Oui,751000.0
3476,Verdun,Condo,2,2,1473.0,1962.0,Non,Oui,449000.0
3477,Westmount,Condo,3,2,1511.0,1955.0,Oui,Non,808000.0
3478,Outremont,Condo,3,2,522.0,1986.0,Oui,Oui,526000.0
3479,Verdun,Condo,2,3,1867.0,1993.0,Non,Oui,448000.0
3480,Rosemont,Duplex,2,1,897.0,1986.0,Oui,Non,416000.0
3481,Villeray,Condo,2,2,2731.0,1958.0,Oui,Non,575000.0
3482,Rosemont,Triplex,2,2,1002.0,1996.0,Oui,Oui,484000.0
3483,Verdun,Triplex,4,1,,1993.0,Non,Non,898000.0
3484,NDG,Duplex,4,1,1604.0,1977.0,Oui,Non,635000.0
3485,NDG,Triplex,2,2,865.0,1992.0,Oui,Oui,484000.0
3486,Plateau,Condo,1,1,2222.0,1992.0,Non,Oui,615000.0
3487,Westmount,Maison,3,2,1782.0,2009.0,Oui,Oui,1227000.0
3488,Hochelaga,Condo,1,3,2516.0,2013.0,Oui,Oui,548000.0
3489,Villeray,Maison,2,1,975.0,2021.0,Non,Non,529000.0
3490,NDG,Maison,3,2,1615.0,2018.0,Non,Oui,732000.0
3491,Centre-Ville,Condo,2,1,2488.0,2018.0,Oui,Oui,856000.0
3492,Plateau,Condo,2,2,635.0,1983.0,Non,Oui,336000.0
3493,Westmount,Condo,5,2,2656.0,2010.0,Non,Oui,1211000.0
3494,Plateau,Maison,2,2,1573.0,1975.0,Oui,Non,738000.0
3495,Verdun,Maison,1,1,2106.0,2012.0,Oui,Oui,686000.0
3496,Ahuntsic,Maison,2,2,1838.0,1993.0,Oui,Non,679000.0
3497,NDG,Condo,2,2,1558.0,1962.0,Oui,Non,543000.0
3498,Rosemont,Duplex,2,2,1917.0,1970.0,Oui,Oui,612000.0
3499,Ahuntsic,Maison,4,2,2437.0,1986.0,Oui,Oui,907000.0
3500,Centre-Ville,Condo,3,2,621.0,1996.0,Oui,Oui,506000.0
3501,Ahuntsic,Maison,3,1,1137.0,1950.0,Oui,Non,645000.0
3502,Outremont,Condo,4,1,856.0,1998.0,Oui,Non,648000.0
3503,Hochelaga,Duplex,1,2,2032.0,2013.0,Oui,Oui,490000.0
3504,Rosemont,Duplex,2,1,3115.0,2014.0,Oui,Non,818000.0
3505,Villeray,Condo,3,2,1475.0,,Non,Oui,400000.0
3506,Rosemont,Duplex,2,1,1194.0,1952.0,Non,Oui,434000.0
3507,Westmount,Maison,4,3,1682.0,1972.0,Oui,Non,1233000.0
3508,Centre-Ville,Condo,2,2,1444.0,1990.0,Non,Oui,659000.0
3509,Plateau,Triplex,1,1,2849.0,1970.0,Oui,Non,938000.0
3510,Plateau,Condo,2,2,553.0,2001.0,Oui,Non,340000.0
3511,Plateau,Duplex,3,1,2264.0,1960.0,Oui,Oui,804000.0
3512,Hochelaga,Maison,3,2,2120.0,2015.0,Oui,Oui,652000.0
3513,Plateau,Duplex,3,1,704.0,2021.0,Oui,Oui,559000.0
3514,Centre-Ville,Condo,5,1,1365.0,2010.0,Oui,Non,764000.0
3515,Verdun,Condo,4,1,956.0,1982.0,Oui,Oui,444000.0
3516,NDG,Maison,3,1,981.0,1991.0,Oui,Oui,630000.0
3517,Ahuntsic,Condo,4,3,1044.0,1982.0,Oui,Non,468000.0
3518,Westmount,Duplex,1,1,1702.0,2020.0,Non,Non,913000.0
3519,NDG,Condo,3,2,3025.0,2004.0,Oui,Non,855000.0
3520,Verdun,Maison,2,2,1090.0,1991.0,Oui,Oui,548000.0
3521,NDG,Condo,5,1,2938.0,1993.0,Oui,Non,800000.0
3522,Westmount,Maison,2,2,2268.0,1985.0,Non,Oui,1262000.0
3523,Rosemont,Maison,2,1,2874.0,2005.0,Oui,Non,959000.0
3524,Westmount,Maison,1,2,815.0,1955.0,Oui,Oui,739000.0
3525,Villeray,Triplex,2,3,2223.0,1951.0,Non,Non,592000.0
3526,Plateau,Triplex,2,3,1922.0,,Non,Oui,784000.0
3527,Verdun,Triplex,2,2,3085.0,1973.0,Oui,Non,765000.0
3528,Verdun,Maison,1,2,2182.0,1954.0,Oui,Oui,661000.0
3529,Verdun,Condo,4,1,2543.0,2023.0,Non,Non,636000.0
3530,Centre-Ville,Triplex,2,2,1222.0,1991.0,Non,Oui,703000.0
3531,Outremont,Maison,3,1,2969.0,1992.0,Oui,Oui,1435000.0
3532,Villeray,Condo,4,1,1577.0,2002.0,Non,Non,477000.0
3533,Villeray,Maison,4,1,619.0,2017.0,Non,Oui,488000.0
3534,Plateau,Condo,2,1,1114.0,1968.0,Oui,Oui,505000.0
3535,Westmount,Triplex,2,2,2821.0,2000.0,Oui,Oui,1396000.0
3536,Villeray,Maison,3,2,2036.0,1999.0,Non,Non,701000.0
3537,Outremont,Maison,2,3,2489.0,1956.0,Oui,Oui,1166000.0
3538,Verdun,Condo,3,1,1159.0,1966.0,Oui,Oui,385000.0
3539,Centre-Ville,Duplex,5,2,2284.0,2021.0,Oui,Oui,1113000.0
3540,Westmount,Triplex,3,2,2706.0,2020.0,Non,Oui,1387000.0
3541,Plateau,Maison,3,2,2144.0,1972.0,Oui,Non,917000.0
3542,Rosemont,Duplex,1,2,2309.0,2006.0,Oui,Non,700000.0
3543,Villeray,Condo,2,2,1641.0,1972.0,Oui,Non,485000.0
3544,NDG,Maison,2,2,644.0,2007.0,Non,Oui,548000.0
3545,Villeray,Condo,2,2,2835.0,1975.0,Oui,Non,608000.0
3546,Plateau,Duplex,3,1,1202.0,2007.0,Oui,Oui,626000.0
3547,Plateau,Maison,1,1,1773.0,1969.0,Non,Oui,740000.0
3548,Plateau,Triplex,1,1,2347.0,1968.0,Oui,Non,804000.0
3549,Rosemont,Triplex,2,3,2276.0,2002.0,Oui,Non,746000.0
3550,Ahuntsic,Maison,4,1,2205.0,1983.0,Non,Non,858000.0
3551,Westmount,Condo,1,1,577.0,1993.0,Oui,Oui,450000.0
3552,Ahuntsic,Condo,2,3,1848.0,1959.0,Oui,Non,487000.0
3553,NDG,Triplex,3,3,899.0,1955.0,Oui,Non,516000.0
3554,Hochelaga,Maison,2,1,634.0,2010.0,Oui,Oui,352000.0
3555,Rosemont,Condo,2,1,1068.0,2008.0,Oui,Oui,439000.0
3556,NDG,Condo,3,1,2823.0,1988.0,Non,Oui,726000.0
3557,Outremont,Triplex,3,2,1581.0,1974.0,Oui,Oui,963000.0
3558,Westmount,Maison,3,1,3052.0,1998.0,Oui,Oui,1637000.0
3559,Villeray,Maison,2,2,3307.0,2016.0,Non,Oui,918000.0
3560,Rosemont,Condo,3,1,2930.0,1987.0,Oui,Oui,752000.0
3561,Hochelaga,Maison,4,2,3307.0,,Oui,Oui,904000.0
3562,Westmount,Triplex,2,2,3132.0,2023.0,Oui,Oui,1497000.0
3563,Westmount,Condo,2,2,3364.0,1955.0,Oui,Oui,1212000.0
3564,Hochelaga,Duplex,4,1,2660.0,1954.0,Oui,Oui,632000.0
3565,Villeray,Duplex,3,2,1966.0,1950.0,Oui,Non,542000.0
3566,Westmount,Duplex,2,3,898.0,1966.0,Oui,Oui,731000.0
3567,Rosemont,Condo,2,2,2046.0,1954.0,Non,Oui,552000.0
3568,Villeray,Maison,3,2,2752.0,1983.0,Oui,Oui,910000.0
3569,Verdun,Condo,2,2,655.0,1958.0,Oui,Non,322000.0
3570,Centre-Ville,Condo,2,2,2570.0,2011.0,Oui,Oui,901000.0
3571,Villeray,Condo,2,2,2165.0,1977.0,Non,Oui,522000.0
3572,Rosemont,Duplex,4,2,2516.0,1966.0,Oui,Oui,742000.0
3573,Centre-Ville,Maison,4,2,1472.0,1976.0,Oui,Oui,1011000.0
3574,Villeray,Maison,3,1,1153.0,2011.0,Non,Oui,555000.0
3575,Plateau,Maison,3,1,970.0,1962.0,Non,Oui,584000.0
3576,Villeray,Maison,2,2,1163.0,2002.0,Oui,Non,485000.0
3577,Villeray,Maison,2,2,1136.0,2017.0,Non,Oui,519000.0
3578,Hochelaga,Maison,3,2,3042.0,1986.0,Non,Non,740000.0
3579,Plateau,Maison,5,2,2472.0,1961.0,Oui,Oui,1085000.0
3580,Verdun,Maison,1,2,3118.0,1995.0,Non,Non,843000.0
3581,Ahuntsic,Condo,3,2,500.0,1980.0,Oui,Non,380000.0
3582,Villeray,Maison,2,3,1463.0,2010.0,Oui,Oui,616000.0
3583,Verdun,Triplex,2,2,1089.0,2008.0,Oui,Oui,508000.0
3584,Westmount,Condo,2,1,519.0,1953.0,Non,Non,509000.0
3585,Hochelaga,Condo,3,2,2052.0,2020.0,Non,Oui,513000.0
3586,Westmount,Duplex,3,1,977.0,1998.0,Oui,Non,801000.0
3587,Plateau,Maison,3,1,3394.0,1993.0,Non,Non,1240000.0
3588,Plateau,Triplex,3,2,1296.0,2019.0,Non,Oui,753000.0
3589,Centre-Ville,Duplex,3,2,1958.0,1970.0,Oui,Oui,865000.0
3590,Outremont,Duplex,3,1,614.0,2015.0,Non,Oui,689000.0
3591,NDG,Condo,5,1,2617.0,2009.0,Oui,Non,799000.0
3592,Rosemont,Duplex,2,2,2990.0,1981.0,Oui,Non,758000.0
3593,Verdun,Condo,3,2,1371.0,2017.0,Oui,Non,466000.0
3594,NDG,Condo,1,2,744.0,2003.0,Oui,Non,361000.0
3595,Centre-Ville,Condo,2,1,1839.0,1952.0,Oui,Oui,643000.0
3596,Centre-Ville,Duplex,1,2,1698.0,1993.0,Non,Non,677000.0
3597,Verdun,Duplex,3,2,3271.0,1990.0,Oui,Non,761000.0
3598,Outremont,Maison,4,1,2284.0,1964.0,Non,Non,1203000.0
3599,Centre-Ville,Maison,3,3,3444.0,1992.0,Non,Non,1370000.0
3600,Centre-Ville,Maison,5,1,735.0,1956.0,Oui,Non,773000.0
3601,Verdun,Maison,4,1,3280.0,1953.0,Oui,Oui,943000.0
3602,Hochelaga,Maison,4,1,952.0,1965.0,Oui,Oui,473000.0
3603,Rosemont,Duplex,3,3,1509.0,2012.0,Oui,Oui,578000.0
3604,Centre-Ville,Condo,2,1,2007.0,2008.0,Oui,Non,792000.0
3605,Westmount,Condo,2,1,1527.0,1994.0,Non,Oui,811000.0
3606,Rosemont,Condo,3,2,3105.0,1956.0,Oui,Oui,747000.0
3607,Rosemont,Condo,3,1,2002.0,2023.0,Oui,Oui,640000.0
3608,NDG,Triplex,3,1,985.0,1971.0,Non,Oui,558000.0
3609,Villeray,Condo,2,2,3145.0,2015.0,Oui,Non,702000.0
3610,Plateau,Maison,4,1,747.0,2002.0,Oui,Oui,708000.0
3611,Ahuntsic,Maison,1,2,2226.0,1974.0,Oui,Oui,724000.0
3612,Plateau,Duplex,5,3,1558.0,1980.0,Oui,Non,731000.0
3613,Verdun,Maison,2,2,2054.0,1997.0,Non,Oui,694000.0
3614,Verdun,Condo,3,2,2156.0,,Oui,Non,569000.0
3615,Westmount,Condo,2,1,2828.0,1973.0,Oui,Oui,1077000.0
3616,Villeray,Triplex,1,2,1693.0,1952.0,Non,Non,554000.0
3617,NDG,Condo,4,1,2973.0,1956.0,Oui,Non,834000.0
3618,Villeray,Condo,1,2,2484.0,1968.0,Non,Oui,514000.0
3619,Outremont,Triplex,1,3,1235.0,1981.0,Oui,Oui,706000.0
3620,Plateau,Triplex,2,1,1402.0,2020.0,Oui,Oui,660000.0
3621,Ahuntsic,Condo,3,2,1215.0,1998.0,Oui,Non,511000.0
3622,Centre-Ville,Maison,3,2,2023.0,1959.0,Non,Non,1034000.0
3623,Hochelaga,Condo,4,2,821.0,1971.0,Non,Non,339000.0
3624,Ahuntsic,Maison,3,2,612.0,1978.0,Oui,Non,504000.0
3625,Rosemont,Condo,3,1,853.0,2012.0,Oui,Non,356000.0
3626,Outremont,Maison,2,2,1307.0,1992.0,Oui,Non,805000.0
3627,Rosemont,Condo,2,2,2044.0,1995.0,Oui,Oui,586000.0
3628,Plateau,Condo,2,1,1782.0,1973.0,Non,Non,595000.0
3629,Outremont,Duplex,4,1,3366.0,1958.0,Oui,Non,1295000.0
3630,Outremont,Maison,2,1,3150.0,1973.0,Oui,Non,1432000.0
3631,Westmount,Triplex,2,2,1025.0,1994.0,Oui,Oui,860000.0
3632,Westmount,Condo,3,1,2747.0,1982.0,Oui,Oui,1129000.0
3633,Plateau,Triplex,3,1,1564.0,1951.0,Oui,Oui,719000.0
3634,Villeray,Duplex,4,2,2515.0,1958.0,Oui,Oui,707000.0
3635,Westmount,Duplex,4,1,1451.0,1954.0,Non,Oui,939000.0
3636,Rosemont,Maison,2,3,2355.0,2017.0,Oui,Oui,894000.0
3637,Plateau,Maison,2,3,1163.0,2007.0,Oui,Oui,682000.0
3638,Outremont,Condo,4,3,,2014.0,Oui,Oui,571000.0
3639,Outremont,Triplex,3,1,2091.0,2020.0,Oui,Non,1090000.0
3640,Centre-Ville,Condo,1,2,2800.0,1995.0,Oui,Oui,893000.0
3641,Westmount,Maison,2,1,635.0,1972.0,Oui,Oui,800000.0
3642,Villeray,Maison,3,2,1952.0,2020.0,Oui,Non,719000.0
3643,Centre-Ville,Condo,4,3,898.0,1968.0,Non,Oui,603000.0
3644,Outremont,Condo,2,1,3174.0,2000.0,Non,Non,991000.0
3645,Villeray,Condo,2,1,1896.0,1975.0,Oui,Non,519000.0
3646,Hochelaga,Duplex,3,2,962.0,2002.0,Oui,Non,394000.0
3647,Centre-Ville,Condo,3,2,2700.0,2013.0,Oui,Oui,913000.0
3648,Verdun,Maison,3,1,2659.0,1985.0,Oui,Non,833000.0
3649,Westmount,Triplex,2,1,3314.0,1983.0,Oui,Non,1467000.0
3650,NDG,Maison,4,1,1075.0,1956.0,Oui,Oui,651000.0
3651,Plateau,Maison,2,2,668.0,1995.0,Oui,Oui,587000.0
3652,Hochelaga,Maison,3,3,2589.0,2004.0,Oui,Oui,718000.0
3653,Verdun,Condo,1,3,941.0,2005.0,Non,Oui,351000.0
3654,Outremont,Maison,1,3,712.0,1987.0,Oui,Oui,648000.0
3655,Hochelaga,Condo,5,2,1081.0,2019.0,Oui,Non,422000.0
3656,Westmount,Condo,1,2,1669.0,2017.0,Oui,Oui,825000.0
3657,Ahuntsic,Condo,3,1,1486.0,2019.0,Oui,Oui,490000.0
3658,Centre-Ville,Duplex,1,2,971.0,1986.0,Oui,Non,560000.0
3659,Ahuntsic,Maison,5,2,1367.0,1996.0,Oui,Oui,790000.0
3660,Hochelaga,Condo,2,1,1691.0,2011.0,Oui,Oui,444000.0
3661,Westmount,Maison,3,2,1779.0,1956.0,Oui,Non,1181000.0
3662,Hochelaga,Maison,2,1,3205.0,1958.0,Non,Oui,790000.0
3663,Villeray,Condo,4,2,2037.0,1987.0,Non,Oui,509000.0
3664,Outremont,Condo,2,2,1914.0,1983.0,Oui,Oui,807000.0
3665,Verdun,Duplex,4,2,711.0,2013.0,Non,Non,420000.0
3666,Verdun,Maison,1,2,2585.0,1960.0,Non,Non,688000.0
3667,Ahuntsic,Duplex,3,3,1149.0,1988.0,Oui,Oui,572000.0
3668,Plateau,Condo,2,2,2356.0,2004.0,Non,Oui,636000.0
3669,Hochelaga,Maison,1,2,2108.0,2018.0,Non,Non,687000.0
3670,Rosemont,Condo,2,3,3121.0,1973.0,Oui,Non,738000.0
3671,Plateau,Condo,2,2,2582.0,1989.0,Oui,Oui,792000.0
3672,Verdun,Maison,2,1,1501.0,1978.0,Non,Oui,522000.0
3673,Plateau,Condo,3,2,755.0,1997.0,Non,Non,446000.0
3674,Hochelaga,Maison,1,2,3124.0,1996.0,Oui,Oui,700000.0
3675,Hochelaga,Condo,5,1,2516.0,1976.0,Non,Non,548000.0
3676,Ahuntsic,Duplex,3,2,2844.0,2006.0,Non,Oui,778000.0
3677,Ahuntsic,Duplex,5,2,3221.0,1998.0,Non,Non,912000.0
3678,Ahuntsic,Condo,5,1,2746.0,2005.0,Oui,Non,747000.0
3679,Hochelaga,Condo,3,1,2058.0,1955.0,Oui,Non,463000.0
3680,Ahuntsic,Condo,1,3,2949.0,1962.0,Oui,Non,651000.0
3681,Outremont,Condo,3,3,3252.0,1998.0,Oui,Oui,1106000.0
3682,Rosemont,Maison,4,2,2046.0,1984.0,Non,Non,789000.0
3683,Outremont,Maison,4,2,2535.0,1986.0,Non,Oui,1300000.0
3684,Outremont,Triplex,3,2,583.0,1987.0,Non,Non,614000.0
3685,Centre-Ville,Condo,1,2,1253.0,,Oui,Non,549000.0
3686,Outremont,Duplex,2,2,775.0,1990.0,Non,Oui,599000.0
3687,Ahuntsic,Condo,3,1,,1976.0,Oui,Oui,497000.0
3688,Plateau,Maison,5,1,2643.0,1992.0,Oui,Non,1150000.0
3689,Outremont,Maison,2,1,2470.0,1971.0,Oui,Oui,1172000.0
3690,Ahuntsic,Maison,5,1,711.0,1963.0,Non,Oui,533000.0
3691,Villeray,Condo,2,2,2524.0,2001.0,Oui,Non,575000.0
3692,Rosemont,Condo,1,3,2632.0,1976.0,Oui,Oui,608000.0
3693,Hochelaga,Duplex,1,3,3123.0,2006.0,Non,Non,632000.0
3694,NDG,Maison,2,2,1290.0,2005.0,Non,Non,590000.0
3695,Westmount,Condo,4,2,1510.0,1989.0,Non,Oui,894000.0
3696,Outremont,Maison,2,1,1902.0,1979.0,Oui,Non,1010000.0
3697,NDG,Duplex,4,3,1330.0,1978.0,Oui,Oui,613000.0
3698,Villeray,Maison,2,1,1400.0,1966.0,Oui,Non,554000.0
3699,Westmount,Maison,3,1,1337.0,1958.0,Non,Oui,989000.0
3700,Plateau,Condo,3,1,2707.0,1989.0,Oui,Oui,779000.0
3701,NDG,Condo,3,2,,1989.0,Non,Oui,697000.0
3702,Villeray,Condo,3,1,3257.0,1955.0,Oui,Oui,653000.0
3703,Verdun,Condo,3,3,1101.0,2022.0,Non,Oui,372000.0
3704,NDG,Condo,2,1,2862.0,1970.0,Oui,Oui,762000.0
3705,Plateau,Triplex,4,2,892.0,1999.0,Non,Oui,646000.0
3706,Ahuntsic,Condo,2,1,947.0,1954.0,Oui,Non,386000.0
3707,Verdun,Triplex,5,2,2100.0,1990.0,Non,Non,730000.0
3708,Rosemont,Condo,3,2,3080.0,1983.0,Oui,Oui,758000.0
3709,Villeray,Maison,3,1,3019.0,2014.0,Oui,Oui,895000.0
3710,Rosemont,Condo,2,2,2120.0,1956.0,Oui,Non,548000.0
3711,Hochelaga,Maison,2,2,706.0,1990.0,Oui,Non,370000.0
3712,Hochelaga,Duplex,3,3,1485.0,2004.0,Oui,Oui,485000.0
3713,Villeray,Condo,1,1,2365.0,1976.0,Oui,Oui,488000.0
3714,Plateau,Triplex,2,1,1532.0,2009.0,Oui,Non,685000.0
3715,Villeray,Condo,2,2,1344.0,1972.0,Oui,Oui,416000.0
3716,NDG,Maison,1,2,871.0,1981.0,Non,Oui,495000.0
3717,Outremont,Triplex,5,2,2955.0,1994.0,Oui,Oui,1382000.0
3718,Rosemont,Duplex,2,2,1988.0,1980.0,Non,Oui,514000.0
3719,Westmount,Condo,2,2,1114.0,2006.0,Non,Non,665000.0
3720,NDG,Maison,1,1,1205.0,1999.0,Oui,Non,593000.0
3721,Centre-Ville,Duplex,4,3,2451.0,1954.0,Oui,Oui,1034000.0
3722,Hochelaga,Maison,1,2,1395.0,1995.0,Non,Non,447000.0
3723,Villeray,Condo,1,2,1721.0,1963.0,Non,Oui,448000.0
3724,Westmount,Condo,2,3,1247.0,1967.0,Non,Non,702000.0
3725,Plateau,Condo,2,2,1900.0,1990.0,Non,Non,611000.0
3726,Rosemont,Maison,3,2,1421.0,2003.0,Oui,Non,690000.0
3727,Outremont,Maison,3,3,,1955.0,Non,Non,1346000.0
3728,Westmount,Triplex,2,2,3267.0,1979.0,Oui,Non,1455000.0
3729,Rosemont,Condo,3,1,662.0,2009.0,Oui,Non,377000.0
3730,Hochelaga,Duplex,2,2,2415.0,2004.0,Oui,Oui,580000.0
3731,Centre-Ville,Condo,3,3,788.0,1984.0,Non,Non,513000.0
3732,Plateau,Condo,4,2,2759.0,1966.0,Oui,Non,899000.0
3733,Ahuntsic,Maison,4,3,2526.0,1994.0,Non,Oui,937000.0
3734,Verdun,Condo,4,2,1975.0,1968.0,Oui,Oui,561000.0
3735,Outremont,Duplex,3,1,1960.0,1961.0,Non,Non,867000.0
3736,Outremont,Maison,1,2,755.0,1970.0,Oui,Oui,706000.0
3737,Verdun,Duplex,2,1,2389.0,1956.0,Oui,Non,586000.0
3738,Centre-Ville,Maison,1,3,3413.0,2003.0,Oui,Non,1356000.0
3739,Centre-Ville,Maison,3,2,3450.0,2011.0,Oui,Oui,1519000.0
3740,NDG,Condo,2,3,2662.0,1997.0,Non,Oui,722000.0
3741,Hochelaga,Duplex,2,1,2773.0,1999.0,Non,Non,576000.0
3742,Hochelaga,Maison,2,2,1805.0,1977.0,Non,Oui,565000.0
3743,Centre-Ville,Condo,2,1,1177.0,1990.0,Oui,Oui,594000.0
3744,Verdun,Condo,2,1,1758.0,1952.0,Oui,Oui,444000.0
3745,Rosemont,Condo,3,1,2703.0,1957.0,Non,Oui,705000.0
3746,Plateau,Duplex,2,1,2868.0,1965.0,Oui,Non,889000.0
3747,Villeray,Triplex,3,1,1914.0,1966.0,Oui,Oui,654000.0
3748,Villeray,Duplex,1,2,1217.0,1978.0,Oui,Non,390000.0
3749,Westmount,Duplex,1,2,879.0,2023.0,Oui,Non,667000.0
3750,Westmount,Condo,3,1,2215.0,1954.0,Non,Oui,966000.0
3751,Ahuntsic,Maison,3,2,2165.0,2004.0,Non,Oui,823000.0
3752,Outremont,Duplex,3,2,2560.0,1979.0,Oui,Oui,1127000.0
3753,Ahuntsic,Maison,1,1,3041.0,,Oui,Oui,922000.0
3754,Plateau,Duplex,2,2,2672.0,1986.0,Non,Oui,813000.0
3755,Centre-Ville,Maison,4,2,1598.0,,Non,Oui,987000.0
3756,Westmount,Maison,3,3,3222.0,1987.0,Oui,Oui,1670000.0
3757,NDG,Condo,3,2,2631.0,1988.0,Oui,Oui,741000.0
3758,Plateau,Condo,1,3,1296.0,1975.0,Non,Oui,528000.0
3759,Centre-Ville,Triplex,2,2,3227.0,2009.0,Non,Oui,1214000.0
3760,Plateau,Duplex,4,2,832.0,1986.0,Oui,Non,557000.0
3761,Westmount,Condo,2,2,2537.0,2023.0,Non,Oui,1032000.0
3762,Villeray,Condo,4,1,962.0,1964.0,Oui,Non,376000.0
3763,Rosemont,Condo,1,1,671.0,1991.0,Oui,Oui,317000.0
3764,Verdun,Condo,2,1,1615.0,1968.0,Oui,Non,448000.0
3765,Villeray,Condo,2,2,2176.0,2013.0,Oui,Oui,475000.0
3766,Hochelaga,Triplex,1,1,3128.0,1955.0,Non,Oui,644000.0
3767,Ahuntsic,Maison,3,1,615.0,2013.0,Non,Oui,501000.0
3768,Villeray,Maison,4,1,2076.0,1965.0,Oui,Oui,782000.0
3769,NDG,Maison,2,2,3114.0,1989.0,Oui,Non,1102000.0
3770,Westmount,Maison,3,2,2861.0,1977.0,Non,Non,1474000.0
3771,Plateau,Maison,2,1,2007.0,1984.0,Oui,Oui,900000.0
3772,NDG,Condo,2,1,657.0,1981.0,Oui,Non,397000.0
3773,Westmount,Condo,2,3,2850.0,,Oui,Oui,1151000.0
3774,Rosemont,Triplex,2,1,2812.0,2007.0,Non,Non,867000.0
3775,Hochelaga,Triplex,3,1,1194.0,1972.0,Oui,Non,450000.0
3776,Centre-Ville,Condo,2,1,1525.0,1973.0,Non,Oui,659000.0
3777,Ahuntsic,Condo,1,2,1083.0,2003.0,Oui,Oui,437000.0
3778,Westmount,Triplex,4,1,2254.0,2009.0,Oui,Non,1312000.0
3779,Verdun,Condo,4,2,3424.0,1977.0,Non,Oui,705000.0
3780,Villeray,Triplex,3,2,1338.0,1973.0,Oui,Oui,491000.0
3781,Outremont,Maison,1,1,1499.0,2021.0,Oui,Oui,932000.0
3782,Westmount,Maison,3,2,1490.0,2023.0,Oui,Oui,1163000.0
3783,Hochelaga,Duplex,2,1,2936.0,1963.0,Non,Oui,600000.0
3784,Villeray,Triplex,2,3,1845.0,1982.0,Non,Oui,581000.0
3785,Plateau,Condo,2,2,791.0,1998.0,Oui,Non,477000.0
3786,Outremont,Duplex,3,2,795.0,2006.0,Oui,Oui,703000.0
3787,Verdun,Maison,1,1,1629.0,1959.0,Oui,Oui,550000.0
3788,NDG,Maison,3,2,777.0,1978.0,Non,Oui,563000.0
3789,Verdun,Duplex,2,2,3282.0,1970.0,Oui,Oui,783000.0
3790,Ahuntsic,Condo,3,1,3033.0,2008.0,Oui,Non,725000.0
3791,Plateau,Condo,2,2,2135.0,1978.0,Non,Non,647000.0
3792,Outremont,Condo,2,2,1931.0,1981.0,Oui,Non,807000.0
3793,Verdun,Condo,3,3,2856.0,1987.0,Oui,Non,672000.0
3794,Centre-Ville,Condo,4,3,1022.0,1958.0,Oui,Oui,625000.0
3795,Rosemont,Condo,4,2,689.0,1983.0,Oui,Non,474000.0
3796,NDG,Duplex,2,3,2579.0,1995.0,Non,Oui,775000.0
3797,Hochelaga,Condo,2,2,1354.0,1988.0,Non,Oui,330000.0
3798,Verdun,Duplex,3,1,2538.0,1983.0,Non,Non,683000.0
3799,Westmount,Condo,4,1,839.0,1962.0,Non,Non,656000.0
3800,Plateau,Condo,4,2,1766.0,1956.0,Non,Oui,677000.0
3801,Plateau,Condo,2,1,1605.0,2016.0,Oui,Non,605000.0
3802,Westmount,Condo,3,3,1062.0,1993.0,Oui,Oui,825000.0
3803,Ahuntsic,Triplex,1,1,1700.0,1973.0,Oui,Oui,574000.0
3804,Westmount,Duplex,2,3,3184.0,1954.0,Non,Oui,1282000.0
3805,Westmount,Condo,1,2,1189.0,1999.0,Oui,Non,664000.0
3806,Westmount,Triplex,2,1,1070.0,1958.0,Oui,Non,790000.0
3807,Hochelaga,Condo,2,1,1280.0,2010.0,Oui,Non,336000.0
3808,Villeray,Maison,3,1,2776.0,1989.0,Non,Non,788000.0
3809,NDG,Condo,2,2,1326.0,1978.0,Oui,Oui,488000.0
3810,Rosemont,Maison,1,1,1598.0,1992.0,Oui,Non,620000.0
3811,Westmount,Condo,3,2,1181.0,2007.0,Oui,Oui,771000.0
3812,Centre-Ville,Maison,2,1,2109.0,1979.0,Oui,Non,1012000.0
3813,Westmount,Maison,2,2,2537.0,1990.0,Oui,Non,1399000.0
3814,Verdun,Maison,1,2,2499.0,1957.0,Non,Oui,684000.0
3815,Centre-Ville,Condo,3,2,2269.0,1964.0,Non,Oui,780000.0
3816,Centre-Ville,Triplex,4,3,646.0,2002.0,Oui,Non,713000.0
3817,NDG,Maison,1,1,,1971.0,Non,Oui,493000.0
3818,Plateau,Maison,2,2,3230.0,2014.0,Oui,Non,1194000.0
3819,Plateau,Maison,2,1,3246.0,2014.0,Oui,Oui,1184000.0
3820,NDG,Duplex,1,1,1299.0,2010.0,Non,Oui,509000.0
3821,Villeray,Condo,2,2,3478.0,1981.0,Oui,Non,686000.0
3822,Villeray,Maison,1,3,506.0,2004.0,Non,Non,368000.0
3823,Ahuntsic,Maison,2,2,2057.0,1982.0,Non,Oui,772000.0
3824,NDG,Maison,3,1,2120.0,1956.0,Non,Oui,853000.0
3825,Ahuntsic,Maison,2,1,1741.0,1960.0,Oui,Oui,678000.0
3826,Rosemont,Condo,3,1,1139.0,2023.0,Oui,Non,472000.0
3827,Villeray,Maison,1,1,994.0,1956.0,Oui,Non,444000.0
3828,Plateau,Duplex,4,1,1698.0,1963.0,Oui,Oui,795000.0
3829,Villeray,Maison,3,1,1010.0,2013.0,Oui,Non,565000.0
3830,Rosemont,Triplex,3,3,857.0,1957.0,Non,Oui,449000.0
3831,Outremont,Condo,2,2,2493.0,2000.0,Oui,Oui,903000.0
3832,NDG,Maison,1,1,2829.0,1950.0,Oui,Oui,979000.0
3833,Ahuntsic,Condo,2,2,1313.0,1978.0,Oui,Non,466000.0
3834,Centre-Ville,Condo,2,1,2275.0,2004.0,Non,Non,767000.0
3835,Centre-Ville,Condo,2,2,3307.0,1995.0,Non,Non,975000.0
3836,Verdun,Condo,3,1,1111.0,1955.0,Oui,Non,392000.0
3837,Verdun,Condo,3,2,1507.0,1985.0,Non,Non,481000.0
3838,Rosemont,Maison,4,2,2713.0,,Oui,Oui,947000.0
3839,Villeray,Condo,1,2,1626.0,1994.0,Non,Non,424000.0
3840,Villeray,Duplex,3,2,2447.0,1995.0,Oui,Oui,709000.0
3841,Outremont,Maison,1,1,3182.0,1973.0,Oui,Oui,1335000.0
3842,Ahuntsic,Maison,4,1,3191.0,1988.0,Oui,Non,1040000.0
3843,NDG,Maison,2,1,2095.0,2022.0,Oui,Oui,935000.0
3844,Westmount,Triplex,1,2,3320.0,1981.0,Oui,Oui,1445000.0
3845,Rosemont,Condo,2,3,2938.0,1988.0,Non,Non,673000.0
3846,Verdun,Condo,3,1,3146.0,1971.0,Oui,Non,678000.0
3847,Ahuntsic,Maison,4,2,3363.0,2000.0,Non,Oui,1082000.0
3848,Plateau,Maison,3,2,1692.0,1958.0,Non,Oui,836000.0
3849,Westmount,Triplex,3,1,2378.0,1969.0,Oui,Oui,1283000.0
3850,Rosemont,Condo,3,2,3079.0,,Oui,Oui,726000.0
3851,Westmount,Maison,2,3,3487.0,1982.0,Non,Non,1629000.0
3852,Outremont,Duplex,1,3,2740.0,1980.0,Oui,Oui,1040000.0
3853,Outremont,Condo,3,1,1344.0,1985.0,Oui,Oui,680000.0
3854,Outremont,Duplex,2,2,3198.0,1951.0,Oui,Oui,1191000.0
3855,Villeray,Maison,2,1,2548.0,2015.0,Non,Non,832000.0
3856,Verdun,Triplex,5,1,2880.0,1962.0,Oui,Non,849000.0
3857,Rosemont,Maison,2,2,553.0,1971.0,Oui,Oui,407000.0
3858,NDG,Condo,2,2,1395.0,1972.0,Oui,Oui,502000.0
3859,Villeray,Maison,1,1,607.0,1982.0,Oui,Oui,376000.0
3860,NDG,Condo,3,2,2535.0,1950.0,Non,Oui,698000.0
3861,NDG,Condo,2,1,1712.0,1985.0,Non,Non,536000.0
3862,Verdun,Maison,2,2,853.0,1988.0,Non,Oui,494000.0
3863,Outremont,Duplex,3,2,1842.0,2010.0,Oui,Oui,920000.0
3864,Westmount,Triplex,1,2,1046.0,1984.0,Oui,Non,755000.0
3865,NDG,Condo,2,1,502.0,1962.0,Oui,Oui,328000.0
3866,NDG,Maison,1,2,2045.0,2012.0,Non,Non,775000.0
3867,NDG,Condo,2,1,1180.0,1992.0,Oui,Non,497000.0
3868,Verdun,Triplex,1,1,1512.0,2016.0,Oui,Oui,567000.0
3869,NDG,Duplex,1,3,991.0,1960.0,Non,Oui,440000.0
3870,Centre-Ville,Maison,2,1,1440.0,1978.0,Oui,Oui,868000.0
3871,Centre-Ville,Triplex,3,3,3101.0,2002.0,Oui,Oui,1246000.0
3872,Outremont,Duplex,4,2,1793.0,1990.0,Oui,Non,875000.0
3873,Westmount,Condo,3,1,3083.0,1987.0,Oui,Non,1197000.0
3874,Hochelaga,Duplex,1,2,2396.0,1952.0,Oui,Non,504000.0
3875,Westmount,Condo,1,3,2266.0,1993.0,Oui,Oui,935000.0
3876,Westmount,Condo,5,2,3179.0,2012.0,Non,Oui,1298000.0
3877,Villeray,Condo,4,3,3488.0,1955.0,Oui,Non,733000.0
3878,Ahuntsic,Condo,3,1,2234.0,1986.0,Non,Non,536000.0
3879,Verdun,Maison,3,1,1843.0,1978.0,Oui,Oui,643000.0
3880,Westmount,Triplex,2,1,2973.0,1978.0,Oui,Non,1415000.0
3881,Verdun,Condo,4,2,3162.0,1979.0,Oui,Oui,757000.0
3882,Outremont,Maison,3,1,3478.0,1955.0,Non,Oui,1507000.0
3883,Hochelaga,Condo,2,2,3264.0,2003.0,Non,Non,606000.0
3884,Ahuntsic,Condo,2,1,3291.0,2000.0,Oui,Oui,771000.0
3885,Westmount,Triplex,2,3,,1975.0,Oui,Oui,935000.0
3886,Centre-Ville,Condo,1,2,2473.0,1961.0,Oui,Non,762000.0
3887,Verdun,Condo,3,1,2467.0,1966.0,Oui,Non,586000.0
3888,Ahuntsic,Condo,2,3,1485.0,1995.0,Oui,Oui,496000.0
3889,Hochelaga,Triplex,5,2,3448.0,1965.0,Non,Oui,846000.0
3890,Plateau,Condo,2,1,3396.0,1995.0,Oui,Oui,890000.0
3891,NDG,Condo,2,3,1824.0,1969.0,Oui,Oui,539000.0
3892,Villeray,Condo,3,2,1522.0,1955.0,Oui,Oui,452000.0
3893,Villeray,Maison,3,1,3070.0,2011.0,Oui,Oui,882000.0
3894,Outremont,Duplex,3,1,2673.0,1952.0,Non,Oui,1040000.0
3895,Centre-Ville,Condo,3,2,671.0,1961.0,Non,Oui,512000.0
3896,Centre-Ville,Maison,2,2,3103.0,2017.0,Oui,Non,1359000.0
3897,Plateau,Condo,2,1,1450.0,1956.0,Oui,Oui,574000.0
3898,Villeray,Maison,3,2,3112.0,1974.0,Oui,Oui,888000.0
3899,Plateau,Condo,2,2,3042.0,1989.0,Non,Non,806000.0
3900,Outremont,Maison,2,2,514.0,1950.0,Oui,Non,591000.0
3901,Westmount,Condo,3,2,643.0,2021.0,Oui,Oui,670000.0
3902,Ahuntsic,Triplex,3,2,3311.0,2017.0,Non,Oui,934000.0
3903,Outremont,Triplex,4,3,1792.0,2011.0,Oui,Non,1053000.0
3904,Villeray,Maison,2,1,1739.0,1968.0,Oui,Oui,618000.0
3905,Ahuntsic,Triplex,2,1,2582.0,1954.0,Oui,Oui,789000.0
3906,Ahuntsic,Maison,4,2,3068.0,1999.0,Oui,Oui,1013000.0
3907,Ahuntsic,Condo,2,2,2871.0,1998.0,Oui,Oui,667000.0
3908,NDG,Condo,3,2,3163.0,2008.0,Oui,Non,842000.0
3909,Westmount,Triplex,3,2,,2022.0,Oui,Non,802000.0
3910,Rosemont,Condo,3,1,3236.0,2009.0,Oui,Oui,750000.0
3911,Hochelaga,Duplex,3,1,1269.0,2014.0,Oui,Non,385000.0
3912,Rosemont,Maison,3,1,2088.0,1953.0,Oui,Oui,798000.0
3913,Villeray,Condo,2,1,3211.0,1985.0,Oui,Oui,676000.0
3914,Outremont,Condo,3,2,2224.0,1966.0,Oui,Non,870000.0
3915,Ahuntsic,Duplex,4,2,1729.0,1995.0,Oui,Oui,664000.0
3916,Plateau,Duplex,3,2,2059.0,1979.0,Oui,Oui,757000.0
3917,Verdun,Duplex,2,1,2024.0,,Oui,Oui,568000.0
3918,Villeray,Maison,5,2,2740.0,2017.0,Oui,Oui,971000.0
3919,Plateau,Condo,2,2,2703.0,1995.0,Oui,Oui,802000.0
3920,Hochelaga,Condo,5,1,1143.0,1995.0,Oui,Oui,391000.0
3921,Ahuntsic,Duplex,3,1,2017.0,2021.0,Oui,Oui,704000.0
3922,Westmount,Triplex,3,1,1163.0,1958.0,Oui,Non,851000.0
3923,Centre-Ville,Duplex,3,2,1282.0,1952.0,Oui,Non,681000.0
3924,Rosemont,Maison,1,1,3339.0,1971.0,Non,Oui,956000.0
3925,Villeray,Duplex,3,1,807.0,1955.0,Oui,Non,414000.0
3926,Westmount,Condo,2,2,2996.0,1960.0,Non,Non,1096000.0
3927,Plateau,Maison,2,1,826.0,2007.0,Non,Oui,663000.0
3928,Plateau,Duplex,3,3,3198.0,1966.0,Oui,Non,946000.0
3929,Plateau,Maison,3,2,657.0,1964.0,Non,Oui,636000.0
3930,Plateau,Condo,1,1,1571.0,1969.0,Non,Oui,471000.0
3931,Westmount,Triplex,2,1,1181.0,,Oui,Non,824000.0
3932,Rosemont,Duplex,2,2,3160.0,1985.0,Oui,Oui,767000.0
3933,Rosemont,Condo,2,2,2942.0,2017.0,Oui,Oui,725000.0
3934,Villeray,Condo,2,1,3052.0,1950.0,Oui,Non,580000.0
3935,Centre-Ville,Maison,4,2,1939.0,,Non,Non,1095000.0
3936,Verdun,Maison,3,2,2570.0,1992.0,Non,Oui,785000.0
3937,Westmount,Maison,4,2,1821.0,2009.0,Oui,Oui,1267000.0
3938,Villeray,Triplex,3,1,2981.0,2019.0,Oui,Oui,881000.0
3939,Villeray,Condo,1,2,3452.0,1989.0,Oui,Oui,700000.0
3940,NDG,Condo,2,3,1687.0,1952.0,Non,Oui,541000.0
3941,Rosemont,Condo,3,2,1669.0,1980.0,Non,Oui,578000.0
3942,Plateau,Maison,2,2,1252.0,2017.0,Oui,Oui,719000.0
3943,Villeray,Triplex,1,1,3263.0,1960.0,Non,Oui,803000.0
3944,Westmount,Maison,1,1,947.0,1972.0,Non,Oui,739000.0
3945,Plateau,Condo,2,1,2100.0,2020.0,Oui,Oui,700000.0
3946,Villeray,Maison,4,2,2325.0,1959.0,Oui,Non,733000.0
3947,Ahuntsic,Condo,3,2,2743.0,1987.0,Oui,Non,747000.0
3948,Hochelaga,Condo,4,2,3001.0,1965.0,Oui,Oui,613000.0
3949,Ahuntsic,Maison,3,2,2914.0,1964.0,Oui,Oui,931000.0
3950,Ahuntsic,Maison,2,2,600.0,1960.0,Oui,Oui,510000.0
3951,Ahuntsic,Triplex,3,1,2831.0,2001.0,Oui,Oui,900000.0
3952,NDG,Duplex,3,2,1213.0,1983.0,Non,Oui,531000.0
3953,Outremont,Maison,2,2,3248.0,,Oui,Non,1388000.0
3954,Villeray,Maison,5,1,1985.0,1974.0,Oui,Oui,784000.0
3955,Hochelaga,Condo,1,1,3056.0,2008.0,Oui,Non,637000.0
3956,NDG,Condo,4,2,,1972.0,Oui,Oui,654000.0
3957,Centre-Ville,Maison,2,1,2202.0,1983.0,Oui,Oui,1092000.0
3958,Hochelaga,Duplex,4,2,2137.0,1982.0,Non,Oui,558000.0
3959,Westmount,Condo,4,2,796.0,1990.0,Oui,Oui,753000.0
3960,NDG,Triplex,3,2,3042.0,1986.0,Oui,Oui,984000.0
3961,Plateau,Condo,4,1,2199.0,1979.0,Non,Non,729000.0
3962,Hochelaga,Maison,3,2,3151.0,1989.0,Oui,Non,772000.0
3963,Rosemont,Duplex,2,2,1154.0,1967.0,Non,Oui,452000.0
3964,Hochelaga,Duplex,4,3,1616.0,1958.0,Non,Oui,564000.0
3965,Outremont,Condo,1,1,2906.0,1977.0,Non,Oui,906000.0
3966,Hochelaga,Maison,2,2,1416.0,1970.0,Oui,Non,491000.0
3967,Plateau,Maison,4,1,580.0,1994.0,Oui,Oui,651000.0
3968,Outremont,Triplex,3,1,2926.0,2011.0,Oui,Oui,1346000.0
3969,Hochelaga,Triplex,4,2,2062.0,1954.0,Non,Oui,599000.0
3970,Westmount,Maison,2,2,524.0,2023.0,Non,Oui,790000.0
3971,Outremont,Condo,3,2,1315.0,1999.0,Oui,Oui,694000.0
3972,Outremont,Maison,2,2,544.0,1958.0,Oui,Oui,640000.0
3973,Westmount,Duplex,2,1,605.0,2003.0,Oui,Non,638000.0
3974,Verdun,Triplex,3,3,1196.0,2019.0,Non,Oui,507000.0
3975,Villeray,Maison,2,2,2430.0,1968.0,Oui,Non,734000.0
3976,Ahuntsic,Maison,2,2,2102.0,1954.0,Non,Oui,703000.0
3977,NDG,Triplex,1,1,1949.0,1995.0,Oui,Oui,727000.0
3978,Verdun,Duplex,3,2,3084.0,2019.0,Non,Oui,721000.0
3979,Rosemont,Condo,2,1,2711.0,2023.0,Oui,Oui,638000.0
3980,Hochelaga,Triplex,3,1,706.0,1999.0,Oui,Non,364000.0
3981,Villeray,Condo,1,2,3036.0,2010.0,Oui,Non,626000.0
3982,NDG,Duplex,1,2,2859.0,1997.0,Non,Oui,800000.0
3983,Verdun,Condo,3,3,3026.0,1988.0,Oui,Oui,656000.0
3984,Rosemont,Condo,2,1,1181.0,1995.0,Non,Oui,445000.0
3985,Hochelaga,Duplex,2,1,774.0,1992.0,Oui,Non,255000.0
3986,Villeray,Condo,2,1,2391.0,2000.0,Oui,Non,548000.0
3987,Ahuntsic,Maison,1,3,2208.0,1993.0,Non,Oui,717000.0
3988,Hochelaga,Condo,4,2,1332.0,1970.0,Oui,Oui,430000.0
3989,Westmount,Condo,3,2,2755.0,1986.0,Non,Oui,1156000.0
3990,Westmount,Maison,2,1,2703.0,1993.0,Oui,Oui,1538000.0
3991,Verdun,Triplex,1,2,1035.0,1991.0,Non,Non,402000.0
3992,Outremont,Triplex,1,2,2743.0,1989.0,Oui,Oui,1022000.0
3993,Plateau,Condo,3,1,2611.0,1980.0,Non,Oui,786000.0
3994,Hochelaga,Duplex,4,2,970.0,2009.0,Non,Oui,414000.0
3995,NDG,Maison,3,2,1925.0,1973.0,Oui,Oui,844000.0
3996,Centre-Ville,Condo,2,1,2818.0,1969.0,Oui,Oui,932000.0
3997,Ahuntsic,Condo,5,1,1641.0,1953.0,Oui,Oui,562000.0
3998,Ahuntsic,Maison,1,2,2273.0,,Oui,Oui,736000.0
3999,Ahuntsic,Duplex,2,3,709.0,1957.0,Oui,Oui,413000.0
4000,Centre-Ville,Condo,4,2,2773.0,1965.0,Oui,Non,1009000.0
4001,Rosemont,Condo,2,1,2216.0,2005.0,Oui,Oui,620000.0
4002,Outremont,Condo,2,1,3102.0,1978.0,Oui,Oui,1063000.0
4003,Ahuntsic,Condo,3,3,675.0,1960.0,Oui,Oui,383000.0
4004,Rosemont,Condo,4,2,1373.0,1998.0,Oui,Oui,561000.0
4005,Verdun,Duplex,2,3,1787.0,1997.0,Oui,Non,494000.0
4006,NDG,Maison,3,2,2111.0,1987.0,Oui,Oui,894000.0
4007,Verdun,Maison,5,2,1984.0,2012.0,Oui,Oui,775000.0
4008,NDG,Triplex,2,3,587.0,1985.0,Oui,Non,410000.0
4009,Villeray,Condo,2,1,2740.0,2006.0,Non,Non,631000.0
4010,Westmount,Duplex,2,2,1919.0,2022.0,Non,Oui,980000.0
4011,Outremont,Condo,2,3,771.0,2006.0,Oui,Oui,576000.0
4012,Hochelaga,Condo,2,3,1429.0,2017.0,Oui,Oui,425000.0
4013,Villeray,Maison,2,2,3424.0,1998.0,Non,Non,916000.0
4014,Outremont,Maison,4,1,1928.0,1970.0,Oui,Non,1121000.0
4015,Westmount,Maison,2,1,1203.0,1974.0,Non,Oui,964000.0
4016,Ahuntsic,Condo,3,1,1305.0,1978.0,Oui,Non,424000.0
4017,Westmount,Condo,2,3,846.0,2021.0,Oui,Oui,671000.0
4018,Rosemont,Condo,2,2,706.0,1990.0,Oui,Oui,430000.0
4019,Outremont,Condo,2,1,3459.0,2002.0,Oui,Oui,1190000.0
4020,Rosemont,Maison,2,2,1060.0,1966.0,Non,Non,494000.0
4021,Verdun,Triplex,2,2,3402.0,1985.0,Oui,Oui,891000.0
4022,Plateau,Triplex,2,1,2956.0,1973.0,Oui,Non,962000.0
4023,NDG,Condo,2,1,1743.0,,Non,Non,513000.0
4024,Villeray,Condo,3,2,1518.0,2020.0,Non,Oui,490000.0
4025,Plateau,Maison,1,1,1931.0,1955.0,Oui,Oui,765000.0
4026,Hochelaga,Maison,4,1,887.0,1955.0,Oui,Non,445000.0
4027,Outremont,Maison,3,3,3257.0,2017.0,Non,Oui,1499000.0
4028,Rosemont,Triplex,2,1,2945.0,2000.0,Oui,Oui,871000.0
4029,Rosemont,Maison,2,2,950.0,1967.0,Non,Non,489000.0
4030,Rosemont,Condo,5,2,2888.0,2015.0,Oui,Oui,786000.0
4031,Rosemont,Triplex,3,1,1173.0,1962.0,Oui,Oui,528000.0
4032,Rosemont,Maison,1,1,1497.0,1963.0,Oui,Oui,535000.0
4033,Villeray,Maison,1,2,1141.0,1995.0,Oui,Oui,460000.0
4034,Verdun,Triplex,5,1,2015.0,2013.0,Non,Oui,759000.0
4035,Rosemont,Condo,3,1,1748.0,1970.0,Oui,Non,542000.0
4036,NDG,Condo,4,3,2674.0,1959.0,Non,Oui,763000.0
4037,NDG,Condo,2,3,1646.0,1979.0,Oui,Non,568000.0
4038,Westmount,Condo,2,1,863.0,1971.0,Non,Non,580000.0
4039,Centre-Ville,Maison,1,3,2647.0,2005.0,Oui,Oui,1179000.0
4040,Villeray,Maison,5,2,1402.0,1980.0,Oui,Oui,699000.0
4041,Verdun,Maison,3,3,1029.0,1997.0,Oui,Oui,524000.0
4042,Ahuntsic,Maison,2,2,1196.0,2002.0,Oui,Oui,622000.0
4043,NDG,Maison,3,1,2089.0,2020.0,Oui,Non,897000.0
4044,Rosemont,Condo,2,2,1449.0,1955.0,Non,Non,413000.0
4045,NDG,Maison,1,1,1795.0,1981.0,Non,Oui,757000.0
4046,Outremont,Triplex,3,2,2686.0,1950.0,Non,Oui,1198000.0
4047,Centre-Ville,Condo,3,1,2752.0,1977.0,Non,Oui,901000.0
4048,Centre-Ville,Condo,2,1,3313.0,1972.0,Oui,Non,1005000.0
4049,Villeray,Maison,5,2,2805.0,2005.0,Oui,Oui,924000.0
4050,Outremont,Condo,4,1,2336.0,1983.0,Oui,Non,1002000.0
4051,Hochelaga,Condo,3,1,1191.0,1978.0,Oui,Non,351000.0
4052,NDG,Triplex,2,2,1393.0,2023.0,Non,Oui,649000.0
4053,Villeray,Maison,1,1,1509.0,2019.0,Oui,Non,535000.0
4054,Verdun,Triplex,4,1,3227.0,1969.0,Oui,Non,921000.0
4055,Rosemont,Triplex,2,2,3415.0,1992.0,Oui,Oui,964000.0
4056,Plateau,Condo,1,2,1081.0,1966.0,Oui,Non,460000.0
4057,NDG,Duplex,3,1,2587.0,1969.0,Oui,Non,807000.0
4058,Centre-Ville,Condo,2,2,2191.0,1990.0,Oui,Non,794000.0
4059,NDG,Duplex,4,1,1096.0,1951.0,Oui,Non,488000.0
4060,Ahuntsic,Duplex,4,1,1471.0,1970.0,Non,Oui,593000.0
4061,NDG,Triplex,3,3,2531.0,1986.0,Oui,Non,882000.0
4062,Rosemont,Triplex,3,2,734.0,2002.0,Non,Oui,444000.0
4063,Centre-Ville,Maison,1,1,1729.0,2013.0,Oui,Non,904000.0
4064,Hochelaga,Maison,3,3,2655.0,2022.0,Oui,Non,723000.0
4065,Westmount,Duplex,3,2,776.0,1992.0,Non,Oui,773000.0
4066,Verdun,Duplex,2,2,1230.0,2022.0,Oui,Non,461000.0
4067,Westmount,Maison,4,2,996.0,1972.0,Oui,Oui,1012000.0
4068,Rosemont,Condo,4,2,2472.0,2003.0,Oui,Oui,716000.0
4069,Villeray,Duplex,4,2,2777.0,2021.0,Oui,Non,737000.0
4070,Outremont,Maison,4,1,1612.0,2017.0,Oui,Non,1096000.0
4071,Ahuntsic,Maison,4,2,2746.0,2000.0,Non,Oui,952000.0
4072,Hochelaga,Maison,3,1,754.0,1970.0,Non,Oui,393000.0
4073,Plateau,Triplex,3,1,638.0,1971.0,Oui,Non,513000.0
4074,Ahuntsic,Duplex,4,2,766.0,1997.0,Oui,Non,479000.0
4075,Villeray,Condo,4,1,1967.0,1972.0,Non,Non,520000.0
4076,Outremont,Condo,3,1,1548.0,1955.0,Non,Non,712000.0
4077,Ahuntsic,Maison,1,1,2939.0,1953.0,Non,Oui,814000.0
4078,Centre-Ville,Maison,3,2,3341.0,2011.0,Oui,Oui,1430000.0
4079,Villeray,Condo,2,2,3181.0,1950.0,Oui,Non,646000.0
4080,Villeray,Maison,4,3,3165.0,,Oui,Non,978000.0
4081,Centre-Ville,Condo,3,1,1147.0,,Oui,Oui,610000.0
4082,Verdun,Condo,3,1,1611.0,1997.0,Oui,Oui,481000.0
4083,Centre-Ville,Maison,5,3,1766.0,2006.0,Non,Non,1091000.0
4084,Outremont,Condo,3,1,2941.0,1951.0,Non,Oui,1018000.0
4085,Ahuntsic,Triplex,2,2,991.0,1958.0,Oui,Oui,533000.0
4086,Hochelaga,Triplex,2,2,3429.0,,Non,Non,756000.0
4087,Outremont,Maison,2,3,2224.0,1965.0,Oui,Oui,1112000.0
4088,Plateau,Condo,4,3,2889.0,1967.0,Oui,Oui,885000.0
4089,Rosemont,Condo,2,2,3096.0,2011.0,Oui,Oui,741000.0
4090,Outremont,Maison,5,2,1744.0,1982.0,Non,Oui,1106000.0
4091,Plateau,Condo,2,3,2616.0,1980.0,Oui,Oui,696000.0
4092,Verdun,Duplex,4,2,2655.0,1970.0,Non,Non,713000.0
4093,Ahuntsic,Condo,2,1,2997.0,1966.0,Non,Non,645000.0
4094,Ahuntsic,Condo,5,1,1225.0,1983.0,Non,Non,543000.0
4095,Hochelaga,Condo,3,2,1597.0,1992.0,Oui,Oui,447000.0
4096,NDG,Triplex,4,2,3011.0,1987.0,Oui,Oui,1025000.0
4097,Centre-Ville,Duplex,4,2,1317.0,2014.0,Oui,Oui,803000.0
4098,Rosemont,Condo,3,2,1433.0,2003.0,Oui,Oui,503000.0
4099,Verdun,Maison,4,2,3195.0,2011.0,Non,Non,911000.0
4100,Hochelaga,Maison,1,2,1825.0,2009.0,Non,Non,523000.0
4101,Westmount,Maison,2,1,3499.0,2012.0,Non,Non,1640000.0
4102,Centre-Ville,Maison,2,2,594.0,1990.0,Non,Oui,642000.0
4103,Hochelaga,Condo,4,1,589.0,1977.0,Non,Oui,334000.0
4104,Westmount,Condo,3,2,2854.0,1957.0,Oui,Non,1127000.0
4105,Outremont,Maison,3,1,1677.0,1961.0,Oui,Non,1017000.0
4106,Centre-Ville,Duplex,2,3,2035.0,2023.0,Oui,Oui,916000.0
4107,NDG,Maison,3,2,3003.0,2007.0,Oui,Oui,1025000.0
4108,Centre-Ville,Triplex,4,2,1599.0,1999.0,Oui,Oui,938000.0
4109,Villeray,Triplex,3,3,,2011.0,Oui,Oui,700000.0
4110,Rosemont,Duplex,3,1,1095.0,1959.0,Oui,Non,481000.0
4111,Ahuntsic,Condo,3,1,2976.0,2001.0,Oui,Non,715000.0
4112,Centre-Ville,Duplex,2,1,2510.0,1989.0,Oui,Oui,985000.0
4113,Plateau,Maison,3,1,1690.0,2023.0,Oui,Oui,914000.0
4114,Centre-Ville,Condo,2,1,3393.0,2010.0,Non,Oui,1037000.0
4115,Outremont,Duplex,4,2,2003.0,2004.0,Oui,Non,1031000.0
4116,Centre-Ville,Maison,5,2,3345.0,1955.0,Non,Oui,1502000.0
4117,Centre-Ville,Condo,2,1,2342.0,1996.0,Oui,Oui,832000.0
4118,Plateau,Maison,3,1,1816.0,1977.0,Oui,Non,869000.0
4119,Centre-Ville,Condo,4,2,1055.0,1984.0,Non,Non,608000.0
4120,Ahuntsic,Condo,3,3,2315.0,1970.0,Non,Oui,630000.0
4121,Hochelaga,Condo,3,3,,1970.0,Non,Oui,385000.0
4122,Verdun,Maison,3,3,908.0,1986.0,Non,Non,514000.0
4123,Rosemont,Maison,4,1,1462.0,1989.0,Oui,Non,717000.0
4124,Westmount,Maison,4,2,,,Non,Non,939000.0
4125,Centre-Ville,Condo,3,1,1667.0,2012.0,Non,Non,717000.0
4126,Rosemont,Maison,2,3,814.0,1964.0,Non,Non,488000.0
4127,Rosemont,Maison,3,2,1437.0,2004.0,Oui,Non,646000.0
4128,Westmount,Condo,2,2,2296.0,2009.0,Oui,Non,1009000.0
4129,NDG,Maison,1,1,1497.0,1967.0,Oui,Non,652000.0
4130,Rosemont,Maison,5,1,2401.0,1988.0,Oui,Non,925000.0
4131,Hochelaga,Maison,2,2,1400.0,1954.0,Non,Oui,495000.0
4132,Ahuntsic,Duplex,2,2,820.0,2011.0,Oui,Non,430000.0
4133,Centre-Ville,Condo,3,3,1108.0,2004.0,Oui,Non,675000.0
4134,Ahuntsic,Condo,3,1,886.0,1983.0,Oui,Non,421000.0
4135,Plateau,Maison,3,1,3053.0,1977.0,Oui,Non,1072000.0
4136,Villeray,Triplex,3,2,1274.0,1993.0,Oui,Non,492000.0
4137,Verdun,Duplex,4,2,1816.0,1952.0,Non,Oui,566000.0
4138,Plateau,Condo,2,1,2011.0,1985.0,Non,Oui,601000.0
4139,Ahuntsic,Condo,4,1,3441.0,1952.0,Non,Non,787000.0
4140,Ahuntsic,Maison,1,2,1571.0,1965.0,Oui,Non,621000.0
4141,Outremont,Maison,3,1,3151.0,2002.0,Oui,Oui,1516000.0
4142,Centre-Ville,Condo,1,2,1248.0,2004.0,Oui,Oui,606000.0
4143,Rosemont,Condo,5,2,1484.0,1982.0,Oui,Non,507000.0
4144,Villeray,Condo,3,2,578.0,2009.0,Non,Oui,367000.0
4145,NDG,Maison,4,1,750.0,2004.0,Oui,Oui,651000.0
4146,Plateau,Condo,3,1,3222.0,1967.0,Oui,Oui,971000.0
4147,Hochelaga,Condo,5,3,1639.0,1953.0,Oui,Oui,458000.0
4148,Plateau,Maison,3,3,1024.0,1971.0,Non,Oui,689000.0
4149,Hochelaga,Triplex,2,2,3483.0,1958.0,Oui,Non,739000.0
4150,Plateau,Condo,3,2,3399.0,1956.0,Non,Oui,888000.0
4151,Hochelaga,Duplex,1,3,871.0,2005.0,Non,Oui,347000.0
4152,Plateau,Duplex,2,2,621.0,2009.0,Oui,Oui,437000.0
4153,Westmount,Maison,3,2,2285.0,1979.0,Oui,Non,1319000.0
4154,Outremont,Condo,2,2,2483.0,1968.0,Oui,Non,898000.0
4155,Rosemont,Duplex,2,1,1154.0,2009.0,Non,Oui,464000.0
4156,Westmount,Condo,4,1,2097.0,2007.0,Non,Non,1022000.0
4157,Outremont,Maison,2,1,1232.0,1990.0,Oui,Non,855000.0
4158,Ahuntsic,Maison,1,3,910.0,1977.0,Oui,Non,465000.0
4159,Outremont,Maison,2,3,1955.0,2005.0,Oui,Oui,1030000.0
4160,Ahuntsic,Condo,2,1,3228.0,1975.0,Oui,Non,732000.0
4161,Villeray,Condo,1,2,1820.0,2021.0,Oui,Oui,499000.0
4162,Verdun,Condo,3,3,2464.0,1984.0,Non,Oui,599000.0
4163,Villeray,Duplex,2,3,1944.0,1998.0,Oui,Non,499000.0
4164,Villeray,Triplex,3,2,3490.0,1998.0,Oui,Non,878000.0
4165,Verdun,Maison,2,2,3287.0,2011.0,Oui,Oui,951000.0
4166,Hochelaga,Maison,2,2,2838.0,1983.0,Oui,Non,775000.0
4167,Plateau,Triplex,3,3,,1996.0,Oui,Non,1049000.0
4168,NDG,Condo,3,1,1116.0,1967.0,Oui,Non,429000.0
4169,Plateau,Condo,3,1,591.0,1968.0,Oui,Oui,416000.0
4170,Centre-Ville,Condo,1,3,3399.0,1956.0,Oui,Oui,963000.0
4171,Villeray,Condo,4,1,1441.0,1972.0,Non,Non,463000.0
4172,Rosemont,Maison,3,2,1627.0,2016.0,Non,Oui,713000.0
4173,Plateau,Condo,1,1,2661.0,1952.0,Oui,Non,697000.0
4174,Ahuntsic,Maison,2,1,3408.0,2002.0,Oui,Non,965000.0
4175,Villeray,Condo,2,1,769.0,1978.0,Oui,Oui,307000.0
4176,Ahuntsic,Triplex,2,1,2446.0,2017.0,Non,Oui,777000.0
4177,Rosemont,Maison,4,2,2539.0,1990.0,Oui,Oui,925000.0
4178,Villeray,Maison,3,2,1494.0,2004.0,Oui,Oui,626000.0
4179,Rosemont,Maison,2,2,3289.0,2008.0,Oui,Oui,979000.0
4180,Westmount,Triplex,2,2,1625.0,2015.0,Oui,Non,1056000.0
4181,Outremont,Maison,3,2,3391.0,1988.0,Non,Oui,1444000.0
4182,Hochelaga,Maison,1,2,626.0,1994.0,Oui,Non,397000.0
4183,Verdun,Condo,3,2,2935.0,2003.0,Oui,Oui,683000.0
4184,Ahuntsic,Duplex,2,2,1344.0,1980.0,Oui,Oui,493000.0
4185,Verdun,Duplex,3,1,1274.0,1962.0,Oui,Oui,464000.0
4186,Centre-Ville,Condo,3,2,679.0,1987.0,Non,Oui,511000.0
4187,Ahuntsic,Duplex,4,1,,1976.0,Oui,Oui,938000.0
4188,Verdun,Condo,3,1,2088.0,1985.0,Oui,Non,534000.0
4189,Verdun,Condo,2,2,2392.0,1977.0,Oui,Oui,599000.0
4190,Centre-Ville,Condo,4,2,3295.0,1984.0,Non,Oui,1049000.0
4191,Villeray,Triplex,3,1,607.0,2022.0,Non,Non,440000.0
4192,Rosemont,Maison,2,2,1300.0,1978.0,Non,Oui,610000.0
4193,Plateau,Triplex,1,1,2217.0,1951.0,Oui,Non,743000.0
4194,Hochelaga,Condo,4,2,1257.0,1987.0,Oui,Oui,424000.0
4195,Centre-Ville,Maison,3,1,3440.0,2010.0,Oui,Non,1466000.0
4196,Plateau,Maison,2,2,2290.0,1986.0,Non,Oui,942000.0
4197,Westmount,Maison,3,1,1414.0,2020.0,Oui,Non,1118000.0
4198,Westmount,Triplex,3,2,3205.0,2012.0,Oui,Oui,1560000.0
4199,Verdun,Maison,2,2,3269.0,2009.0,Oui,Oui,915000.0
4200,Westmount,Condo,3,2,2272.0,2022.0,Oui,Oui,1057000.0
4201,Westmount,Maison,2,2,2608.0,1985.0,Non,Oui,1364000.0
4202,Centre-Ville,Condo,3,1,2770.0,1956.0,Oui,Non,906000.0
4203,Hochelaga,Condo,3,1,998.0,1984.0,Non,Oui,341000.0
4204,Verdun,Maison,2,1,2396.0,1995.0,Non,Oui,759000.0
4205,Hochelaga,Maison,3,2,1312.0,1954.0,Oui,Oui,489000.0
4206,Centre-Ville,Maison,2,2,612.0,2009.0,Oui,Oui,683000.0
4207,Villeray,Condo,2,1,1014.0,2001.0,Non,Oui,309000.0
4208,Centre-Ville,Condo,4,2,560.0,2021.0,Oui,Oui,555000.0
4209,Westmount,Duplex,2,3,1973.0,2008.0,Non,Non,1000000.0
4210,Hochelaga,Duplex,2,2,1574.0,1987.0,Oui,Non,485000.0
4211,Centre-Ville,Condo,1,1,3063.0,1984.0,Oui,Oui,954000.0
4212,Outremont,Maison,1,2,2431.0,1969.0,Non,Oui,1090000.0
4213,Verdun,Condo,2,1,2080.0,1991.0,Non,Non,536000.0
4214,Westmount,Duplex,3,2,3414.0,2018.0,Oui,Oui,1492000.0
4215,Hochelaga,Triplex,1,1,1954.0,1951.0,Oui,Non,491000.0
4216,Outremont,Condo,3,1,2813.0,,Oui,Oui,1029000.0
4217,Plateau,Condo,3,2,2804.0,1989.0,Non,Oui,835000.0
4218,Villeray,Condo,1,2,1440.0,1991.0,Oui,Oui,422000.0
4219,NDG,Condo,3,2,2603.0,,Non,Non,678000.0
4220,Ahuntsic,Maison,3,3,,1985.0,Oui,Non,631000.0
4221,Plateau,Condo,3,1,,,Oui,Oui,832000.0
4222,Plateau,Triplex,2,1,2645.0,1965.0,Oui,Non,900000.0
4223,Centre-Ville,Condo,1,3,880.0,1978.0,Oui,Non,516000.0
4224,Rosemont,Maison,3,2,880.0,1960.0,Oui,Oui,566000.0
4225,Verdun,Maison,3,1,3440.0,2007.0,Oui,Oui,954000.0
4226,Villeray,Condo,4,2,555.0,1987.0,Non,Non,388000.0
4227,Villeray,Maison,1,2,1079.0,1973.0,Oui,Oui,492000.0
4228,Plateau,Condo,2,2,858.0,2004.0,Oui,Non,438000.0
4229,Outremont,Maison,1,3,1627.0,1983.0,Non,Non,842000.0
4230,NDG,Triplex,2,2,2517.0,2004.0,Non,Oui,836000.0
4231,Verdun,Condo,2,2,2312.0,2014.0,Oui,Oui,520000.0
4232,Rosemont,Condo,1,2,2376.0,1955.0,Oui,Oui,605000.0
4233,NDG,Duplex,3,2,2610.0,1985.0,Oui,Non,796000.0
4234,Ahuntsic,Condo,3,1,2262.0,1980.0,Oui,Non,636000.0
4235,Plateau,Triplex,2,1,3375.0,1976.0,Oui,Non,1079000.0
4236,Rosemont,Maison,2,1,859.0,1952.0,Oui,Non,471000.0
4237,Centre-Ville,Condo,3,1,2453.0,1951.0,Oui,Oui,882000.0
4238,NDG,Condo,2,1,2515.0,2014.0,Oui,Non,703000.0
4239,Villeray,Condo,2,1,618.0,1984.0,Oui,Oui,313000.0
4240,Verdun,Condo,2,3,2597.0,2010.0,Non,Oui,582000.0
4241,Villeray,Maison,2,3,1867.0,1961.0,Oui,Non,652000.0
4242,Hochelaga,Condo,3,3,2830.0,1977.0,Oui,Oui,555000.0
4243,Hochelaga,Maison,1,3,2291.0,2009.0,Oui,Non,684000.0
4244,NDG,Maison,2,1,1846.0,2013.0,Non,Oui,784000.0
4245,Hochelaga,Maison,3,2,1491.0,2000.0,Oui,Non,558000.0
4246,Rosemont,Maison,2,2,2077.0,1965.0,Oui,Non,747000.0
4247,Plateau,Condo,3,1,2606.0,2015.0,Oui,Non,802000.0
4248,Outremont,Triplex,1,2,868.0,2015.0,Non,Oui,616000.0
4249,Rosemont,Condo,3,2,808.0,1996.0,Oui,Non,421000.0
4250,Ahuntsic,Maison,3,2,1260.0,1987.0,Oui,Oui,641000.0
4251,Ahuntsic,Condo,2,2,888.0,2020.0,Oui,Oui,433000.0
4252,NDG,Condo,3,1,,2021.0,Oui,Non,585000.0
4253,Centre-Ville,Duplex,2,2,2328.0,1990.0,Oui,Oui,905000.0
4254,Rosemont,Duplex,2,1,696.0,2019.0,Oui,Oui,417000.0
4255,Rosemont,Condo,4,2,3277.0,2011.0,Non,Oui,830000.0
4256,Plateau,Maison,3,2,2398.0,1998.0,Oui,Non,1007000.0
4257,Hochelaga,Maison,4,1,874.0,2019.0,Oui,Non,534000.0
4258,Rosemont,Condo,2,1,3238.0,1995.0,Oui,Oui,730000.0
4259,Ahuntsic,Maison,5,2,2123.0,1970.0,Oui,Oui,877000.0
4260,Rosemont,Triplex,3,1,3041.0,1996.0,Oui,Oui,959000.0
4261,NDG,Maison,1,2,1160.0,2006.0,Oui,Non,601000.0
4262,Rosemont,Triplex,1,1,1991.0,1984.0,Oui,Non,676000.0
4263,Centre-Ville,Maison,3,2,764.0,2007.0,Non,Oui,765000.0
4264,Westmount,Maison,4,1,1922.0,1977.0,Non,Oui,1208000.0
4265,Hochelaga,Triplex,3,1,,1978.0,Non,Oui,632000.0
4266,Plateau,Maison,3,1,1230.0,1993.0,Oui,Oui,810000.0
4267,Hochelaga,Maison,2,3,2935.0,1993.0,Non,Non,719000.0
4268,NDG,Maison,4,1,1824.0,1988.0,Non,Non,842000.0
4269,Villeray,Condo,3,3,2991.0,2008.0,Oui,Non,703000.0
4270,Plateau,Maison,2,2,1311.0,1974.0,Oui,Oui,756000.0
4271,Centre-Ville,Triplex,2,3,2888.0,1955.0,Oui,Oui,1116000.0
4272,Plateau,Duplex,2,2,2587.0,1997.0,Oui,Oui,880000.0
4273,Verdun,Maison,2,1,2973.0,1965.0,Non,Oui,851000.0
4274,Outremont,Maison,2,2,2413.0,2003.0,Oui,Oui,1188000.0
4275,Outremont,Maison,2,3,861.0,1980.0,Oui,Oui,783000.0
4276,Villeray,Condo,4,3,1110.0,1968.0,Oui,Oui,465000.0
4277,Verdun,Condo,2,3,845.0,2010.0,Oui,Non,359000.0
4278,Villeray,Condo,2,2,1444.0,1993.0,Non,Oui,449000.0
4279,Hochelaga,Triplex,1,1,991.0,1970.0,Oui,Oui,409000.0
4280,Hochelaga,Condo,3,3,1875.0,1983.0,Oui,Oui,449000.0
4281,Verdun,Maison,3,3,,2005.0,Non,Oui,764000.0
4282,Verdun,Maison,2,1,1444.0,1993.0,Non,Non,614000.0
4283,Plateau,Maison,3,1,1922.0,1971.0,Non,Non,933000.0
4284,Rosemont,Condo,3,1,3087.0,2017.0,Oui,Oui,765000.0
4285,Verdun,Condo,3,3,1965.0,1991.0,Non,Oui,556000.0
4286,Rosemont,Condo,3,1,2876.0,1979.0,Oui,Oui,715000.0
4287,Outremont,Condo,2,2,3194.0,1964.0,Oui,Non,1008000.0
4288,NDG,Maison,5,2,2785.0,1952.0,Oui,Oui,1089000.0
4289,Outremont,Maison,4,1,3209.0,1974.0,Oui,Non,1531000.0
4290,Hochelaga,Condo,2,1,812.0,1971.0,Oui,Non,293000.0
4291,Plateau,Condo,1,1,3144.0,1977.0,Non,Non,765000.0
4292,Villeray,Duplex,3,2,2246.0,1954.0,Non,Oui,618000.0
4293,Plateau,Duplex,4,1,580.0,1983.0,Oui,Oui,604000.0
4294,Westmount,Duplex,1,2,2494.0,1996.0,Non,Oui,1072000.0
4295,Villeray,Maison,3,2,2917.0,2006.0,Non,Non,871000.0
4296,Westmount,Condo,1,3,1389.0,1951.0,Non,Non,652000.0
4297,Westmount,Maison,1,1,1106.0,1977.0,Non,Oui,849000.0
4298,Villeray,Condo,2,1,3379.0,2005.0,Non,Non,682000.0
4299,Outremont,Maison,3,2,3451.0,2002.0,Oui,Oui,1587000.0
4300,Centre-Ville,Condo,1,2,2069.0,2007.0,Non,Non,751000.0
4301,Ahuntsic,Condo,3,2,2358.0,2009.0,Oui,Non,680000.0
4302,Plateau,Condo,3,2,3490.0,2021.0,Non,Non,1005000.0
4303,Verdun,Maison,2,1,559.0,1990.0,Oui,Non,402000.0
4304,Westmount,Duplex,3,2,1006.0,1956.0,Non,Oui,733000.0
4305,Outremont,Maison,4,1,773.0,2009.0,Non,Non,765000.0
4306,Plateau,Condo,4,2,599.0,2008.0,Oui,Non,480000.0
4307,Plateau,Condo,3,1,2842.0,1999.0,Oui,Non,823000.0
4308,Rosemont,Triplex,2,1,1224.0,2023.0,Oui,Non,560000.0
4309,NDG,Duplex,1,2,3447.0,1981.0,Oui,Oui,895000.0
4310,Hochelaga,Maison,1,2,1751.0,1951.0,Oui,Oui,456000.0
4311,Hochelaga,Condo,5,2,3167.0,1952.0,Oui,Oui,613000.0
4312,Verdun,Duplex,3,1,3300.0,1964.0,Oui,Non,747000.0
4313,Westmount,Condo,2,1,590.0,1965.0,Oui,Non,534000.0
4314,Rosemont,Maison,3,1,3196.0,1975.0,Oui,Non,1072000.0
4315,Centre-Ville,Maison,1,1,3109.0,1980.0,Non,Non,1214000.0
4316,Westmount,Maison,4,1,2428.0,1998.0,Oui,Non,1484000.0
4317,Ahuntsic,Maison,3,1,3215.0,2003.0,Oui,Non,1012000.0
4318,Outremont,Triplex,3,1,2657.0,1978.0,Oui,Oui,1194000.0
4319,Ahuntsic,Triplex,2,1,2476.0,1958.0,Oui,Oui,773000.0
4320,Plateau,Maison,3,1,1497.0,1996.0,Non,Oui,832000.0
4321,Plateau,Triplex,3,1,2041.0,1966.0,Oui,Non,894000.0
4322,Westmount,Maison,2,2,743.0,1981.0,Oui,Oui,827000.0
4323,Outremont,Duplex,3,3,2916.0,1955.0,Oui,Non,1121000.0
4324,Rosemont,Duplex,2,1,1993.0,1992.0,Oui,Oui,634000.0
4325,Ahuntsic,Triplex,3,2,753.0,1997.0,Oui,Oui,528000.0
4326,NDG,Condo,2,1,740.0,1993.0,Oui,Oui,433000.0
4327,Rosemont,Maison,3,2,3055.0,1969.0,Non,Oui,971000.0
4328,Rosemont,Triplex,1,2,2542.0,2017.0,Non,Non,745000.0
4329,Plateau,Condo,2,2,2468.0,1989.0,Non,Oui,742000.0
4330,Ahuntsic,Triplex,3,3,1421.0,2000.0,Oui,Non,591000.0
4331,Rosemont,Triplex,3,2,2379.0,2020.0,Non,Non,719000.0
4332,NDG,Maison,3,2,1848.0,2005.0,Oui,Non,827000.0
4333,Outremont,Maison,1,2,3272.0,1951.0,Oui,Oui,1386000.0
4334,Westmount,Condo,2,1,1192.0,1992.0,Oui,Oui,682000.0
4335,Rosemont,Condo,1,2,2015.0,1990.0,Oui,Oui,515000.0
4336,Hochelaga,Condo,2,2,2185.0,1992.0,Oui,Oui,415000.0
4337,Outremont,Maison,2,2,587.0,1995.0,Non,Non,621000.0
4338,Westmount,Condo,4,3,1708.0,1954.0,Oui,Non,858000.0
4339,Plateau,Duplex,2,2,3414.0,1995.0,Oui,Oui,940000.0
4340,Centre-Ville,Condo,3,2,2020.0,2006.0,Oui,Oui,794000.0
4341,Centre-Ville,Condo,2,2,514.0,2020.0,Oui,Oui,471000.0
4342,Verdun,Condo,2,2,2714.0,2021.0,Oui,Oui,609000.0
4343,NDG,Condo,2,2,761.0,1972.0,Oui,Non,378000.0
4344,Villeray,Maison,4,2,2054.0,2014.0,Non,Oui,756000.0
4345,Ahuntsic,Condo,1,1,1092.0,1956.0,Non,Non,407000.0
4346,Outremont,Duplex,2,2,1013.0,1955.0,Oui,Oui,626000.0
4347,Centre-Ville,Duplex,2,1,2854.0,2014.0,Oui,Oui,1107000.0
4348,Plateau,Maison,2,1,2060.0,1994.0,Non,Oui,930000.0
4349,Outremont,Maison,3,1,2070.0,1970.0,Non,Oui,1108000.0
4350,Centre-Ville,Condo,3,1,3416.0,1981.0,Oui,Oui,1049000.0
4351,Plateau,Maison,1,3,1440.0,1987.0,Oui,Non,702000.0
4352,NDG,Maison,3,3,1031.0,1962.0,Oui,Oui,679000.0
4353,Centre-Ville,Maison,3,1,1730.0,1987.0,Oui,Oui,923000.0
4354,Ahuntsic,Maison,3,1,611.0,1993.0,Non,Non,475000.0
4355,Verdun,Maison,2,2,957.0,2018.0,Oui,Oui,515000.0
4356,Plateau,Duplex,3,1,2771.0,1968.0,Oui,Oui,965000.0
4357,Rosemont,Maison,4,2,1620.0,1975.0,Oui,Oui,689000.0
4358,Centre-Ville,Duplex,2,1,2659.0,2022.0,Non,Non,998000.0
4359,Westmount,Condo,4,2,1677.0,2009.0,Oui,Non,960000.0
4360,Hochelaga,Duplex,5,1,2013.0,2008.0,Non,Non,554000.0
4361,NDG,Condo,1,2,2659.0,2003.0,Oui,Oui,702000.0
4362,Centre-Ville,Condo,4,2,1272.0,1963.0,Oui,Non,678000.0
4363,Westmount,Duplex,1,1,943.0,1959.0,Oui,Non,673000.0
4364,Verdun,Condo,1,3,3315.0,2018.0,Oui,Oui,714000.0
4365,Hochelaga,Maison,2,1,563.0,1968.0,Non,Non,352000.0
4366,Plateau,Condo,2,1,1172.0,1966.0,Non,Oui,494000.0
4367,Plateau,Condo,1,1,3197.0,1955.0,Oui,Non,769000.0
4368,Hochelaga,Maison,5,1,889.0,1960.0,Oui,Oui,517000.0
4369,Centre-Ville,Condo,1,2,1508.0,1995.0,Oui,Non,618000.0
4370,Plateau,Maison,3,2,2202.0,2004.0,Oui,Non,950000.0
4371,Villeray,Maison,2,3,1728.0,,Non,Non,623000.0
4372,Hochelaga,Triplex,1,1,2033.0,1983.0,Non,Non,520000.0
4373,Centre-Ville,Duplex,4,2,540.0,1950.0,Oui,Oui,592000.0
4374,Outremont,Duplex,4,1,2718.0,2011.0,Non,Non,1170000.0
4375,NDG,Condo,4,1,2111.0,1972.0,Non,Oui,644000.0
4376,Plateau,Condo,4,2,2226.0,1967.0,Oui,Oui,717000.0
4377,Rosemont,Triplex,3,2,1640.0,2016.0,Oui,Oui,691000.0
4378,Verdun,Maison,1,1,1868.0,2010.0,Oui,Oui,589000.0
4379,Ahuntsic,Maison,4,3,2677.0,2007.0,Oui,Non,1023000.0
4380,Outremont,Maison,1,2,1897.0,2020.0,Non,Non,981000.0
4381,Rosemont,Triplex,3,2,1094.0,1967.0,Oui,Oui,539000.0
4382,Hochelaga,Maison,1,2,2525.0,2005.0,Non,Oui,685000.0
4383,Plateau,Duplex,2,2,2421.0,1992.0,Oui,Oui,832000.0
4384,Verdun,Triplex,2,2,944.0,1998.0,Oui,Oui,507000.0
4385,Westmount,Condo,3,2,2342.0,2012.0,Oui,Oui,1099000.0
4386,Hochelaga,Duplex,4,2,2304.0,1951.0,Oui,Oui,591000.0
4387,Hochelaga,Condo,5,2,988.0,1957.0,Oui,Oui,381000.0
4388,Hochelaga,Condo,3,2,2799.0,1967.0,Oui,Oui,610000.0
4389,NDG,Condo,5,2,2185.0,1969.0,Non,Oui,679000.0
4390,NDG,Condo,2,1,1860.0,2006.0,Non,Oui,581000.0
4391,Ahuntsic,Maison,2,2,2573.0,1969.0,Oui,Oui,847000.0
4392,Villeray,Triplex,3,2,2605.0,1956.0,Oui,Oui,728000.0
4393,Verdun,Condo,1,1,1559.0,1964.0,Oui,Non,481000.0
4394,Ahuntsic,Condo,3,1,1760.0,1988.0,Oui,Oui,606000.0
4395,Rosemont,Maison,4,2,3050.0,2007.0,Oui,Non,1061000.0
4396,Westmount,Maison,3,2,,1967.0,Oui,Oui,1464000.0
4397,Plateau,Condo,3,1,2198.0,1985.0,Non,Oui,750000.0
4398,Ahuntsic,Maison,4,1,1302.0,1951.0,Oui,Non,660000.0
4399,Villeray,Maison,4,2,1024.0,2018.0,Oui,Oui,584000.0
4400,Villeray,Maison,2,2,2782.0,2004.0,Oui,Oui,799000.0
4401,Hochelaga,Maison,2,2,1959.0,2016.0,Non,Non,573000.0
4402,Rosemont,Condo,2,2,736.0,1958.0,Non,Oui,346000.0
4403,Ahuntsic,Condo,2,3,3403.0,2009.0,Non,Oui,729000.0
4404,Rosemont,Maison,2,2,822.0,1951.0,Oui,Oui,445000.0
4405,Rosemont,Triplex,2,1,2712.0,2016.0,Oui,Oui,866000.0
4406,NDG,Maison,1,1,1540.0,1980.0,Oui,Oui,626000.0
4407,Rosemont,Condo,4,3,1147.0,1983.0,Oui,Non,480000.0
4408,Villeray,Condo,2,1,1948.0,1952.0,Oui,Non,504000.0
4409,NDG,Maison,4,2,2354.0,1976.0,Non,Oui,947000.0
4410,Ahuntsic,Maison,2,2,2561.0,1968.0,Non,Non,787000.0
4411,Centre-Ville,Duplex,3,3,1797.0,1986.0,Oui,Non,859000.0
4412,Plateau,Maison,2,2,979.0,2002.0,Oui,Oui,626000.0
4413,Rosemont,Condo,3,1,3273.0,1987.0,Oui,Oui,811000.0
4414,Westmount,Maison,4,2,2307.0,1958.0,Non,Non,1357000.0
4415,Hochelaga,Condo,3,2,2704.0,1975.0,Oui,Non,574000.0
4416,Westmount,Triplex,1,1,3361.0,1990.0,Oui,Non,1458000.0
4417,Plateau,Condo,3,1,2215.0,1962.0,Non,Non,731000.0
4418,Verdun,Condo,1,2,2695.0,2019.0,Oui,Non,567000.0
4419,Villeray,Maison,1,2,,1969.0,Non,Oui,853000.0
4420,Rosemont,Condo,2,3,1407.0,1995.0,Oui,Non,443000.0
4421,Westmount,Maison,4,1,2838.0,1969.0,Oui,Oui,1572000.0
4422,Ahuntsic,Maison,4,2,846.0,2005.0,Oui,Non,606000.0
4423,Ahuntsic,Condo,3,3,2809.0,1965.0,Non,Oui,708000.0
4424,Hochelaga,Maison,2,2,2600.0,1978.0,Oui,Non,712000.0
4425,Villeray,Maison,4,1,859.0,2003.0,Non,Non,540000.0
4426,NDG,Maison,3,1,1466.0,2000.0,Oui,Oui,754000.0
4427,Westmount,Maison,5,2,2532.0,1956.0,Non,Oui,1559000.0
4428,Villeray,Maison,2,2,1143.0,,Non,Oui,501000.0
4429,Verdun,Condo,4,2,1331.0,1963.0,Oui,Non,424000.0
4430,Ahuntsic,Maison,3,2,650.0,1990.0,Oui,Non,526000.0
4431,Villeray,Condo,4,2,1610.0,2013.0,Oui,Non,497000.0
4432,Outremont,Triplex,1,2,1633.0,1950.0,Oui,Oui,788000.0
4433,Westmount,Condo,2,1,1847.0,1957.0,Oui,Oui,875000.0
4434,Verdun,Duplex,3,1,1043.0,2000.0,Oui,Non,479000.0
4435,Westmount,Condo,2,2,1316.0,1955.0,Oui,Oui,730000.0
4436,Centre-Ville,Triplex,2,2,3069.0,1967.0,Oui,Non,1116000.0
4437,Plateau,Triplex,2,1,2330.0,1990.0,Non,Non,912000.0
4438,Villeray,Condo,2,1,3092.0,2018.0,Oui,Non,693000.0
4439,Hochelaga,Condo,2,1,2235.0,1954.0,Oui,Non,399000.0
4440,Centre-Ville,Maison,2,1,1238.0,2015.0,Oui,Oui,789000.0
4441,Centre-Ville,Maison,2,2,2185.0,1967.0,Oui,Oui,1058000.0
4442,Westmount,Maison,2,2,1558.0,1986.0,Non,Non,1041000.0
4443,Westmount,Condo,2,3,1055.0,1952.0,Non,Non,599000.0
4444,Centre-Ville,Maison,3,3,2392.0,1991.0,Non,Non,1142000.0
4445,Ahuntsic,Maison,4,2,2181.0,1977.0,Non,Non,845000.0
4446,Centre-Ville,Condo,2,1,2379.0,1993.0,Oui,Non,852000.0
4447,Ahuntsic,Maison,5,2,841.0,1964.0,Oui,Oui,592000.0
4448,Westmount,Maison,1,2,2675.0,1983.0,Non,Non,1381000.0
4449,Centre-Ville,Condo,3,2,940.0,2018.0,Oui,Non,646000.0
4450,Villeray,Duplex,2,1,2328.0,2009.0,Oui,Non,644000.0
4451,Rosemont,Condo,1,1,3293.0,1982.0,Oui,Oui,693000.0
4452,Verdun,Condo,1,1,1591.0,2000.0,Oui,Oui,468000.0
4453,Plateau,Duplex,1,1,2556.0,1995.0,Non,Oui,765000.0
4454,Outremont,Triplex,3,1,1396.0,2020.0,Oui,Non,923000.0
4455,Rosemont,Condo,2,2,1391.0,2009.0,Non,Non,467000.0
4456,Rosemont,Condo,4,2,3304.0,2001.0,Oui,Oui,846000.0
4457,Hochelaga,Triplex,5,2,1919.0,1971.0,Oui,Oui,617000.0
4458,Outremont,Condo,2,2,3191.0,1964.0,Non,Oui,1075000.0
4459,Villeray,Duplex,3,2,2487.0,1999.0,Oui,Oui,685000.0
4460,Rosemont,Condo,3,1,2492.0,2000.0,Non,Oui,633000.0
4461,Villeray,Triplex,4,2,3397.0,2021.0,Oui,Oui,960000.0
4462,Ahuntsic,Maison,2,1,2305.0,1950.0,Oui,Oui,796000.0
4463,Verdun,Condo,1,2,2477.0,1978.0,Non,Non,547000.0
4464,Villeray,Maison,2,2,517.0,1983.0,Oui,Non,381000.0
4465,Verdun,Duplex,2,3,1251.0,2002.0,Oui,Non,444000.0
4466,Hochelaga,Condo,4,2,3469.0,1952.0,Oui,Oui,678000.0
4467,NDG,Duplex,3,2,3022.0,1997.0,Oui,Oui,888000.0
4468,Hochelaga,Triplex,3,2,2347.0,1969.0,Oui,Oui,612000.0
4469,NDG,Triplex,2,1,2481.0,2014.0,Oui,Oui,823000.0
4470,Westmount,Condo,3,3,954.0,1956.0,Oui,Non,671000.0
4471,NDG,Maison,3,2,1588.0,1969.0,Oui,Non,723000.0
4472,Westmount,Maison,5,1,2130.0,1992.0,Oui,Non,1424000.0
4473,Ahuntsic,Condo,3,1,,2006.0,Oui,Oui,727000.0
4474,Plateau,Condo,1,2,842.0,1994.0,Oui,Oui,386000.0
4475,Hochelaga,Maison,1,2,2766.0,2021.0,Oui,Non,694000.0
4476,Outremont,Maison,2,1,2204.0,1956.0,Oui,Oui,1122000.0
4477,Verdun,Condo,3,1,1042.0,1996.0,Non,Oui,379000.0
4478,Outremont,Maison,2,2,1101.0,1950.0,Non,Non,702000.0
4479,NDG,Triplex,2,1,1381.0,2009.0,Oui,Oui,668000.0
4480,Verdun,Maison,2,3,3319.0,2023.0,Non,Oui,912000.0
4481,Ahuntsic,Maison,1,1,3443.0,2022.0,Non,Non,980000.0
4482,NDG,Duplex,3,1,3037.0,2004.0,Oui,Oui,885000.0
4483,Centre-Ville,Condo,3,1,3473.0,1989.0,Oui,Non,1065000.0
4484,Rosemont,Condo,2,2,3142.0,1952.0,Oui,Oui,717000.0
4485,Verdun,Maison,2,1,3410.0,1960.0,Oui,Non,845000.0
4486,Villeray,Maison,3,2,1089.0,1992.0,Non,Non,468000.0
4487,Plateau,Duplex,3,2,3294.0,1994.0,Oui,Non,1033000.0
4488,Hochelaga,Maison,2,3,3482.0,1957.0,Oui,Oui,845000.0
4489,NDG,Maison,2,2,,1988.0,Non,Non,909000.0
4490,Plateau,Condo,1,1,1584.0,1992.0,Non,Oui,529000.0
4491,Outremont,Maison,2,2,2501.0,1982.0,Oui,Non,1189000.0
4492,Westmount,Condo,1,1,1784.0,1978.0,Oui,Non,754000.0
4493,Villeray,Condo,1,1,1413.0,2019.0,Oui,Oui,410000.0
4494,NDG,Triplex,3,1,1353.0,1967.0,Oui,Non,623000.0
4495,Centre-Ville,Condo,3,2,918.0,1995.0,Oui,Oui,624000.0
4496,Westmount,Triplex,4,2,2755.0,1957.0,Oui,Non,1378000.0
4497,Centre-Ville,Maison,3,1,1954.0,1953.0,Oui,Non,1091000.0
4498,Westmount,Duplex,3,3,3167.0,1994.0,Oui,Oui,1361000.0
4499,Centre-Ville,Maison,4,2,1280.0,1964.0,Non,Non,883000.0
4500,Ahuntsic,Condo,2,1,3425.0,2002.0,Oui,Oui,781000.0
4501,Outremont,Duplex,1,3,3042.0,2016.0,Non,Non,1168000.0
4502,Plateau,Duplex,2,1,1032.0,2013.0,Oui,Oui,588000.0
4503,NDG,Duplex,2,2,2196.0,2010.0,Oui,Non,737000.0
4504,Villeray,Maison,1,2,1994.0,2005.0,Oui,Oui,691000.0
4505,Verdun,Condo,2,3,938.0,1971.0,Non,Oui,341000.0
4506,Westmount,Triplex,1,2,2074.0,2022.0,Non,Oui,1074000.0
4507,Rosemont,Triplex,3,2,875.0,1971.0,Oui,Oui,524000.0
4508,Westmount,Maison,3,2,3183.0,1993.0,Oui,Non,1645000.0
4509,Rosemont,Condo,2,1,793.0,2004.0,Oui,Oui,386000.0
4510,Verdun,Condo,4,1,,1992.0,Oui,Non,666000.0
4511,Hochelaga,Duplex,5,2,2777.0,1969.0,Oui,Non,637000.0
4512,Rosemont,Condo,2,2,3411.0,1970.0,Non,Oui,749000.0
4513,Hochelaga,Condo,3,1,2216.0,1958.0,Oui,Oui,493000.0
4514,Rosemont,Condo,3,2,3271.0,1958.0,Non,Non,731000.0
4515,Centre-Ville,Maison,3,2,2162.0,2021.0,Oui,Non,1145000.0
4516,Westmount,Maison,2,1,1952.0,1971.0,Non,Non,1091000.0
4517,Hochelaga,Condo,3,2,933.0,1993.0,Oui,Oui,330000.0
4518,Westmount,Maison,2,2,,2004.0,Oui,Oui,1007000.0
4519,Verdun,Maison,3,2,619.0,1984.0,Oui,Oui,425000.0
4520,Hochelaga,Condo,1,1,630.0,1976.0,Oui,Non,290000.0
4521,Plateau,Condo,3,1,3065.0,,Non,Non,831000.0
4522,Rosemont,Duplex,1,3,598.0,2010.0,Non,Oui,415000.0
4523,NDG,Condo,4,2,2884.0,1954.0,Non,Oui,771000.0
4524,Hochelaga,Duplex,3,2,3351.0,1961.0,Non,Non,661000.0
4525,Rosemont,Maison,2,2,931.0,1984.0,Oui,Non,545000.0
4526,Westmount,Maison,3,2,2845.0,1999.0,Non,Oui,1516000.0
4527,Centre-Ville,Maison,3,2,3475.0,1954.0,Non,Oui,1329000.0
4528,Outremont,Maison,4,1,1003.0,1952.0,Oui,Oui,898000.0
4529,Ahuntsic,Condo,2,2,3418.0,1977.0,Oui,Oui,818000.0
4530,Outremont,Condo,3,3,2014.0,1971.0,Non,Oui,780000.0
4531,Hochelaga,Maison,4,2,1194.0,1980.0,Oui,Non,544000.0
4532,Plateau,Maison,2,3,3305.0,2022.0,Non,Non,1210000.0
4533,Plateau,Condo,2,1,2106.0,1976.0,Oui,Oui,679000.0
4534,Villeray,Duplex,2,1,2784.0,1956.0,Oui,Oui,707000.0
4535,Villeray,Condo,2,1,1541.0,1970.0,Oui,Oui,435000.0
4536,NDG,Duplex,3,1,3348.0,1985.0,Oui,Oui,932000.0
4537,Verdun,Maison,4,3,2346.0,2006.0,Oui,Non,787000.0
4538,Centre-Ville,Condo,1,3,2296.0,1965.0,Oui,Non,770000.0
4539,Rosemont,Duplex,3,3,2459.0,1964.0,Oui,Oui,713000.0
4540,Verdun,Condo,2,2,3489.0,1990.0,Oui,Oui,701000.0
4541,Ahuntsic,Condo,2,2,580.0,1981.0,Non,Oui,357000.0
4542,Westmount,Condo,3,2,3034.0,2000.0,Non,Oui,1241000.0
4543,Verdun,Condo,2,1,2805.0,1968.0,Oui,Non,593000.0
4544,Outremont,Maison,5,2,531.0,1994.0,Non,Non,763000.0
4545,Hochelaga,Maison,3,2,3114.0,2009.0,Oui,Non,860000.0
4546,Villeray,Condo,2,1,2234.0,1953.0,Oui,Non,573000.0
4547,Plateau,Triplex,3,1,642.0,1962.0,Oui,Non,493000.0
4548,Hochelaga,Condo,1,1,579.0,1980.0,Oui,Oui,242000.0
4549,Hochelaga,Condo,3,2,2817.0,2020.0,Non,Non,633000.0
4550,Hochelaga,Condo,3,2,803.0,1997.0,Oui,Non,326000.0
4551,Villeray,Condo,5,2,1929.0,2021.0,Non,Non,635000.0
4552,Plateau,Condo,3,2,3165.0,1950.0,Non,Oui,859000.0
4553,Centre-Ville,Condo,1,1,1418.0,2011.0,Non,Non,601000.0
4554,Ahuntsic,Maison,3,2,3337.0,1973.0,Oui,Oui,1004000.0
4555,Outremont,Maison,2,2,3380.0,1988.0,Oui,Non,1404000.0
4556,Plateau,Maison,3,2,534.0,2015.0,Oui,Oui,602000.0
4557,Outremont,Maison,3,3,2848.0,2008.0,Oui,Oui,1416000.0
4558,Villeray,Condo,4,1,3401.0,1966.0,Non,Oui,750000.0
4559,Hochelaga,Condo,3,2,965.0,2013.0,Oui,Non,404000.0
4560,Outremont,Duplex,3,3,1750.0,1994.0,Oui,Oui,890000.0
4561,Hochelaga,Maison,1,3,2710.0,1951.0,Oui,Non,674000.0
4562,Verdun,Condo,5,1,1218.0,2000.0,Non,Non,467000.0
4563,Centre-Ville,Duplex,2,2,2218.0,2017.0,Oui,Oui,896000.0
4564,Hochelaga,Maison,4,2,2290.0,,Oui,Oui,710000.0
4565,Verdun,Condo,3,2,3342.0,1962.0,Oui,Non,753000.0
4566,Centre-Ville,Condo,2,1,2527.0,1988.0,Non,Oui,879000.0
4567,Ahuntsic,Triplex,4,1,697.0,1960.0,Non,Oui,501000.0
4568,Villeray,Maison,2,2,2024.0,2008.0,Oui,Non,665000.0
4569,Plateau,Duplex,4,2,1422.0,2013.0,Oui,Non,691000.0
4570,Plateau,Condo,1,3,2136.0,1950.0,Non,Oui,618000.0
4571,Centre-Ville,Duplex,3,1,2929.0,2012.0,Oui,Non,1124000.0
4572,Rosemont,Duplex,2,2,2201.0,1965.0,Oui,Oui,640000.0
4573,NDG,Condo,2,1,2151.0,,Non,Oui,628000.0
4574,NDG,Maison,2,1,3414.0,2001.0,Non,Oui,1076000.0
4575,Plateau,Condo,3,2,571.0,1952.0,Oui,Non,406000.0
4576,Villeray,Condo,5,2,1092.0,1958.0,Non,Non,439000.0
4577,Rosemont,Duplex,1,3,3409.0,1975.0,Oui,Oui,823000.0
4578,NDG,Maison,3,1,2413.0,1960.0,Oui,Non,954000.0
4579,Ahuntsic,Condo,4,2,1321.0,2000.0,Non,Oui,485000.0
4580,Verdun,Duplex,3,3,1391.0,1994.0,Oui,Oui,501000.0
4581,Westmount,Condo,3,1,,1978.0,Non,Non,738000.0
4582,Westmount,Triplex,2,2,923.0,1971.0,Non,Non,700000.0
4583,Hochelaga,Condo,3,3,1032.0,1977.0,Non,Oui,343000.0
4584,Verdun,Triplex,2,1,1357.0,1998.0,Oui,Oui,572000.0
4585,Outremont,Condo,3,1,865.0,2010.0,Oui,Non,668000.0
4586,Centre-Ville,Duplex,4,1,2376.0,1989.0,Oui,Non,1010000.0
4587,NDG,Condo,3,2,645.0,1964.0,Non,Oui,369000.0
4588,Outremont,Triplex,1,1,897.0,2016.0,Non,Oui,645000.0
4589,Ahuntsic,Duplex,3,2,1501.0,2012.0,Oui,Oui,589000.0
4590,Outremont,Condo,2,2,669.0,2010.0,Oui,Non,530000.0
4591,NDG,Maison,4,1,2985.0,2017.0,Non,Oui,1159000.0
4592,Hochelaga,Condo,3,1,3074.0,1996.0,Non,Non,578000.0
4593,Rosemont,Condo,3,2,2806.0,1988.0,Oui,Oui,725000.0
4594,NDG,Duplex,3,2,2282.0,1998.0,Oui,Non,761000.0
4595,NDG,Condo,5,2,2809.0,1969.0,Oui,Oui,835000.0
4596,Plateau,Maison,4,2,2500.0,2020.0,Non,Oui,1104000.0
4597,Verdun,Maison,3,1,2544.0,1990.0,Non,Non,770000.0
4598,NDG,Duplex,2,2,2808.0,2005.0,Oui,Oui,866000.0
4599,Verdun,Condo,4,1,3345.0,1977.0,Non,Oui,745000.0
4600,Outremont,Condo,3,2,3099.0,1959.0,Non,Oui,1072000.0
4601,Hochelaga,Condo,3,2,2646.0,2018.0,Oui,Oui,551000.0
4602,Outremont,Maison,3,2,3362.0,1977.0,Oui,Non,1558000.0
4603,Plateau,Maison,3,2,2657.0,2022.0,Non,Non,1080000.0
4604,Hochelaga,Condo,1,2,2136.0,1952.0,Non,Non,406000.0
4605,NDG,Maison,3,2,1282.0,1956.0,Oui,Non,640000.0
4606,Verdun,Condo,4,3,1778.0,1969.0,Oui,Non,498000.0
4607,Ahuntsic,Duplex,2,2,3477.0,2014.0,Oui,Oui,877000.0
4608,NDG,Maison,2,2,1926.0,1971.0,Oui,Oui,695000.0
4609,Hochelaga,Maison,1,1,2212.0,2010.0,Non,Non,649000.0
4610,NDG,Maison,3,1,2043.0,1978.0,Oui,Oui,883000.0
4611,Outremont,Maison,2,2,2689.0,1984.0,Oui,Non,1301000.0
4612,NDG,Maison,3,1,932.0,2008.0,Non,Non,604000.0
4613,Outremont,Maison,4,2,2943.0,2010.0,Oui,Oui,1530000.0
4614,Villeray,Maison,4,1,788.0,1964.0,Oui,Non,529000.0
4615,Ahuntsic,Duplex,1,1,1812.0,1957.0,Oui,Oui,553000.0
4616,Villeray,Condo,4,2,1224.0,1985.0,Oui,Non,440000.0
4617,Ahuntsic,Triplex,3,2,2537.0,1988.0,Non,Non,805000.0
4618,Outremont,Duplex,2,2,3438.0,1985.0,Oui,Oui,1270000.0
4619,Plateau,Maison,2,1,1962.0,1973.0,Oui,Non,870000.0
4620,Outremont,Condo,3,1,1538.0,1974.0,Oui,Oui,746000.0
4621,Outremont,Triplex,1,1,1835.0,2016.0,Oui,Non,895000.0
4622,Ahuntsic,Maison,2,3,1222.0,2019.0,Oui,Oui,619000.0
4623,Westmount,Maison,4,2,1299.0,1993.0,Oui,Oui,1142000.0
4624,Westmount,Duplex,3,1,3457.0,2023.0,Oui,Oui,1528000.0
4625,Rosemont,Condo,2,2,2567.0,2020.0,Non,Non,606000.0
4626,Verdun,Condo,4,1,1877.0,1994.0,Non,Non,492000.0
4627,Westmount,Duplex,3,1,1479.0,2011.0,Oui,Oui,949000.0
4628,Westmount,Condo,1,1,2173.0,1979.0,Non,Oui,874000.0
4629,Ahuntsic,Maison,5,1,1978.0,2008.0,Oui,Oui,870000.0
4630,Plateau,Maison,4,2,3126.0,1971.0,Oui,Non,1274000.0
4631,Hochelaga,Condo,1,3,2442.0,1997.0,Oui,Oui,541000.0
4632,Villeray,Triplex,4,1,2262.0,1996.0,Oui,Non,745000.0
4633,Rosemont,Condo,4,3,1604.0,2010.0,Oui,Non,545000.0
4634,Plateau,Condo,3,2,2376.0,1974.0,Oui,Oui,777000.0
4635,Ahuntsic,Triplex,2,2,939.0,1969.0,Oui,Non,459000.0
4636,Outremont,Condo,3,1,1425.0,2002.0,Oui,Non,738000.0
4637,Westmount,Condo,3,1,1142.0,1964.0,Oui,Non,723000.0
4638,Ahuntsic,Condo,2,2,2421.0,1963.0,Oui,Non,581000.0
4639,Rosemont,Duplex,2,3,2060.0,2023.0,Oui,Non,587000.0
4640,Outremont,Condo,3,1,1274.0,2012.0,Oui,Non,657000.0
4641,Westmount,Duplex,3,2,2358.0,2015.0,Non,Oui,1188000.0
4642,Hochelaga,Condo,2,2,1414.0,1972.0,Oui,Non,378000.0
4643,Hochelaga,Maison,2,1,2281.0,2009.0,Non,Oui,683000.0
4644,Westmount,Maison,3,2,2916.0,1953.0,Oui,Oui,1567000.0
4645,NDG,Condo,2,2,1930.0,1964.0,Oui,Non,637000.0
4646,Hochelaga,Maison,2,1,2483.0,1998.0,Oui,Oui,702000.0
4647,Villeray,Condo,3,1,1226.0,1993.0,Non,Non,409000.0
4648,Verdun,Condo,2,1,1256.0,1964.0,Oui,Oui,368000.0
4649,Villeray,Duplex,3,2,1467.0,1978.0,Non,Oui,503000.0
4650,NDG,Duplex,4,3,3275.0,2002.0,Non,Oui,986000.0
4651,Hochelaga,Maison,5,2,3178.0,1956.0,Oui,Oui,876000.0
4652,Verdun,Duplex,3,2,2404.0,1971.0,Non,Oui,646000.0
4653,Rosemont,Maison,3,3,1085.0,1953.0,Oui,Non,574000.0
4654,NDG,Condo,2,3,2551.0,,Oui,Oui,755000.0
4655,Outremont,Duplex,3,2,1856.0,2018.0,Non,Non,906000.0
4656,Rosemont,Condo,2,2,783.0,1961.0,Oui,Non,358000.0
4657,Plateau,Maison,3,2,947.0,2008.0,Oui,Non,698000.0
4658,Centre-Ville,Maison,4,1,1413.0,1990.0,Oui,Non,1007000.0
4659,Rosemont,Maison,2,1,1145.0,,Non,Oui,550000.0
4660,Rosemont,Maison,3,2,1360.0,2007.0,Oui,Oui,658000.0
4661,Outremont,Condo,2,3,3042.0,2017.0,Oui,Oui,1071000.0
4662,Rosemont,Maison,1,2,2958.0,1976.0,Oui,Non,870000.0
4663,Hochelaga,Maison,1,1,3486.0,2015.0,Non,Non,770000.0
4664,Centre-Ville,Condo,2,2,3406.0,1989.0,Oui,Non,1059000.0
4665,Centre-Ville,Duplex,2,2,2103.0,1985.0,Non,Non,786000.0
4666,Centre-Ville,Maison,2,2,2771.0,1968.0,Oui,Oui,1182000.0
4667,Verdun,Duplex,3,2,1362.0,1957.0,Oui,Oui,472000.0
4668,Westmount,Condo,1,2,2552.0,1975.0,Oui,Oui,1022000.0
4669,Rosemont,Duplex,1,2,2596.0,2019.0,Oui,Oui,721000.0
4670,Ahuntsic,Condo,2,1,1181.0,1965.0,Non,Non,448000.0
4671,Plateau,Triplex,2,1,1334.0,1993.0,Non,Oui,665000.0
4672,Verdun,Duplex,3,3,1701.0,1996.0,Oui,Non,540000.0
4673,Verdun,Maison,1,1,1024.0,2010.0,Oui,Oui,433000.0
4674,Verdun,Condo,4,2,1801.0,1973.0,Oui,Oui,521000.0
4675,Verdun,Maison,2,2,1315.0,1955.0,Oui,Non,545000.0
4676,Centre-Ville,Triplex,1,1,2054.0,2016.0,Oui,Oui,886000.0
4677,Rosemont,Condo,5,2,3394.0,1976.0,Non,Oui,851000.0
4678,NDG,Condo,4,1,1058.0,2011.0,Oui,Non,531000.0
4679,Hochelaga,Condo,1,2,707.0,2017.0,Oui,Oui,286000.0
4680,Ahuntsic,Maison,2,1,937.0,1956.0,Oui,Oui,512000.0
4681,Hochelaga,Maison,3,1,3129.0,1956.0,Oui,Non,784000.0
4682,NDG,Duplex,3,1,3104.0,2015.0,Non,Non,862000.0
4683,Outremont,Condo,5,3,2488.0,1992.0,Non,Non,931000.0
4684,Centre-Ville,Condo,3,1,1275.0,2005.0,Oui,Non,691000.0
4685,Outremont,Condo,3,2,3412.0,2003.0,Oui,Oui,1182000.0
4686,Rosemont,Condo,1,2,3170.0,1997.0,Oui,Oui,726000.0
4687,Centre-Ville,Maison,2,1,3242.0,1991.0,Oui,Oui,1371000.0
4688,Hochelaga,Condo,4,1,885.0,2014.0,Oui,Non,386000.0
4689,Ahuntsic,Maison,2,2,966.0,1967.0,Oui,Oui,600000.0
4690,Outremont,Maison,1,1,2220.0,1968.0,Oui,Non,1067000.0
4691,Ahuntsic,Condo,3,3,2152.0,1994.0,Oui,Oui,649000.0
4692,Hochelaga,Triplex,1,2,2232.0,1969.0,Oui,Non,524000.0
4693,Centre-Ville,Condo,2,1,1209.0,1979.0,Non,Oui,592000.0
4694,Hochelaga,Maison,1,1,3432.0,1956.0,Non,Oui,841000.0
4695,Ahuntsic,Maison,2,2,3095.0,1972.0,Non,Oui,949000.0
4696,Centre-Ville,Maison,4,1,1351.0,1964.0,Non,Non,877000.0
4697,Ahuntsic,Maison,2,2,3229.0,1984.0,Non,Oui,969000.0
4698,Villeray,Triplex,2,2,1096.0,2023.0,Oui,Oui,440000.0
4699,Outremont,Condo,2,2,3114.0,1973.0,Oui,Oui,1020000.0
4700,Hochelaga,Maison,1,2,,2016.0,Oui,Oui,837000.0
4701,Ahuntsic,Condo,3,1,3028.0,1998.0,Oui,Oui,767000.0
4702,Verdun,Duplex,1,2,956.0,1994.0,Non,Oui,382000.0
4703,NDG,Duplex,2,3,2826.0,1965.0,Oui,Oui,794000.0
4704,Rosemont,Maison,2,1,2375.0,2003.0,Oui,Oui,840000.0
4705,Villeray,Maison,4,1,2583.0,1977.0,Non,Oui,875000.0
4706,Hochelaga,Condo,1,1,3038.0,2021.0,Oui,Oui,526000.0
4707,Plateau,Duplex,3,2,1961.0,2003.0,Oui,Oui,771000.0
4708,Outremont,Triplex,2,1,508.0,2020.0,Non,Non,577000.0
4709,Outremont,Maison,3,2,1631.0,1985.0,Oui,Oui,1046000.0
4710,Outremont,Condo,2,2,2011.0,2006.0,Oui,Oui,800000.0
4711,Westmount,Condo,1,2,2269.0,2001.0,Oui,Oui,920000.0
4712,Plateau,Duplex,1,2,1236.0,1980.0,Oui,Non,548000.0
4713,Centre-Ville,Condo,5,2,1975.0,1979.0,Oui,Non,849000.0
4714,Hochelaga,Condo,5,2,1731.0,1988.0,Oui,Oui,521000.0
4715,Centre-Ville,Maison,2,1,579.0,1972.0,Oui,Non,616000.0
4716,Plateau,Maison,1,1,2935.0,2001.0,Oui,Oui,1093000.0
4717,NDG,Condo,3,1,803.0,1965.0,Non,Non,381000.0
4718,Outremont,Duplex,3,2,2440.0,1970.0,Oui,Non,1072000.0
4719,Outremont,Condo,3,2,2258.0,1962.0,Oui,Non,893000.0
4720,Ahuntsic,Condo,4,1,1612.0,2022.0,Oui,Oui,609000.0
4721,Plateau,Duplex,2,3,1220.0,2019.0,Oui,Oui,563000.0
4722,Hochelaga,Maison,2,1,2647.0,2009.0,Oui,Non,713000.0
4723,Westmount,Maison,1,2,3498.0,1971.0,Oui,Oui,1628000.0
4724,Plateau,Maison,2,1,1850.0,1969.0,Oui,Oui,849000.0
4725,Plateau,Maison,3,1,3330.0,1991.0,Oui,Non,1267000.0
4726,Centre-Ville,Maison,2,2,2686.0,2009.0,Non,Non,1170000.0
4727,Centre-Ville,Condo,3,2,789.0,1988.0,Oui,Oui,518000.0
4728,Outremont,Triplex,3,2,509.0,1957.0,Oui,Oui,570000.0
4729,Villeray,Condo,3,2,1915.0,1961.0,Non,Oui,491000.0
4730,NDG,Condo,3,2,2820.0,2010.0,Oui,Oui,810000.0
4731,Hochelaga,Condo,4,1,2916.0,1977.0,Oui,Oui,629000.0
4732,Westmount,Maison,3,1,3218.0,1992.0,Non,Non,1634000.0
4733,Plateau,Duplex,3,1,1812.0,1965.0,Oui,Oui,746000.0
4734,Plateau,Maison,4,1,2796.0,1979.0,Non,Non,1173000.0
4735,Centre-Ville,Condo,3,1,3302.0,1996.0,Oui,Oui,1129000.0
4736,Outremont,Maison,2,2,1969.0,2003.0,Non,Oui,1104000.0
4737,Villeray,Condo,2,2,761.0,2019.0,Oui,Oui,379000.0
4738,Westmount,Condo,3,1,1711.0,1994.0,Non,Oui,859000.0
4739,Rosemont,Condo,4,1,2531.0,2006.0,Oui,Oui,768000.0
4740,Plateau,Maison,2,2,648.0,1974.0,Non,Oui,571000.0
4741,Hochelaga,Maison,2,1,828.0,2005.0,Oui,Oui,438000.0
4742,Villeray,Maison,2,2,1264.0,2010.0,Oui,Oui,529000.0
4743,Verdun,Maison,2,2,2349.0,1979.0,Non,Oui,742000.0
4744,Westmount,Triplex,3,3,772.0,1991.0,Non,Oui,819000.0
4745,Centre-Ville,Condo,1,1,635.0,1986.0,Non,Non,415000.0
4746,Centre-Ville,Condo,1,1,950.0,1972.0,Non,Oui,437000.0
4747,Rosemont,Condo,5,1,1135.0,1975.0,Non,Oui,487000.0
4748,Plateau,Condo,2,2,2683.0,1951.0,Oui,Oui,775000.0
4749,Rosemont,Condo,2,1,3277.0,2017.0,Oui,Oui,802000.0
4750,Villeray,Maison,3,2,1108.0,1988.0,Oui,Non,545000.0
4751,Westmount,Maison,4,1,3157.0,1989.0,Non,Oui,1676000.0
4752,Centre-Ville,Duplex,2,2,1622.0,1985.0,Oui,Non,683000.0
4753,Centre-Ville,Condo,4,2,1594.0,1971.0,Oui,Oui,812000.0
4754,Rosemont,Triplex,2,3,1608.0,2020.0,Oui,Oui,635000.0
4755,Villeray,Condo,3,1,2198.0,1973.0,Oui,Oui,535000.0
4756,Westmount,Triplex,3,1,3160.0,1966.0,Oui,Oui,1450000.0
4757,Rosemont,Condo,2,1,958.0,1980.0,Non,Oui,373000.0
4758,Rosemont,Condo,3,1,3002.0,1985.0,Oui,Non,775000.0
4759,Ahuntsic,Maison,3,2,2666.0,1954.0,Oui,Oui,860000.0
4760,Rosemont,Condo,3,1,1345.0,1991.0,Non,Non,498000.0
4761,Rosemont,Triplex,2,2,3446.0,1980.0,Non,Non,886000.0
4762,Rosemont,Condo,3,3,2578.0,1983.0,Oui,Oui,676000.0
4763,Rosemont,Maison,2,2,2880.0,1977.0,Non,Oui,923000.0
4764,Verdun,Maison,2,1,3325.0,2018.0,Oui,Non,886000.0
4765,Outremont,Duplex,1,2,2158.0,1974.0,Oui,Non,896000.0
4766,Plateau,Condo,5,2,2214.0,2012.0,Oui,Non,818000.0
4767,Rosemont,Triplex,3,2,2024.0,1986.0,Non,Oui,717000.0
4768,Outremont,Condo,3,1,663.0,1973.0,Oui,Oui,559000.0
4769,Villeray,Duplex,3,1,3287.0,2009.0,Oui,Non,809000.0
4770,Verdun,Triplex,3,1,2793.0,1957.0,Oui,Non,755000.0
4771,Verdun,Condo,4,2,1882.0,2019.0,Non,Non,494000.0
4772,Hochelaga,Condo,1,2,718.0,1996.0,Oui,Oui,280000.0
4773,Ahuntsic,Duplex,1,2,,2004.0,Oui,Oui,436000.0
4774,Outremont,Condo,2,3,2985.0,1963.0,Oui,Non,992000.0
4775,Westmount,Condo,4,1,1305.0,1955.0,Oui,Oui,817000.0
4776,Plateau,Condo,2,1,3254.0,1963.0,Oui,Oui,833000.0
4777,NDG,Maison,3,1,599.0,1996.0,Oui,Non,628000.0
4778,Verdun,Condo,2,1,1666.0,1980.0,Oui,Oui,409000.0
4779,Villeray,Condo,5,3,3069.0,1967.0,Oui,Oui,723000.0
4780,Hochelaga,Condo,4,2,1759.0,2009.0,Oui,Oui,471000.0
4781,Westmount,Maison,2,2,1356.0,1989.0,Non,Non,949000.0
4782,Outremont,Duplex,4,2,1435.0,1982.0,Oui,Oui,836000.0
4783,Ahuntsic,Duplex,3,2,2035.0,2001.0,Non,Oui,654000.0
4784,Plateau,Duplex,1,3,1314.0,1973.0,Oui,Oui,531000.0
4785,NDG,Condo,3,2,817.0,,Oui,Non,409000.0
4786,Centre-Ville,Condo,3,2,2340.0,1969.0,Oui,Non,771000.0
4787,Villeray,Maison,2,1,753.0,1981.0,Oui,Oui,418000.0
4788,Plateau,Duplex,1,1,3256.0,1966.0,Oui,Oui,937000.0
4789,Outremont,Duplex,4,2,1709.0,1957.0,Non,Oui,927000.0
4790,Rosemont,Duplex,2,2,1198.0,1986.0,Oui,Oui,464000.0
4791,Verdun,Maison,4,2,3409.0,1969.0,Non,Non,983000.0
4792,Westmount,Duplex,3,2,3347.0,1961.0,Non,Oui,1381000.0
4793,Plateau,Maison,1,2,2693.0,1983.0,Oui,Oui,979000.0
4794,Centre-Ville,Condo,4,1,560.0,1968.0,Oui,Oui,530000.0
4795,Outremont,Condo,2,1,846.0,2014.0,Oui,Oui,556000.0
4796,Ahuntsic,Maison,2,1,1632.0,1961.0,Oui,Oui,632000.0
4797,Villeray,Condo,2,2,2959.0,2008.0,Oui,Non,623000.0
4798,Ahuntsic,Maison,1,2,3335.0,1988.0,Oui,Oui,973000.0
4799,Ahuntsic,Condo,4,1,1171.0,1985.0,Non,Non,437000.0
4800,Centre-Ville,Maison,3,1,2250.0,1986.0,Oui,Non,1126000.0
4801,Ahuntsic,Maison,2,2,1270.0,1977.0,Oui,Oui,577000.0
4802,Ahuntsic,Condo,2,2,1654.0,1982.0,Oui,Oui,519000.0
4803,Rosemont,Maison,5,1,2525.0,,Oui,Oui,1003000.0
4804,NDG,Maison,4,1,2522.0,1972.0,Oui,Oui,1011000.0
4805,Ahuntsic,Maison,5,1,3268.0,2001.0,Non,Oui,1036000.0
4806,Centre-Ville,Duplex,2,3,2195.0,2002.0,Non,Oui,866000.0
4807,Ahuntsic,Maison,3,1,978.0,2022.0,Non,Oui,570000.0
4808,Verdun,Triplex,2,1,865.0,1975.0,Non,Non,400000.0
4809,NDG,Condo,1,1,1452.0,2004.0,Oui,Non,473000.0
4810,Hochelaga,Triplex,4,2,1132.0,2014.0,Oui,Non,490000.0
4811,Westmount,Maison,2,3,2798.0,1989.0,Oui,Non,1462000.0
4812,Ahuntsic,Duplex,4,2,1027.0,1973.0,Oui,Oui,545000.0
4813,Rosemont,Duplex,2,1,3291.0,2013.0,Oui,Oui,837000.0
4814,NDG,Maison,1,1,1219.0,1983.0,Non,Oui,512000.0
4815,Outremont,Maison,1,2,2889.0,1972.0,Oui,Oui,1292000.0
4816,Hochelaga,Condo,3,2,2494.0,2012.0,Non,Oui,543000.0
4817,Ahuntsic,Maison,3,1,3453.0,1967.0,Oui,Non,1026000.0
4818,Hochelaga,Maison,5,1,548.0,2006.0,Oui,Oui,455000.0
4819,Westmount,Condo,2,3,3286.0,1971.0,Oui,Oui,1220000.0
4820,Centre-Ville,Condo,4,2,1208.0,1953.0,Oui,Oui,649000.0
4821,Rosemont,Condo,2,3,2015.0,1955.0,Oui,Non,594000.0
4822,Plateau,Maison,2,1,3331.0,1951.0,Oui,Oui,1194000.0
4823,Ahuntsic,Maison,1,1,2682.0,1959.0,Oui,Oui,831000.0
4824,Westmount,Duplex,3,3,1932.0,1991.0,Oui,Non,1071000.0
4825,Ahuntsic,Maison,2,1,,2002.0,Oui,Non,522000.0
4826,Outremont,Maison,3,2,998.0,1990.0,Oui,Non,824000.0
4827,Centre-Ville,Maison,2,2,1163.0,2000.0,Non,Oui,747000.0
4828,Verdun,Duplex,3,1,3495.0,1972.0,Oui,Oui,845000.0
4829,Ahuntsic,Duplex,3,2,2853.0,2014.0,Oui,Oui,791000.0
4830,Ahuntsic,Condo,4,2,1654.0,2001.0,Non,Oui,594000.0
4831,Plateau,Maison,2,2,1334.0,2000.0,Non,Non,720000.0
4832,Outremont,Maison,2,2,1558.0,1981.0,Oui,Oui,963000.0
4833,Rosemont,Duplex,2,2,2327.0,2005.0,Oui,Oui,701000.0
4834,Verdun,Condo,5,1,2028.0,1984.0,Oui,Oui,581000.0
4835,Verdun,Condo,3,1,1255.0,1961.0,Oui,Oui,424000.0
4836,Hochelaga,Duplex,3,1,,1985.0,Non,Oui,669000.0
4837,Plateau,Maison,5,2,1122.0,2007.0,Oui,Non,819000.0
4838,Verdun,Duplex,5,1,2854.0,2019.0,Oui,Oui,771000.0
4839,Rosemont,Duplex,4,1,3313.0,1989.0,Non,Non,893000.0
4840,Centre-Ville,Maison,3,2,3348.0,1994.0,Oui,Oui,1479000.0
4841,Centre-Ville,Condo,3,2,650.0,1991.0,Oui,Oui,539000.0
4842,Hochelaga,Condo,2,1,920.0,1981.0,Oui,Oui,371000.0
4843,Plateau,Maison,4,1,3142.0,2010.0,Oui,Non,1282000.0
4844,Ahuntsic,Condo,4,2,1791.0,1989.0,Oui,Non,626000.0
4845,Ahuntsic,Maison,3,2,3285.0,2016.0,Non,Non,1017000.0
4846,Outremont,Maison,1,3,1440.0,2003.0,Non,Oui,821000.0
4847,NDG,Duplex,2,3,609.0,1973.0,Oui,Oui,454000.0
4848,Verdun,Condo,4,1,962.0,2020.0,Oui,Oui,470000.0
4849,Outremont,Condo,4,2,1343.0,2022.0,Oui,Oui,794000.0
4850,Outremont,Condo,1,2,3105.0,2022.0,Oui,Oui,996000.0
4851,Centre-Ville,Maison,5,2,960.0,2017.0,Non,Oui,907000.0
4852,Verdun,Condo,1,2,1958.0,1987.0,Oui,Oui,467000.0
4853,Ahuntsic,Condo,1,2,2711.0,1985.0,Oui,Oui,663000.0
4854,Hochelaga,Maison,2,1,2540.0,1952.0,Non,Oui,687000.0
4855,Villeray,Duplex,4,2,3339.0,,Oui,Oui,801000.0
4856,NDG,Condo,1,1,2033.0,1990.0,Non,Non,536000.0
4857,Hochelaga,Triplex,1,1,3430.0,2020.0,Oui,Non,723000.0
4858,Hochelaga,Maison,3,2,2697.0,2023.0,Oui,Non,750000.0
4859,Rosemont,Triplex,2,3,856.0,1953.0,Oui,Non,448000.0
4860,Villeray,Duplex,5,2,1854.0,2012.0,Oui,Non,631000.0
4861,Westmount,Condo,1,2,2227.0,2017.0,Oui,Non,881000.0
4862,Verdun,Duplex,1,1,2667.0,1974.0,Oui,Oui,672000.0
4863,Centre-Ville,Duplex,2,2,1241.0,2003.0,Oui,Non,634000.0
4864,NDG,Triplex,1,1,2654.0,2015.0,Non,Oui,808000.0
4865,Ahuntsic,Condo,1,2,2478.0,1976.0,Oui,Non,576000.0
4866,Villeray,Duplex,5,2,2199.0,2015.0,Oui,Oui,680000.0
4867,NDG,Condo,4,1,1350.0,,Non,Oui,548000.0
4868,Hochelaga,Duplex,3,2,3276.0,1971.0,Non,Oui,690000.0
4869,Plateau,Condo,1,3,686.0,2019.0,Oui,Oui,412000.0
4870,Centre-Ville,Triplex,4,3,3146.0,1963.0,Oui,Oui,1261000.0
4871,Outremont,Condo,2,1,900.0,1994.0,Oui,Oui,568000.0
4872,Plateau,Maison,3,2,1466.0,2003.0,Oui,Oui,803000.0
4873,Rosemont,Condo,3,2,1487.0,2020.0,Oui,Non,483000.0
4874,Westmount,Triplex,4,3,874.0,1975.0,Oui,Non,830000.0
4875,NDG,Maison,5,1,1582.0,1991.0,Oui,Non,826000.0
4876,Westmount,Condo,4,2,3201.0,1970.0,Oui,Non,1265000.0
4877,Centre-Ville,Maison,3,3,1538.0,1969.0,Non,Non,969000.0
4878,Hochelaga,Triplex,2,2,1356.0,2011.0,Non,Oui,487000.0
4879,Westmount,Condo,4,2,908.0,2011.0,Oui,Oui,795000.0
4880,Verdun,Condo,2,1,1601.0,2018.0,Oui,Oui,458000.0
4881,Plateau,Triplex,3,1,2461.0,,Non,Non,951000.0
4882,Plateau,Triplex,5,3,3296.0,2010.0,Oui,Oui,1245000.0
4883,Ahuntsic,Maison,4,1,3295.0,1982.0,Oui,Non,1082000.0
4884,Rosemont,Maison,3,3,2172.0,1974.0,Non,Oui,805000.0
4885,Outremont,Duplex,1,2,2820.0,,Oui,Non,1053000.0
4886,Rosemont,Triplex,3,2,1682.0,1984.0,Non,Oui,652000.0
4887,Plateau,Triplex,3,2,1940.0,1991.0,Oui,Non,836000.0
4888,Westmount,Maison,3,2,1644.0,2013.0,Oui,Oui,1231000.0
4889,Verdun,Condo,3,1,1305.0,2023.0,Non,Non,435000.0
4890,Centre-Ville,Maison,2,3,3257.0,2023.0,Oui,Oui,1326000.0
4891,NDG,Condo,1,2,2701.0,1995.0,Non,Oui,690000.0
4892,Verdun,Maison,2,2,2515.0,1966.0,Oui,Non,686000.0
4893,NDG,Condo,3,3,,2012.0,Non,Oui,412000.0
4894,NDG,Condo,1,1,906.0,1985.0,Oui,Oui,412000.0
4895,Hochelaga,Triplex,3,2,880.0,1990.0,Oui,Non,426000.0
4896,Villeray,Maison,2,1,2213.0,1957.0,Oui,Oui,682000.0
4897,NDG,Maison,2,2,2141.0,2004.0,Non,Oui,786000.0
4898,Villeray,Condo,3,1,2238.0,2011.0,Oui,Non,536000.0
4899,Verdun,Maison,2,2,1700.0,2021.0,Oui,Non,567000.0
4900,Plateau,Duplex,4,1,3229.0,1979.0,Oui,Non,993000.0
4901,Westmount,Triplex,4,3,2186.0,1975.0,Oui,Non,1239000.0
4902,Verdun,Maison,4,3,2129.0,1954.0,Non,Non,720000.0
4903,NDG,Duplex,4,2,934.0,1961.0,Oui,Oui,561000.0
4904,Villeray,Duplex,3,1,3098.0,1996.0,Oui,Oui,753000.0
4905,NDG,Condo,2,2,1538.0,1976.0,Oui,Oui,540000.0
4906,Centre-Ville,Condo,2,1,1206.0,1964.0,Non,Oui,563000.0
4907,Plateau,Triplex,4,2,2107.0,1998.0,Oui,Oui,989000.0
4908,NDG,Triplex,2,2,,1995.0,Oui,Oui,776000.0
4909,Outremont,Condo,3,1,1383.0,1998.0,Oui,Oui,796000.0
4910,Villeray,Triplex,2,2,2595.0,1962.0,Non,Oui,667000.0
4911,Westmount,Maison,3,1,3234.0,1982.0,Non,Oui,1668000.0
4912,Hochelaga,Condo,4,2,3105.0,1990.0,Non,Oui,609000.0
4913,NDG,Duplex,2,1,1053.0,1951.0,Oui,Non,456000.0
4914,Centre-Ville,Maison,2,1,2841.0,1959.0,Oui,Oui,1225000.0
4915,Centre-Ville,Maison,1,2,2724.0,1955.0,Non,Non,1055000.0
4916,Ahuntsic,Maison,2,2,1129.0,1966.0,Non,Oui,538000.0
4917,Centre-Ville,Triplex,3,2,954.0,1990.0,Oui,Oui,734000.0
4918,Rosemont,Condo,3,2,2378.0,1966.0,Non,Oui,555000.0
4919,Westmount,Condo,2,1,3052.0,2005.0,Oui,Non,1135000.0
4920,Verdun,Condo,2,2,2852.0,1992.0,Non,Oui,589000.0
4921,NDG,Triplex,2,2,1750.0,2005.0,Non,Oui,755000.0
4922,Rosemont,Maison,3,1,3206.0,,Non,Oui,972000.0
4923,Centre-Ville,Triplex,2,1,1512.0,2020.0,Oui,Oui,848000.0
4924,Rosemont,Maison,2,1,1782.0,1957.0,Oui,Oui,716000.0
4925,Outremont,Duplex,3,1,3164.0,2021.0,Oui,Oui,1244000.0
4926,NDG,Maison,2,1,583.0,1965.0,Oui,Non,458000.0
4927,Centre-Ville,Maison,3,2,1388.0,2023.0,Oui,Non,930000.0
4928,Westmount,Condo,1,2,1312.0,1953.0,Non,Oui,624000.0
4929,Ahuntsic,Condo,3,3,2837.0,1973.0,Oui,Non,719000.0
4930,Hochelaga,Condo,2,1,925.0,1987.0,Oui,Non,348000.0
4931,Ahuntsic,Triplex,3,1,584.0,2015.0,Non,Oui,469000.0
4932,Plateau,Condo,2,1,3046.0,2020.0,Oui,Oui,897000.0
4933,Centre-Ville,Maison,2,2,2116.0,1952.0,Oui,Oui,1046000.0
4934,Ahuntsic,Triplex,3,1,3410.0,1968.0,Oui,Oui,939000.0
4935,Centre-Ville,Condo,2,1,1617.0,1958.0,Non,Oui,582000.0
4936,Outremont,Duplex,2,2,2711.0,1982.0,Oui,Non,983000.0
4937,Outremont,Condo,2,1,2737.0,1978.0,Oui,Oui,987000.0
4938,Ahuntsic,Maison,2,2,,1979.0,Oui,Oui,881000.0
4939,Centre-Ville,Condo,1,3,2955.0,2000.0,Non,Non,886000.0
4940,Verdun,Maison,3,1,1612.0,1968.0,Non,Oui,648000.0
4941,Hochelaga,Condo,3,3,2300.0,2017.0,Non,Non,499000.0
4942,Villeray,Duplex,3,2,1772.0,1968.0,Non,Oui,527000.0
4943,Hochelaga,Condo,2,1,1178.0,1972.0,Oui,Oui,342000.0
4944,Ahuntsic,Duplex,2,1,3260.0,2012.0,Non,Oui,805000.0
4945,Hochelaga,Condo,3,2,2593.0,1980.0,Oui,Oui,538000.0
4946,Verdun,Condo,2,1,597.0,1961.0,Oui,Non,336000.0
4947,Westmount,Condo,3,2,2566.0,2016.0,Oui,Non,1083000.0
4948,Plateau,Duplex,4,3,2696.0,1992.0,Non,Oui,944000.0
4949,Verdun,Triplex,1,3,3059.0,1991.0,Oui,Non,779000.0
4950,Outremont,Condo,2,2,2395.0,2000.0,Oui,Non,931000.0
4951,Centre-Ville,Maison,4,1,3438.0,1987.0,Oui,Non,1546000.0
4952,Plateau,Triplex,4,3,654.0,1955.0,Oui,Oui,578000.0
4953,Westmount,Maison,3,1,1609.0,2003.0,Non,Oui,1164000.0
4954,NDG,Maison,1,2,1144.0,1997.0,Non,Non,568000.0
4955,Verdun,Maison,1,1,1180.0,,Non,Non,490000.0
4956,Westmount,Duplex,4,3,3478.0,2005.0,Oui,Non,1524000.0
4957,Centre-Ville,Triplex,5,3,1863.0,1983.0,Oui,Oui,1091000.0
4958,Centre-Ville,Maison,4,1,708.0,1974.0,Oui,Non,774000.0
4959,Villeray,Condo,4,1,931.0,,Oui,Non,393000.0
4960,Hochelaga,Condo,4,3,2575.0,1984.0,Non,Oui,536000.0
4961,Verdun,Condo,2,2,893.0,2022.0,Non,Oui,350000.0
4962,Villeray,Maison,2,1,3070.0,1977.0,Oui,Non,845000.0
4963,NDG,Duplex,4,1,3002.0,2003.0,Oui,Non,894000.0
4964,Plateau,Maison,2,1,628.0,1961.0,Oui,Oui,544000.0
4965,Rosemont,Condo,2,3,1513.0,1991.0,Oui,Oui,488000.0
4966,Centre-Ville,Condo,1,1,1685.0,1974.0,Oui,Oui,608000.0
4967,NDG,Maison,2,1,2603.0,1983.0,Oui,Oui,897000.0
4968,Centre-Ville,Maison,5,3,561.0,1991.0,Oui,Oui,811000.0
4969,Hochelaga,Condo,4,1,3396.0,1999.0,Non,Oui,681000.0
4970,Plateau,Maison,4,1,2140.0,2013.0,Oui,Oui,1015000.0
4971,Plateau,Triplex,3,2,1047.0,1958.0,Oui,Non,587000.0
4972,Centre-Ville,Condo,2,2,3343.0,2015.0,Non,Non,1046000.0
4973,Outremont,Condo,2,3,3459.0,2000.0,Oui,Non,1099000.0
4974,Ahuntsic,Duplex,2,1,2669.0,1977.0,Non,Oui,734000.0
4975,Villeray,Maison,3,1,3054.0,2018.0,Oui,Oui,968000.0
4976,Hochelaga,Maison,2,3,1645.0,1975.0,Oui,Oui,575000.0
4977,Plateau,Maison,3,2,2703.0,2014.0,Non,Non,1039000.0
4978,NDG,Condo,2,2,2526.0,1997.0,Non,Oui,661000.0
4979,Rosemont,Maison,3,2,1439.0,1970.0,Oui,Non,637000.0
4980,Rosemont,Condo,3,3,3344.0,1951.0,Oui,Non,765000.0
4981,Ahuntsic,Triplex,2,1,1269.0,1962.0,Oui,Oui,543000.0
4982,Rosemont,Condo,3,2,676.0,2007.0,Oui,Oui,373000.0
4983,Centre-Ville,Triplex,3,1,2118.0,2015.0,Non,Non,1025000.0
4984,Villeray,Condo,1,2,1628.0,1966.0,Oui,Oui,441000.0
4985,Plateau,Condo,2,1,554.0,1991.0,Oui,Non,396000.0
4986,Centre-Ville,Condo,3,2,3278.0,2022.0,Oui,Oui,1074000.0
4987,Ahuntsic,Maison,2,1,2522.0,2019.0,Oui,Oui,882000.0
4988,NDG,Maison,4,1,757.0,2015.0,Oui,Oui,647000.0
4989,NDG,Duplex,1,1,3397.0,,Oui,Non,892000.0
4990,Plateau,Maison,1,3,1226.0,2006.0,Oui,Non,661000.0
4991,Plateau,Maison,5,2,1151.0,1969.0,Non,Oui,763000.0
4992,NDG,Triplex,3,3,941.0,1970.0,Oui,Oui,631000.0
4993,Westmount,Maison,3,2,2573.0,1981.0,Oui,Oui,1449000.0
4994,Rosemont,Maison,3,1,2853.0,2005.0,Oui,Non,937000.0
4995,Ahuntsic,Maison,2,2,1553.0,1994.0,Oui,Oui,631000.0
4996,Outremont,Maison,3,1,1665.0,1971.0,Non,Oui,998000.0
4997,Verdun,Condo,2,2,2562.0,1987.0,Non,Non,608000.0
4998,Centre-Ville,Condo,2,3,2308.0,1985.0,Oui,Non,783000.0
4999,Outremont,Condo,2,3,2363.0,1965.0,Oui,Oui,883000.0
5000,Verdun,Duplex,1,1,3154.0,2017.0,Non,Non,730000.0
